IncidentID,AgencyORI,AgencyName,IncidentStatusDesc,County,RdwyNumber,Street,RoadwayName,StreetSfx,StreetDir,IntersectionRdwy,IntersectionRdwyName,BetweenStRdwy1,BetweenStRdwyName1,BetweenStRdwy2,BetweenStRdwyName2,Latitude,Longitude,Milepoint,CollisionDate,CollisionTime,UnitsInvolved,MotorVehiclesInvolved,NumberKilled,NumberInjured,Weather,RdwyConditionCode,HitandRun,DirAnalysisCode,MannerofCollision,RdwyCharacter,LightCondition,RampFromRdwyId,RampToRdwyId,AcceptedDate,IsSecondaryCollision,OwnerBadge,IncidentStatus
32437918,340200,LEXINGTON POLICE DEPARTMENT,Accepted,FAYETTE,US0027,,BROADWAY,,N,,,,KENYON,,BROADWAY,38.06115205,-84.48270313,7.782,11/9/23 0:00,935.0,2,2,0,1,CLOUDY,DRY,False,REAR END IN TRAFFIC LANES BOTH VEHICLES MOVING,REAR END,STRAIGHT & LEVEL,DAYLIGHT,,,11/9/23 12:14,False,59791,Accepted
32441264,150000,BULLITT COUNTY SHERIFF DEPT.,Accepted,BULLITT,I 0065,,I65 NB,,,,,I 0065,I65 TURN AROUND107,I 0065,I65 TURN AROUND109,37.87430505,-85.70276372,108.122,11/9/23 0:00,1505.0,2,2,0,0,CLEAR,DRY,True,OTHER COLLISIONS ON SHOULDER,SIDESWIPE-SAME DIRECTION,STRAIGHT & LEVEL,DAYLIGHT,,,11/10/23 6:40,False,1170,Accepted
32440169,150000,BULLITT COUNTY SHERIFF DEPT.,Accepted,BULLITT,I 0065,,I65 NB,,,,,,,,,37.88349662,-85.69986183,108.775,11/9/23 0:00,1330.0,1,1,0,0,CLOUDY,DRY,False,OTHER ROADWAY OR MID-BLOCK COLLISION,SINGLE VEHICLE,STRAIGHT & LEVEL,DAYLIGHT,,,11/9/23 21:32,False,1250,Accepted
32510737,KSP0600,KY STATE POLICE POST 06,Accepted,GRANT,I 0075,,I75 N,,,,,,,,,38.79078195,-84.60468822,166.139,11/8/23 0:00,650.0,4,4,0,1,CLEAR,DRY,False,REAR END IN TRAFFIC LANES BOTH VEHICLES MOVING,REAR END,STRAIGHT & LEVEL,DAWN,,,11/27/23 16:56,False,439,Accepted
32432483,260100,MANCHESTER POLICE DEPARTMENT,Accepted,CLAY,US0421,1446,US421,,S,,,,,,,37.13723316,-83.76455758,16.67,11/7/23 0:00,943.0,2,2,0,0,CLOUDY,DRY,False,COLLISION IN PARKING LOT,BACKING,STRAIGHT & LEVEL,DAYLIGHT,,,11/8/23 9:55,False,103,Accepted
32432603,1140100,BOWLING GREEN POLICE,Accepted,WARREN,,,NATCHEZ TRACE,AVE,,,,KY0880,LOVERS,, NEW TOWN ,36.96803973,-86.40197279,,11/7/23 0:00,901.0,2,2,0,0,CLEAR,DRY,False,VEHICLE BACKING NON INTERSECTION,BACKING,STRAIGHT & LEVEL,DAYLIGHT,,,11/8/23 10:12,False,253,Accepted
32429596,100100,ASHLAND POLICE DEPARTMENT,Accepted,BOYD,US0023,,WINCHESTER,AVE,,,,,,,,38.44977759,-82.61235858,15.667,11/7/23 0:00,1123.0,2,2,0,3,CLOUDY,DRY,False,1 VEHICLE ENTERING/LEAVING ENTRANCE,ANGLE,STRAIGHT & LEVEL,DAYLIGHT,,,11/7/23 18:03,False,8025,Accepted
32454310,KSP0400,KY STATE POLICE POST 04,Accepted,HARDIN,US0031W,,DIXIE,HWY,S,,,,,,,37.59476763,-85.86419478,9.541,11/7/23 0:00,1005.0,2,2,0,0,CLEAR,DRY,False,OTHER ROADWAY OR MID-BLOCK COLLISION,REAR END,STRAIGHT & LEVEL,DAYLIGHT,,,11/13/23 18:12,False,511,Accepted
32429173,340200,LEXINGTON POLICE DEPARTMENT,Accepted,FAYETTE,KY1973,,IRON WORKS,PIKE,,,,,MT HOREB,KY0922,NEWTOWN,38.13162784,-84.4856265,19.122,11/7/23 0:00,1030.0,2,2,0,0,CLOUDY,DRY,False,SIDESWIPE COLLISION - OPPOSITE DIRECTION,SIDESWIPE-OPPOSITE DIRECTION,CURVE & HILLCREST,DAYLIGHT,,,11/7/23 16:21,False,56412,Accepted
32426809,930400,OLDHAM COUNTY POLICE DEPT.,Accepted,OLDHAM,I 0071,,I71 N,,,,,I 0071,I71 N REST AREA13 ON RAMP,I 0071,I71 N REST AREA13 OFF RAMP,38.33845937,-85.5163888,13.001,11/6/23 0:00,1515.0,2,2,0,0,CLEAR,DRY,True,SIDESWIPE COLLISION - SAME DIRECTION,SIDESWIPE-SAME DIRECTION,STRAIGHT & GRADE,DAYLIGHT,,,11/7/23 7:46,False,3105,Accepted
32432575,110100,DANVILLE POLICE DEPARTMENT,Accepted,BOYLE,US0150B,,DANVILLE,BYP,S,,,,,,,37.62074882,-84.75359742,1.168,11/6/23 0:00,1512.0,2,2,0,0,CLEAR,DRY,False,REAR END IN TRAFFIC LANES BOTH VEHICLES MOVING,REAR END,STRAIGHT & LEVEL,DAYLIGHT,,,11/8/23 10:07,False,505,Accepted
32430710,150000,BULLITT COUNTY SHERIFF DEPT.,Accepted,BULLITT,I 0065,,I65 N,,,,,,,,,37.85760457,-85.7079795,106.925,11/6/23 0:00,2016.0,2,2,0,2,CLEAR,DRY,False,OTHER ROADWAY OR MID-BLOCK COLLISION,REAR TO REAR,STRAIGHT & LEVEL,DARK (UNKNOWN ROADWAY LIGHTING),,,11/8/23 0:45,False,1284,Accepted
32441188,100100,ASHLAND POLICE DEPARTMENT,Accepted,BOYD,US0023X,1400 BLOCK,WINCHESTER,AVE,,,,,,,,38.47976786,-82.64170776,1.462,11/5/23 0:00,2325.0,1,1,0,0,CLEAR,DRY,False,OTHER ROADWAY OR MID-BLOCK COLLISION,SINGLE VEHICLE,STRAIGHT & LEVEL,DARK-HWY LIGHTED/ON,,,11/10/23 5:56,False,2080,Accepted
32421993,568000,LOUISVILLE METRO POLICE DEPT,Accepted,JEFFERSON,I 0265,,I265 NB,,,,,I 0064,I64 WB EXIT19B RAMP TO I265 NB,I 0064,I265 NB EXIT25A RAMP TO I64 EB,38.22150129,-85.50560788,25.395,11/4/23 0:00,2232.0,2,2,0,0,CLEAR,DRY,True,REAR END IN TRAFFIC LANES BOTH VEHICLES MOVING,REAR END,STRAIGHT & LEVEL,DARK-HWY NOT LIGHTED,,,11/6/23 8:45,False,5530,Accepted
32422479,810000,MASON COUNTY SHERIFF,Accepted,MASON,US0068,,US68,,,,,,,,,38.56717474,-83.82404456,8.354,11/4/23 0:00,1245.0,2,2,0,0,CLEAR,DRY,False,OTHER ROADWAY OR MID-BLOCK COLLISION,REAR END,STRAIGHT & LEVEL,DAYLIGHT,,,11/6/23 9:50,False,64,Accepted
32416528,590300,ERLANGER POLICE DEPARTMENT,Accepted,KENTON,I 0075,,,,,,,,,,,39.0325545,-84.59160893,0.134,11/3/23 0:00,1159.0,2,2,0,0,CLEAR,DRY,False,OTHER RAMP RELATED COLLISIONS NOT LISTED ABOVE,REAR END,CURVE & LEVEL,DAYLIGHT,I 0275,I 0075,11/4/23 16:36,False,180,Accepted
32433173,260000,CLAY COUNTY SHERIFF DEPT.,Accepted,CLAY,US0421,,US421,,S,,,,,,,37.12661411,-83.75125136,15.59,11/3/23 0:00,740.0,2,2,0,0,CLEAR,DRY,False,OTHER ROADWAY OR MID-BLOCK COLLISION,REAR END,STRAIGHT & LEVEL,DAWN,,,11/8/23 12:32,False,1102,Accepted
32416523,590300,ERLANGER POLICE DEPARTMENT,Accepted,KENTON,I 0275,,I275 W,,,,,,,,,39.03075805,-84.58175595,82.78,11/3/23 0:00,1149.0,2,2,0,0,CLEAR,DRY,False,REAR END IN TRAFFIC LANES BOTH VEHICLES MOVING,REAR END,STRAIGHT & LEVEL,DAYLIGHT,,,11/4/23 16:35,False,180,Accepted
32422716,KSP0800,KY STATE POLICE POST 08,Accepted,ROWAN,I 0064,,I64 E,,,,,,,,,38.23864888,-83.43850383,141.269,11/3/23 0:00,1134.0,2,2,0,0,CLEAR,DRY,False,REAR END IN TRAFFIC LANES BOTH VEHICLES MOVING,REAR END,CURVE & LEVEL,DAYLIGHT,,,11/6/23 10:25,False,363,Accepted
32513394,1060000,SHELBY COUNTY SHERIFF DEPT.,Accepted,SHELBY,KY0053,,LAGRANGE,RD,,KY0362,AIKEN,,,,,38.29142505,-85.26650093,13.786,11/3/23 0:00,105.0,1,1,0,0,CLOUDY,DRY,True,OTHER INTERSECTION COLLISIONS,SINGLE VEHICLE,STRAIGHT & GRADE,DARK-HWY NOT LIGHTED,,,11/28/23 9:50,False,10,Accepted
32412802,150000,BULLITT COUNTY SHERIFF DEPT.,Accepted,BULLITT,I 0065,,I65 NB,,,,,,,,,37.83906935,-85.71643732,105.551,11/3/23 0:00,705.0,2,2,0,0,CLEAR,DRY,False,SIDESWIPE COLLISION - SAME DIRECTION,SIDESWIPE-SAME DIRECTION,STRAIGHT & LEVEL,DARK-HWY LIGHTED/OFF,,,11/3/23 14:36,False,1250,Accepted
32452476,370200,KY STATE POLICE CVE,Accepted,ROCKCASTLE,I 0075,,I75 N,,,,,,,,,37.33608224,-84.30527205,58.559,11/2/23 0:00,1100.0,2,2,0,0,CLEAR,DRY,False,SIDESWIPE COLLISION - SAME DIRECTION,SIDESWIPE-SAME DIRECTION,STRAIGHT & GRADE,DAYLIGHT,,,11/13/23 12:03,False,C-355,Accepted
32411327,510000,HENDERSON COUNTY SHERIFF DEPT.,Accepted,HENDERSON,US0041,,US41,,N,,,,,,,37.9083603,-87.5498999,19.941,11/1/23 0:00,2040.0,2,2,0,0,CLEAR,DRY,False,SIDESWIPE COLLISION - SAME DIRECTION,SIDESWIPE-SAME DIRECTION,STRAIGHT & LEVEL,DARK-HWY NOT LIGHTED,,,11/3/23 9:42,False,140,Accepted
32403666,590300,ERLANGER POLICE DEPARTMENT,Accepted,KENTON,I 0275,,I275 W,,,,,,,,,39.03208535,-84.58866457,83.163,11/1/23 0:00,1555.0,2,2,0,0,CLOUDY,DRY,False,REAR END IN TRAFFIC LANES BOTH VEHICLES MOVING,REAR END,STRAIGHT & LEVEL,DAYLIGHT,,,11/1/23 16:59,False,141,Accepted
32438435,561000,JEFFERSONTOWN POLICE DEPT,Accepted,JEFFERSON,KY1747,,HURSTBOURNE,PKWY,S,,SEATON SPRINGS,,,,,38.23625422,-85.5771094,12.804,11/1/23 0:00,1000.0,2,2,0,0,CLEAR,DRY,False,OTHER INTERSECTION COLLISIONS,REAR END,STRAIGHT & LEVEL,DAYLIGHT,,,11/9/23 14:03,False,8318,Accepted
33177844,KSP1300,KY STATE POLICE POST 13,Accepted,KNOTT,KY0015,,SMITHBORO,RD,,,,,,,,37.22998466,-83.00990591,6.392,10/31/23 0:00,1635.0,3,3,0,4,CLEAR,DRY,False,OTHER ROADWAY OR MID-BLOCK COLLISION,REAR END,STRAIGHT & LEVEL,DAYLIGHT,,,4/30/24 10:54,False,625,Accepted
32398849,80000,BOONE COUNTY SHERIFF DEPT.,Accepted,BOONE,I 0275,,I275 W,,,,,,,,,39.06304295,-84.64384668,3.149,10/30/23 0:00,1923.0,2,2,0,0,CLEAR,DRY,True,SIDESWIPE COLLISION - SAME DIRECTION,SIDESWIPE-SAME DIRECTION,,DARK-HWY LIGHTED/ON,,,10/31/23 16:16,False,3766,Accepted
32398850,80000,BOONE COUNTY SHERIFF DEPT.,Accepted,BOONE,I 0275,,I275 W,,,,,I 0275,I275 W EXIT2 ON RAMP FROM  MINEOLA PIKE,I 0275,I275 W EXIT4A OFF RAMP TO KY212,39.06151309,-84.64266332,3.032,10/30/23 0:00,1834.0,1,1,0,0,CLOUDY,DRY,False,OTHER ROADWAY OR MID-BLOCK COLLISION,SINGLE VEHICLE,STRAIGHT & LEVEL,DARK-HWY NOT LIGHTED,,,10/31/23 16:17,False,3746,Accepted
32393451,591000,LAKESIDE PK/CRESTVIEW HILLS PD,Accepted,KENTON,I 0275,,I275 W,,,,,,,,,39.03033234,-84.58064767,82.714,10/27/23 0:00,1321.0,3,3,0,0,CLEAR,DRY,False,SIDESWIPE COLLISION - SAME DIRECTION,SIDESWIPE-SAME DIRECTION,STRAIGHT & GRADE,DAYLIGHT,,,10/30/23 13:22,False,1433,Accepted
32391483,340200,LEXINGTON POLICE DEPARTMENT,Accepted,FAYETTE,I 0075,,I75 N,,,,,I 0075,I75 N EXIT113 ON RAMP FROM US27,I 0075,I75 N EXIT115 OFF RAMP TO  NEWTOWN PIKE,38.08728669,-84.46464304,113.813,10/27/23 0:00,555.0,2,2,0,0,CLEAR,DRY,False,SIDESWIPE COLLISION - SAME DIRECTION,SIDESWIPE-SAME DIRECTION,CURVE & LEVEL,DARK-HWY LIGHTED/ON,,,10/30/23 5:55,False,42810,Accepted
32393448,591000,LAKESIDE PK/CRESTVIEW HILLS PD,Accepted,KENTON,I 0275,,I275 W,,,,,,,,,39.03116784,-84.58281292,82.843,10/27/23 0:00,735.0,2,2,0,0,RAINING,WET,False,SIDESWIPE COLLISION - SAME DIRECTION,SIDESWIPE-SAME DIRECTION,STRAIGHT & GRADE,DAWN,,,10/30/23 13:21,False,1433,Accepted
32409749,KSP0600,KY STATE POLICE POST 06,Accepted,GRANT,I 0075,,I75 N,,,,,,,,,38.79090412,-84.60462931,166.15,10/27/23 0:00,800.0,2,2,0,0,CLOUDY,WET,False,SIDESWIPE COLLISION - SAME DIRECTION,SIDESWIPE-SAME DIRECTION,STRAIGHT & GRADE,DAYLIGHT,,,11/2/23 23:20,False,960,Accepted
32452729,150200,LEBANON JUNCTION POLICE DEPT.,Accepted,BULLITT,I 0065,,,,,,,,,,,37.8321549,-85.71792322,0.406,10/27/23 0:00,650.0,2,2,0,0,RAINING,WET,False,OTHER RAMP RELATED COLLISIONS NOT LISTED ABOVE,REAR END,CURVE & GRADE,DAYLIGHT,KY0061,I 0065,11/13/23 13:05,False,601,Accepted
32389750,590300,ERLANGER POLICE DEPARTMENT,Accepted,KENTON,I 0275,,I275 W,,,,,,,,,39.04587961,-84.61587186,1.188,10/27/23 0:00,758.0,2,2,0,0,RAINING,WATER (STANDING OR MOVING),False,OTHER ROADWAY OR MID-BLOCK COLLISION,REAR END,STRAIGHT & LEVEL,DAYLIGHT,,,10/29/23 14:35,False,123,Accepted
32397555,591000,LAKESIDE PK/CRESTVIEW HILLS PD,Accepted,KENTON,I 0275,,I275 E,,,,,,,,,39.03064648,-84.58199011,82.784,10/27/23 0:00,1743.0,2,2,0,0,CLOUDY,DRY,False,REAR END IN TRAFFIC LANES BOTH VEHICLES MOVING,REAR END,STRAIGHT & LEVEL,DAYLIGHT,,,10/31/23 11:35,False,1430,Accepted
32389379,540000,HOPKINS COUNTY SHERIFF DEPT.,Accepted,HOPKINS,US0062,,GREENVILLE,RD,,,,EB9004,EB9004 S EXIT33 ON RAMP FROM US62 W,,ROLLING HILLS,37.19288553,-87.4445757,15.532,10/26/23 0:00,745.0,3,3,0,0,CLEAR,DRY,False,OTHER ROADWAY OR MID-BLOCK COLLISION,REAR END,STRAIGHT & LEVEL,DAYLIGHT,,,10/29/23 8:36,True,302,Accepted
32392281,568000,LOUISVILLE METRO POLICE DEPT,Accepted,JEFFERSON,I 0265,,I265 NB,,,,,,,,,38.26572803,-85.50130997,28.457,10/26/23 0:00,1339.0,2,2,0,0,CLEAR,DRY,True,SIDESWIPE COLLISION - SAME DIRECTION,SIDESWIPE-SAME DIRECTION,STRAIGHT & LEVEL,DAYLIGHT,,,10/30/23 9:45,False,8461,Accepted
32381265,590300,ERLANGER POLICE DEPARTMENT,Accepted,KENTON,I 0275,,I275 W,,,,,,,,,39.03197547,-84.587386,83.094,10/26/23 0:00,1337.0,1,1,0,0,CLEAR,DRY,False,COLLISION WITH FIXED OBJECT NON - INTERSECTION - FIRST EVENT COLLISION 09 - 32 EXCLUDING 16,SINGLE VEHICLE,STRAIGHT & LEVEL,DAYLIGHT,,,10/26/23 23:02,False,180,Accepted
32379527,510100,HENDERSON POLICE DEPARTMENT,Accepted,HENDERSON,US0041,,US41,,N,,,,,,,37.82839413,-87.56675756,13.925,10/25/23 0:00,1059.0,2,2,0,0,CLEAR,DRY,False,SIDESWIPE COLLISION - SAME DIRECTION,SIDESWIPE-SAME DIRECTION,STRAIGHT & LEVEL,DAYLIGHT,,,10/26/23 14:20,False,19,Accepted
32376954,340200,LEXINGTON POLICE DEPARTMENT,Accepted,FAYETTE,I 0075,,I75 N,,,,,,,,,38.0271866,-84.41617986,108.686,10/25/23 0:00,1908.0,2,2,0,0,CLEAR,DRY,False,REAR END IN TRAFFIC LANES BOTH VEHICLES MOVING,REAR END,STRAIGHT & LEVEL,DARK-HWY NOT LIGHTED,,,10/26/23 0:27,False,59456,Accepted
32393444,591000,LAKESIDE PK/CRESTVIEW HILLS PD,Accepted,KENTON,I 0275,,I275 W,,,,,,,,,39.02991254,-84.5799205,82.666,10/25/23 0:00,1631.0,2,2,0,0,CLEAR,DRY,False,REAR END IN TRAFFIC LANES BOTH VEHICLES MOVING,REAR END,STRAIGHT & GRADE,DAYLIGHT,,,10/30/23 13:21,False,1433,Accepted
32382594,420000,GRAVES COUNTY SHERIFF DEPT.,Accepted,GRAVES,JC9003,,JC9003 SB,,,,,,,,,36.68657167,-88.72905275,16.785,10/24/23 0:00,2215.0,1,1,0,0,CLEAR,DRY,False,COLLISION WITH FIXED OBJECT NON - INTERSECTION - FIRST EVENT COLLISION 09 - 32 EXCLUDING 16,SINGLE VEHICLE,CURVE & LEVEL,DARK-HWY NOT LIGHTED,,,10/27/23 7:49,False,7,Accepted
32380923,930400,OLDHAM COUNTY POLICE DEPT.,Accepted,OLDHAM,I 0071,,I71 S,,,,,I 0071,I71 S EXIT22 ON RAMP FROM KY53,I 0071,I71 S EXIT19 OFF RAMP TO KY393,38.39070489,-85.39541157,20.489,10/24/23 0:00,709.0,4,4,0,1,CLEAR,DRY,False,OTHER COLLISIONS ON SHOULDER,SIDESWIPE-SAME DIRECTION,STRAIGHT & LEVEL,DARK-HWY NOT LIGHTED,,,10/26/23 20:22,False,3105,Accepted
32373859,470000,HARDIN COUNTY SHERIFF DEPT.,Accepted,HARDIN,KY0210,4181,HODGENVILLE,RD,,,,,,,,37.6240572,-85.80011424,4.253,10/24/23 0:00,959.0,1,1,0,0,CLEAR,DRY,False,OTHER ROADWAY OR MID-BLOCK COLLISION,SINGLE VEHICLE,STRAIGHT & GRADE,DAYLIGHT,,,10/25/23 11:02,False,Unit 8,Accepted
32366984,340200,LEXINGTON POLICE DEPARTMENT,Accepted,FAYETTE,,1099,REDWOOD,DR,,,,,REDWOOD,,REDWOOD,38.08267386,-84.50440211,0.28,10/23/23 0:00,1315.0,2,2,0,0,CLEAR,DRY,False,1 VEHICLE PARKED POSITION (NOT PARKING LOT/DRIVEWAY),SIDESWIPE-SAME DIRECTION,CURVE & LEVEL,DAYLIGHT,,,10/23/23 22:32,False,56412,Accepted
32372025,150000,BULLITT COUNTY SHERIFF DEPT.,Accepted,BULLITT,I 0065,,I65 N,,,,,,,,,37.91451535,-85.68717052,111.079,10/22/23 0:00,1135.0,2,2,0,0,CLEAR,DRY,False,SIDESWIPE COLLISION - SAME DIRECTION,SIDESWIPE-SAME DIRECTION,STRAIGHT & LEVEL,DAYLIGHT,,,10/25/23 0:08,False,1284,Accepted
32363055,340200,LEXINGTON POLICE DEPARTMENT,Accepted,FAYETTE,I 0075,,I75 S,,,,,,,,,38.0894579,-84.46744556,114.031,10/22/23 0:00,44.0,1,1,0,0,CLEAR,DRY,False,OTHER COLLISIONS ON SHOULDER,SINGLE VEHICLE,STRAIGHT & LEVEL,DARK-HWY LIGHTED/ON,,,10/23/23 7:09,False,44376,Accepted
32392704,510100,HENDERSON POLICE DEPARTMENT,Accepted,HENDERSON,US0041,,US41,,N,,,US0041,US41 CROSSOVER,US0041,US41 RAMP KY351,37.83475683,-87.56545947,14.385,10/22/23 0:00,1537.0,1,1,0,0,CLEAR,DRY,False,OTHER ROADWAY OR MID-BLOCK COLLISION,SINGLE VEHICLE,STRAIGHT & LEVEL,DAYLIGHT,,,10/30/23 10:27,False,34,Accepted
32365064,150000,BULLITT COUNTY SHERIFF DEPT.,Accepted,BULLITT,I 0065,,I65 NB,,,,,I 0065,I65 NB EXIT105 ON RAMP FROM KY61,I 0065,I65 TURN AROUND107,37.86004849,-85.70726483,107.1,10/22/23 0:00,1325.0,2,2,0,0,CLEAR,DRY,False,REAR END IN TRAFFIC LANES BOTH VEHICLES MOVING,REAR END,STRAIGHT & LEVEL,DAYLIGHT,,,10/23/23 13:16,False,1248,Accepted
32372030,150000,BULLITT COUNTY SHERIFF DEPT.,Accepted,BULLITT,I 0065,,I65 N,,,,,,,,,37.86132053,-85.70686343,107.192,10/22/23 0:00,1430.0,3,3,0,0,CLEAR,DRY,False,REAR END IN TRAFFIC LANES BOTH VEHICLES MOVING,REAR END,STRAIGHT & LEVEL,DAYLIGHT,,,10/25/23 0:08,False,1284,Accepted
32439131,470000,HARDIN COUNTY SHERIFF DEPT.,Accepted,HARDIN,I 0065,,I65 N,,,,,,,,,37.81115923,-85.74090001,103.127,10/22/23 0:00,1434.0,2,2,0,0,CLEAR,DRY,False,OTHER ROADWAY OR MID-BLOCK COLLISION,REAR END,STRAIGHT & LEVEL,DAYLIGHT,,,11/9/23 16:04,False,958,Accepted
32363448,568000,LOUISVILLE METRO POLICE DEPT,Accepted,JEFFERSON,KY1447,,WESTPORT,RD,,,,,,,,38.26521023,-85.62425009,1.96,10/22/23 0:00,2115.0,2,2,0,0,CLEAR,DRY,False,1 VEHICLE ENTERING/LEAVING ENTRANCE,ANGLE,STRAIGHT & LEVEL,DARK-HWY LIGHTED/ON,,,10/23/23 8:10,False,2976,Accepted
32360325,150000,BULLITT COUNTY SHERIFF DEPT.,Accepted,BULLITT,I 0065,111MM,I65 NB,,,,,I 0065,I65 TURN AROUND109,I 0065,I65 NB EXIT112 OFF RAMP TO KY245,37.91009786,-85.68904705,110.761,10/21/23 0:00,1756.0,2,2,0,1,CLEAR,DRY,False,REAR END IN TRAFFIC LANES BOTH VEHICLES MOVING,REAR END,STRAIGHT & LEVEL,DAYLIGHT,,,10/22/23 9:24,False,1182,Accepted
32364521,190400,FT. THOMAS POLICE DEPARTMENT,Accepted,CAMPBELL,I 0471,,I471 S,,,,,,,,,39.07360114,-84.46518899,2.334,10/21/23 0:00,1305.0,2,2,0,0,CLEAR,DRY,False,REAR END IN TRAFFIC LANES BOTH VEHICLES MOVING,REAR END,CURVE & LEVEL,DAYLIGHT,,,10/23/23 11:48,False,4450,Accepted
32391768,240000,CHRISTIAN COUNTY SHERIFF OFFICE,Accepted,CHRISTIAN,I 0024,78MM,I24 W,,,,,,,,,36.8261258,-87.65539807,71.302,10/21/23 0:00,1127.0,2,2,0,0,CLEAR,DRY,False,REAR END IN TRAFFIC LANES BOTH VEHICLES MOVING,REAR END,STRAIGHT & LEVEL,DAYLIGHT,,,10/30/23 7:59,False,631,Accepted
32359943,590300,ERLANGER POLICE DEPARTMENT,Accepted,KENTON,I 0075,,,,,,,,,,,39.03235841,-84.59035258,0.065,10/21/23 0:00,1213.0,2,2,0,0,CLEAR,DRY,False,OTHER RAMP RELATED COLLISIONS NOT LISTED ABOVE,SIDESWIPE-SAME DIRECTION,STRAIGHT & LEVEL,DAYLIGHT,I 0275,I 0075,10/22/23 4:58,False,180,Accepted
32365443,370200,KY STATE POLICE CVE,Accepted,HENDERSON,US0041,,US41,,N,,,,,,,37.89542628,-87.55429064,18.995,10/20/23 0:00,1330.0,2,2,0,0,CLEAR,DRY,False,SIDESWIPE COLLISION - SAME DIRECTION,SIDESWIPE-SAME DIRECTION,STRAIGHT & GRADE,DAYLIGHT,,,10/23/23 14:41,False,C-356,Accepted
32369454,470000,HARDIN COUNTY SHERIFF DEPT.,Accepted,HARDIN,I 0065,,I65 S,,,,,,,,,37.60391777,-85.86719594,86.231,10/20/23 0:00,724.0,1,1,0,0,CLEAR,WET,False,OTHER ROADWAY OR MID-BLOCK COLLISION,SINGLE VEHICLE,STRAIGHT & LEVEL,DAWN,,,10/24/23 11:57,False,977,Accepted
32439140,470000,HARDIN COUNTY SHERIFF DEPT.,Accepted,HARDIN,I 0065,,I65 S,,,,,,,,,37.60028969,-85.86796575,85.98,10/20/23 0:00,725.0,1,1,0,0,CLOUDY,WET,False,OTHER COLLISIONS ON SHOULDER,SINGLE VEHICLE,STRAIGHT & LEVEL,DARK-HWY NOT LIGHTED,,,11/9/23 16:04,False,958,Accepted
32373479,1060000,SHELBY COUNTY SHERIFF DEPT.,Accepted,SHELBY,KY0053,,LAGRANGE,RD,,,,KY0362,AIKEN,,FOX RUN,38.28308849,-85.26139454,13.146,10/20/23 0:00,1845.0,2,2,0,0,CLOUDY,DRY,False,REAR END IN TRAFFIC LANES BOTH VEHICLES MOVING,REAR END,STRAIGHT & HILLCREST,DUSK,,,10/25/23 9:26,False,10,Accepted
32364503,240100,HOPKINSVILLE POLICE DEPARTMENT,Accepted,CHRISTIAN,KY1682,,DR MARTIN LUTHER KING JR,WAY,,,,EB9004,EB9004 S EXIT12 ON RAMP FROM KY1682,EB9004,EB9004 N EXIT12 OFF RAMP TO KY1682 W,36.89463454,-87.46846586,5.002,10/19/23 0:00,1645.0,2,2,0,0,CLEAR,DRY,False,REAR END IN TRAFFIC LANES BOTH VEHICLES MOVING,REAR END,STRAIGHT & LEVEL,DAYLIGHT,,,10/23/23 11:44,False,448A,Accepted
32353899,568000,LOUISVILLE METRO POLICE DEPT,Accepted,JEFFERSON,I 0265,,I265 N,,,,,,,,,38.22176413,-85.50572969,25.411,10/19/23 0:00,1900.0,2,2,0,1,RAINING,WET,False,REAR END IN TRAFFIC LANES BOTH VEHICLES MOVING,REAR END,STRAIGHT & LEVEL,DARK-HWY LIGHTED/ON,,,10/20/23 7:57,False,5259,Accepted
32391245,260000,CLAY COUNTY SHERIFF DEPT.,Accepted,CLAY,US0421,,US421,,S,,,,,,,37.12823123,-83.75379312,15.77,10/19/23 0:00,656.0,2,1,0,1,CLOUDY,DRY,False,1 VEHICLE ENTERING/LEAVING ENTRANCE,ANGLE,STRAIGHT & LEVEL,DAWN,,,10/30/23 3:03,False,1102,Accepted
32353634,150100,SHEPHERDSVILLE POLICE DEPT.,Accepted,BULLITT,I 0065,,I65 S,,,,,I 0065,I65 S EXIT112 OFF RAMP TO KY245,I 0065,I65 S REST AREA113 ON RAMP,37.93309029,-85.68829293,112.342,10/19/23 0:00,1600.0,2,2,0,0,CLOUDY,WET,False,OTHER ROADWAY OR MID-BLOCK COLLISION,REAR END,STRAIGHT & LEVEL,DAYLIGHT,,,10/20/23 6:44,False,76,Accepted
32360434,510100,HENDERSON POLICE DEPARTMENT,Accepted,HENDERSON,,,US HWY 41,,,,,,,,,37.82565259,-87.56616421,,10/19/23 0:00,1350.0,2,2,0,0,CLEAR,DRY,False,OTHER ROADWAY OR MID-BLOCK COLLISION,REAR END,CURVE & LEVEL,DAYLIGHT,,,10/22/23 10:49,False,82,Accepted
32354292,80000,BOONE COUNTY SHERIFF DEPT.,Accepted,BOONE,I 0275,,I275 W,,,,,,,,,39.06655407,-84.6462673,3.413,10/19/23 0:00,700.0,2,2,0,0,CLEAR,DRY,False,OTHER ROADWAY OR MID-BLOCK COLLISION,REAR END,STRAIGHT & LEVEL,DAWN,,,10/20/23 9:59,False,3717,Accepted
32357022,30000,ANDERSON COUNTY SHERIFF DEPT.,Accepted,ANDERSON,BG9002,,BG9002 E,,,,,,,,,37.91039965,-85.04030308,48.62,10/19/23 0:00,2230.0,1,1,0,0,RAINING,WET,False,OTHER COLLISIONS ON SHOULDER,SINGLE VEHICLE,STRAIGHT & LEVEL,DARK-HWY NOT LIGHTED,,,10/21/23 1:35,False,223,Accepted