IncidentID,AgencyORI,AgencyName,IncidentStatusDesc,County,RdwyNumber,Street,RoadwayName,StreetSfx,StreetDir,IntersectionRdwy,IntersectionRdwyName,BetweenStRdwy1,BetweenStRdwyName1,BetweenStRdwy2,BetweenStRdwyName2,Latitude,Longitude,Milepoint,CollisionDate,CollisionTime,UnitsInvolved,MotorVehiclesInvolved,NumberKilled,NumberInjured,Weather,RdwyConditionCode,HitandRun,DirAnalysisCode,MannerofCollision,RdwyCharacter,LightCondition,RampFromRdwyId,RampToRdwyId,AcceptedDate,IsSecondaryCollision,OwnerBadge,IncidentStatus
32363135,420000,GRAVES COUNTY SHERIFF DEPT.,Accepted,GRAVES,JC9003,,JC9003 SB,,,,,,,,,36.6864165,-88.72923349,16.771,10/19/23 0:00,2110.0,1,1,0,0,CLEAR,DRY,False,OTHER ROADWAY OR MID-BLOCK COLLISION,SINGLE VEHICLE,CURVE & LEVEL,DARK-HWY NOT LIGHTED,,,10/23/23 7:38,False,7,Accepted
32364970,250000,CLARK COUNTY SHERIFF DEPT.,Accepted,CLARK,I 0064,,I64 E,,,,,,,,,38.0197415,-84.14759766,97.762,10/19/23 0:00,1607.0,2,2,0,0,CLEAR,DRY,False,SIDESWIPE COLLISION - SAME DIRECTION,SIDESWIPE-SAME DIRECTION,STRAIGHT & LEVEL,DAYLIGHT,,,10/23/23 13:05,False,626,Accepted
32462432,150200,LEBANON JUNCTION POLICE DEPT.,Accepted,BULLITT,I 0065,,I65 N,,,,,,,,,37.83236514,-85.71794239,105.069,10/19/23 0:00,2135.0,2,2,0,0,RAINING,WET,True,SIDESWIPE COLLISION - SAME DIRECTION,SIDESWIPE-SAME DIRECTION,STRAIGHT & LEVEL,DARK-HWY NOT LIGHTED,,,11/15/23 9:56,False,604,Accepted
32363910,KSP1600,KY STATE POLICE POST 16,Accepted,HENDERSON,US0041,,US41,,N,,,,,,,37.9160988,-87.54857671,20.493,10/19/23 0:00,1700.0,2,2,0,0,CLOUDY,DRY,False,SIDESWIPE COLLISION - SAME DIRECTION,SIDESWIPE-SAME DIRECTION,CURVE & LEVEL,DUSK,,,10/23/23 9:46,False,690,Accepted
32345810,150000,BULLITT COUNTY SHERIFF DEPT.,Accepted,BULLITT,I 0065,,I65 SB,,,,,I 0065,I65 TURN AROUND107,I 0065,I65 TURN AROUND109,37.89055034,-85.69956257,109.264,10/18/23 0:00,638.0,2,2,0,0,CLEAR,DRY,False,SIDESWIPE COLLISION - SAME DIRECTION,SIDESWIPE-SAME DIRECTION,STRAIGHT & LEVEL,DARK-HWY NOT LIGHTED,,,10/18/23 13:42,False,1113,Accepted
32346637,100100,ASHLAND POLICE DEPARTMENT,Accepted,BOYD,US0023,,WINCHESTER,AVE,,,41ST,,,,,38.45305567,-82.61259344,15.897,10/18/23 0:00,1410.0,2,2,0,0,CLOUDY,DRY,False,SIDESWIPE-SAME DIRECTION,SIDESWIPE-SAME DIRECTION,STRAIGHT & LEVEL,DAYLIGHT,,,10/18/23 16:17,False,8020,Accepted
32363923,240000,CHRISTIAN COUNTY SHERIFF OFFICE,Accepted,CHRISTIAN,EB9004,,,,,,,,,,,36.84706937,-87.46120793,0.22,10/18/23 0:00,1609.0,2,2,0,0,CLEAR,DRY,False,OTHER RAMP RELATED COLLISIONS NOT LISTED ABOVE,REAR END,STRAIGHT & LEVEL,DAYLIGHT,US0041,EB9004,10/23/23 9:47,False,618,Accepted
32349024,568000,LOUISVILLE METRO POLICE DEPT,Accepted,JEFFERSON,I 0265,,I265 EB,,,,,,,,,38.21086609,-85.50661807,24.658,10/18/23 0:00,706.0,3,3,0,0,CLEAR,DRY,False,OTHER ROADWAY OR MID-BLOCK COLLISION,REAR END,STRAIGHT & GRADE,DARK (UNKNOWN ROADWAY LIGHTING),,,10/19/23 7:35,False,5228,Accepted
33162113,KSP0900,KY STATE POLICE POST 09,Accepted,MAGOFFIN,KY9009,,KY9009,,,,,,,,,37.73626669,-83.09958376,72.436,10/18/23 0:00,1944.0,2,1,1,0,CLEAR,DRY,False,HEAD-ON COLLISION,HEAD ON,STRAIGHT & LEVEL,DARK-HWY LIGHTED/ON,,,4/26/24 7:55,True,269,Accepted
32373806,250000,CLARK COUNTY SHERIFF DEPT.,Accepted,CLARK,I 0064,,I64 W,,,,,,,,,38.01790788,-84.15429445,97.353,10/18/23 0:00,1124.0,3,1,0,0,CLEAR,DRY,False,REAR END IN TRAFFIC LANES BOTH VEHICLES MOVING,REAR END,STRAIGHT & LEVEL,DAYLIGHT,,,10/25/23 10:47,False,617,Accepted
32343615,80000,BOONE COUNTY SHERIFF DEPT.,Accepted,BOONE,KY3147,,OHARA,RD,,KY0236,DONALDSON,,,,,39.03911608,-84.63657125,0.588,10/17/23 0:00,902.0,2,2,0,0,CLOUDY,WET,False,ANGLE COLLISION - OTHER,ANGLE,STRAIGHT & LEVEL,DAYLIGHT,,,10/18/23 4:13,False,3726,Accepted
32349016,568000,LOUISVILLE METRO POLICE DEPT,Accepted,JEFFERSON,,,HIKES,LN,,,DOWNING,,,,,38.20263821,-85.6542491,1.264,10/17/23 0:00,938.0,2,2,0,0,CLOUDY,DRY,False,ANGLE COLLISION - OTHER,ANGLE,STRAIGHT & LEVEL,DAYLIGHT,,,10/19/23 7:34,False,4693,Accepted
32341517,150000,BULLITT COUNTY SHERIFF DEPT.,Accepted,BULLITT,I 0065,,I65 N,,,,,,,,,37.85298451,-85.71119571,106.562,10/17/23 0:00,1019.0,2,2,0,0,CLOUDY,DRY,False,SIDESWIPE COLLISION - SAME DIRECTION,SIDESWIPE-SAME DIRECTION,STRAIGHT & LEVEL,DAYLIGHT,,,10/17/23 15:03,False,1275,Accepted
32361818,591000,LAKESIDE PK/CRESTVIEW HILLS PD,Accepted,KENTON,I 0275,,I275 W,,,,,,,,,39.03125748,-84.58311141,82.86,10/17/23 0:00,1634.0,2,2,0,0,CLEAR,DRY,False,SIDESWIPE COLLISION - SAME DIRECTION,SIDESWIPE-SAME DIRECTION,STRAIGHT & GRADE,DAYLIGHT,,,10/22/23 22:04,False,1433,Accepted
32398465,150200,LEBANON JUNCTION POLICE DEPT.,Accepted,BULLITT,I 0065,,I65 N,,,,,,,,,37.83589621,-85.71704181,105.327,10/17/23 0:00,929.0,1,1,0,0,FOG WITH RAIN,WET,False,OTHER ROADWAY OR MID-BLOCK COLLISION,SINGLE VEHICLE,STRAIGHT & LEVEL,DUSK,,,10/31/23 15:07,False,601,Accepted
32342864,250100,WINCHESTER POLICE DEPARTMENT,Accepted,CLARK,I 0064,,I64 E,,,,,,,,,38.01037998,-84.17819687,95.975,10/16/23 0:00,251.0,1,1,0,0,RAINING,WET,False,OTHER ROADWAY OR MID-BLOCK COLLISION,SINGLE VEHICLE,STRAIGHT & LEVEL,DARK-HWY NOT LIGHTED,,,10/17/23 21:49,False,21071,Accepted
32340401,150000,BULLITT COUNTY SHERIFF DEPT.,Accepted,BULLITT,I 0065,,I65 NB,,,,,I 0065,I65 TURN AROUND109,I 0065,I65 NB EXIT112 OFF RAMP TO KY245,37.8997887,-85.69696973,109.934,10/16/23 0:00,2314.0,1,1,0,0,CLEAR,DRY,True,COLLISION WITH FIXED OBJECT NON - INTERSECTION - FIRST EVENT COLLISION 09 - 32 EXCLUDING 16,SINGLE VEHICLE,CURVE & LEVEL,DARK-HWY NOT LIGHTED,,,10/17/23 10:55,False,1149,Accepted
32339891,190800,SOUTHGATE POLICE DEPARTMENT,Accepted,CAMPBELL,I 0471,,I471 N,,,,,,,,,39.06258925,-84.46822135,1.43,10/16/23 0:00,2058.0,2,2,0,0,CLEAR,DRY,False,SIDESWIPE COLLISION - SAME DIRECTION,SIDESWIPE-SAME DIRECTION,CURVE & LEVEL,DARK-HWY LIGHTED/ON,,,10/17/23 8:16,False,828,Accepted
32335395,590300,ERLANGER POLICE DEPARTMENT,Accepted,KENTON,I 0275,,I275 W,,,,,,,,,39.04124913,-84.61090583,0.766,10/16/23 0:00,654.0,2,2,0,0,RAINING,WET,True,SIDESWIPE COLLISION - SAME DIRECTION,SIDESWIPE-SAME DIRECTION,STRAIGHT & LEVEL,DAWN,,,10/16/23 8:37,False,182,Accepted
32339740,568000,LOUISVILLE METRO POLICE DEPT,Accepted,JEFFERSON,I 0265,,I265 NB,,,I 0064,I64 WB EXIT19B RAMP TO I265 NB,,,,,38.2220074,-85.50556048,25.43,10/16/23 0:00,1435.0,2,2,0,0,CLOUDY,DRY,False,SIDESWIPE-SAME DIRECTION,SIDESWIPE-SAME DIRECTION,STRAIGHT & LEVEL,DAYLIGHT,,,10/17/23 7:35,False,5228,Accepted
32472697,460000,HANCOCK COUNTY SHERIFF DEPT.,Accepted,HANCOCK,US0060,,US60,,,KY0271,KY271,,,,,37.91978353,-86.80356184,7.255,10/16/23 0:00,1455.0,2,2,0,0,CLEAR,DRY,False,ANGLE COLLISION - OTHER,ANGLE,STRAIGHT & LEVEL,DAYLIGHT,,,11/17/23 12:39,False,91,Accepted
32557728,568000,LOUISVILLE METRO POLICE DEPT,Accepted,JEFFERSON,KY1447,,WESTPORT,RD,,,CREEK,,,,,38.27588144,-85.60490547,3.269,10/16/23 0:00,1620.0,2,2,0,0,CLOUDY,DRY,False,OTHER INTERSECTION COLLISIONS,REAR END,STRAIGHT & GRADE,DAYLIGHT,,,12/8/23 8:33,False,5228,Accepted
32335392,590300,ERLANGER POLICE DEPARTMENT,Accepted,KENTON,I 0275,,I275 W,,,,,,,,,39.04185239,-84.61153819,0.821,10/16/23 0:00,551.0,2,2,0,0,RAINING,WET,False,REAR END IN TRAFFIC LANES BOTH VEHICLES MOVING,REAR END,STRAIGHT & LEVEL,DAWN,,,10/16/23 8:37,False,182,Accepted
32374426,KSP1400,KY STATE POLICE POST 14,Accepted,CARTER,I 0064,,I64 E,,,,,,,,,38.32411696,-83.2293727,155.022,10/16/23 0:00,851.0,2,2,0,0,CLOUDY,WET,False,REAR END IN TRAFFIC LANES BOTH VEHICLES MOVING,REAR END,STRAIGHT & LEVEL,DAYLIGHT,,,10/25/23 13:10,False,761,Accepted
32352870,150000,BULLITT COUNTY SHERIFF DEPT.,Accepted,BULLITT,I 0065,,I65 N,,,,,,,,,37.88781,-85.69887706,109.074,10/15/23 0:00,1735.0,5,5,0,1,CLEAR,DRY,False,REAR END IN TRAFFIC LANES BOTH VEHICLES MOVING,REAR END,STRAIGHT & LEVEL,DAYLIGHT,,,10/20/23 0:26,False,1170,Accepted
32346136,150000,BULLITT COUNTY SHERIFF DEPT.,Accepted,BULLITT,I 0065,109MM,I65 NB,,,,,I 0065,I65 TURN AROUND109,I 0065,I65 NB EXIT112 OFF RAMP TO KY245,37.89507733,-85.6994204,109.581,10/15/23 0:00,1313.0,4,4,0,0,CLOUDY,DRY,False,OTHER ROADWAY OR MID-BLOCK COLLISION,REAR END,STRAIGHT & LEVEL,DAYLIGHT,,,10/18/23 14:42,False,1137,Accepted
32339974,590100,COVINGTON POLICE DEPARTMENT,Accepted,KENTON,I 0075,,,,,,,,,,,39.08716455,-84.52287928,0.007,10/15/23 0:00,2146.0,2,1,0,1,CLEAR,DRY,False,OTHER RAMP RELATED COLLISIONS NOT LISTED ABOVE,ANGLE,STRAIGHT & GRADE,DARK-HWY LIGHTED/ON,I 0075,W 5TH ST,10/17/23 7:40,False,348,Accepted
32346993,591000,LAKESIDE PK/CRESTVIEW HILLS PD,Accepted,KENTON,I 0275,,I275 W,,,,,,,,,39.02915682,-84.57852836,82.574,10/14/23 0:00,1318.0,3,3,0,0,CLOUDY,DRY,False,OTHER ROADWAY OR MID-BLOCK COLLISION,REAR END,STRAIGHT & LEVEL,DAYLIGHT,,,10/18/23 17:34,False,1410,Accepted
32342591,250000,CLARK COUNTY SHERIFF DEPT.,Accepted,CLARK,I 0064,,I64 E,,,,,,,,,38.02769524,-84.0995075,100.454,10/14/23 0:00,1326.0,2,2,0,0,CLEAR,DRY,False,REAR END IN TRAFFIC LANES BOTH VEHICLES MOVING,REAR END,STRAIGHT & LEVEL,DAYLIGHT,,,10/17/23 19:54,False,627,Accepted
32335502,370000,FRANKLIN COUNTY SHERIFF,Accepted,FRANKLIN,I 0064,,I64 E,,,,,,,,,38.15518265,-84.92981656,51.132,10/14/23 0:00,144.0,2,2,0,0,RAINING,WET,False,REAR END IN TRAFFIC LANES BOTH VEHICLES MOVING,REAR END,STRAIGHT & LEVEL,DARK-HWY NOT LIGHTED,,,10/16/23 9:00,True,1620,Accepted
32334613,80000,BOONE COUNTY SHERIFF DEPT.,Accepted,BOONE,KY0236,,DONALDSON,HWY,,,SCHEBEN,,,,,39.033941,-84.62496461,0.413,10/14/23 0:00,2339.0,2,2,0,2,CLOUDY,WET,False,OPPOSITE DIRECTION - BOTH VEHICLES GOING STRAIGHT AHEAD,SIDESWIPE-OPPOSITE DIRECTION,STRAIGHT & LEVEL,DARK-HWY NOT LIGHTED,,,10/16/23 5:06,False,3759,Accepted
32335833,190400,FT. THOMAS POLICE DEPARTMENT,Accepted,CAMPBELL,I 0471,,I471 N,,,,,,,,,39.05135764,-84.46655401,0.593,10/14/23 0:00,1037.0,2,2,0,0,CLEAR,WET,False,SIDESWIPE COLLISION - SAME DIRECTION,SIDESWIPE-SAME DIRECTION,STRAIGHT & LEVEL,DAYLIGHT,,,10/16/23 10:07,False,4446,Accepted
32395930,440000,GREEN COUNTY SHERIFF DEPT.,Accepted,GREEN,US0068,2649,US68,,,,,,,,,37.21520618,-85.53174002,9.286,10/14/23 0:00,805.0,1,1,0,0,CLOUDY,WET,False,OTHER COLLISIONS ON SHOULDER,SINGLE VEHICLE,STRAIGHT & GRADE,DAYLIGHT,,,10/31/23 3:02,False,1361,Accepted
32335180,568000,LOUISVILLE METRO POLICE DEPT,Accepted,JEFFERSON,I 0265,,I265 N,,,,,,,,,38.22064609,-85.50570355,25.336,10/13/23 0:00,1115.0,1,1,0,0,CLEAR,DRY,False,COLLISION WITH FIXED OBJECT NON - INTERSECTION - FIRST EVENT COLLISION 09 - 32 EXCLUDING 16,SINGLE VEHICLE,STRAIGHT & LEVEL,DAYLIGHT,,,10/16/23 8:22,False,7316,Accepted
32330440,80000,BOONE COUNTY SHERIFF DEPT.,Accepted,BOONE,I 0275,,I275 W,,,,,,,,,39.05650065,-84.63165318,2.344,10/13/23 0:00,2223.0,2,2,0,0,RAINING,WET,False,SIDESWIPE COLLISION - SAME DIRECTION,SIDESWIPE-SAME DIRECTION,CURVE & LEVEL,DARK-HWY LIGHTED/ON,,,10/14/23 15:59,False,3318,Accepted
32374261,KSP0600,KY STATE POLICE POST 06,Accepted,KENTON,I 0075,,I75 NB,,,,,,,,,38.79270639,-84.60419082,166.277,10/13/23 0:00,1001.0,2,2,0,0,CLEAR,DRY,False,SIDESWIPE COLLISION - SAME DIRECTION,SIDESWIPE-SAME DIRECTION,STRAIGHT & GRADE,DAYLIGHT,,,10/25/23 12:16,False,904,Accepted
32335676,150100,SHEPHERDSVILLE POLICE DEPT.,Accepted,BULLITT,I 0065,,I65 S,,,,,I 0065,I65 S EXIT112 OFF RAMP TO KY245,I 0065,I65 S REST AREA113 ON RAMP,37.93150082,-85.68817542,112.232,10/13/23 0:00,1250.0,2,2,0,0,CLEAR,DRY,False,OTHER ROADWAY OR MID-BLOCK COLLISION,REAR END,STRAIGHT & LEVEL,DAYLIGHT,,,10/16/23 9:37,False,76,Accepted
32360869,KSP0400,KY STATE POLICE POST 04,Accepted,BULLITT,I 0065,,I65 NB,,,,,,,,,37.85224125,-85.71183462,106.501,10/13/23 0:00,425.0,2,2,0,0,CLEAR,DRY,False,1 VEHICLE ENTERING/LEAVING ENTRANCE,ANGLE,STRAIGHT & LEVEL,DARK-HWY NOT LIGHTED,,,10/22/23 16:06,False,543,Accepted
32334229,980100,PIKEVILLE POLICE DEPARTMENT,Accepted,PIKE,US0023,,US23,,,,,,,,,37.47545695,-82.53822749,23.979,10/12/23 0:00,1750.0,2,2,0,0,CLEAR,DRY,False,REAR END IN TRAFFIC LANES BOTH VEHICLES MOVING,REAR END,STRAIGHT & LEVEL,DAYLIGHT,,,10/16/23 1:47,False,110,Accepted
32323192,340200,LEXINGTON POLICE DEPARTMENT,Accepted,FAYETTE,I 0075,,I75 NB,,,,,,,,,37.89564425,-84.3536708,98.797,10/12/23 0:00,710.0,3,3,0,0,CLEAR,DRY,False,REAR END IN TRAFFIC LANES BOTH VEHICLES MOVING,REAR END,STRAIGHT & GRADE,DARK-HWY LIGHTED/ON,,,10/12/23 15:19,False,55323,Accepted
32362920,80000,BOONE COUNTY SHERIFF DEPT.,Accepted,BOONE,I 0275,,I275 W,,,,,,,,,39.06441591,-84.64483197,3.253,10/12/23 0:00,652.0,2,2,0,0,CLEAR,DRY,False,REAR END IN TRAFFIC LANES BOTH VEHICLES MOVING,REAR END,STRAIGHT & LEVEL,DARK-HWY LIGHTED/ON,,,10/23/23 6:38,False,3761,Accepted
32334228,980100,PIKEVILLE POLICE DEPARTMENT,Accepted,PIKE,US0023,,US23,,,,,,,,,37.47667409,-82.53973759,24.102,10/12/23 0:00,1832.0,2,2,0,0,CLOUDY,DRY,False,OTHER ROADWAY OR MID-BLOCK COLLISION,REAR TO REAR,STRAIGHT & LEVEL,DAYLIGHT,,,10/16/23 1:46,False,106,Accepted
32473243,610000,KNOX COUNTY SHERIFF DEPARTMENT,Accepted,KNOX,US0025E,,US25E,,N,,,,,,,36.88452285,-83.8842115,12.069,10/12/23 0:00,1636.0,1,1,0,0,CLEAR,DRY,False,COLLISION WITH FIXED OBJECT NON - INTERSECTION - FIRST EVENT COLLISION 09 - 32 EXCLUDING 16,SINGLE VEHICLE,STRAIGHT & LEVEL,DAWN,,,11/17/23 14:20,False,102,Accepted
32325856,150000,BULLITT COUNTY SHERIFF DEPT.,Accepted,BULLITT,I 0065,,I65 NB,,,,,I 0065,I65 TURN AROUND107,I 0065,I65 TURN AROUND109,37.88832638,-85.699029,109.11,10/12/23 0:00,2021.0,1,1,0,0,CLEAR,DRY,False,OTHER ROADWAY OR MID-BLOCK COLLISION,SINGLE VEHICLE,STRAIGHT & LEVEL,DARK-HWY NOT LIGHTED,,,10/13/23 7:27,False,1055,Accepted
32318980,250000,CLARK COUNTY SHERIFF DEPT.,Accepted,CLARK,I 0064,,I64 E,,,,,,,,,38.02681917,-84.10569166,100.112,10/11/23 0:00,1700.0,1,1,0,0,CLOUDY,DRY,False,COLLISION WITH FIXED OBJECT NON - INTERSECTION - FIRST EVENT COLLISION 09 - 32 EXCLUDING 16,SINGLE VEHICLE,STRAIGHT & LEVEL,DAYLIGHT,,,10/11/23 20:41,False,623,Accepted
32322136,80000,BOONE COUNTY SHERIFF DEPT.,Accepted,BOONE,KY0536,,MT ZION,RD,,US0025,US25 TURN LANE,,,,,38.95753755,-84.61960084,14.194,10/11/23 0:00,1758.0,2,2,0,0,CLOUDY,DRY,True,SIDESWIPE-SAME DIRECTION,SIDESWIPE-SAME DIRECTION,STRAIGHT & LEVEL,DAYLIGHT,,,10/12/23 12:36,False,3713,Accepted
32320027,340200,LEXINGTON POLICE DEPARTMENT,Accepted,FAYETTE,I 0075,,I75 N,,,,,,,,,37.90145666,-84.35663309,99.257,10/11/23 0:00,629.0,4,4,0,1,CLEAR,DRY,False,REAR END IN TRAFFIC LANES BOTH VEHICLES MOVING,REAR END,STRAIGHT & LEVEL,DARK-HWY LIGHTED/ON,,,10/12/23 5:34,False,58950,Accepted
32323820,470000,HARDIN COUNTY SHERIFF DEPT.,Accepted,HARDIN,KY0220,6300,RINEYVILLE,RD,,,,,,,,37.75244907,-85.97568168,12.817,10/11/23 0:00,1735.0,2,2,0,0,CLEAR,DRY,False,OTHER ROADWAY OR MID-BLOCK COLLISION,REAR END,STRAIGHT & GRADE,DAYLIGHT,,,10/12/23 17:13,False,6,Accepted
32320024,340200,LEXINGTON POLICE DEPARTMENT,Accepted,FAYETTE,I 0075,,I75 N,,,I 0075,I75 N EXIT99 ON RAMP FROM US25,,,,,37.88654385,-84.34297206,97.962,10/11/23 0:00,2320.0,2,2,0,0,CLEAR,DRY,True,OTHER INTERSECTION COLLISIONS,REAR END,STRAIGHT & GRADE,DARK-HWY LIGHTED/ON,,,10/12/23 5:32,False,57494,Accepted
32320025,340200,LEXINGTON POLICE DEPARTMENT,Accepted,FAYETTE,I 0075,,I75 N,,,I 0075,I75 N EXIT99 ON RAMP FROM US25,,,,,37.8877014,-84.34455909,98.08,10/11/23 0:00,2301.0,2,2,0,0,CLEAR,DRY,False,OTHER INTERSECTION COLLISIONS,REAR END,STRAIGHT & GRADE,DARK-HWY LIGHTED/ON,,,10/12/23 5:33,False,57494,Accepted
32320026,340200,LEXINGTON POLICE DEPARTMENT,Accepted,FAYETTE,I 0075,,I75 N,,,I 0075,I75 N EXIT99 ON RAMP FROM US25,,,,,37.88624611,-84.3425015,97.929,10/11/23 0:00,2208.0,3,3,0,0,CLEAR,DRY,True,OTHER INTERSECTION COLLISIONS,REAR END,STRAIGHT & GRADE,DARK-HWY LIGHTED/ON,,,10/12/23 5:33,False,57494,Accepted
32312889,110100,DANVILLE POLICE DEPARTMENT,Accepted,BOYLE,US0150,,US150 TURN LANE,,,US0150B,DANVILLE,,,,,37.61958,-84.73422695,0.034,10/10/23 0:00,1022.0,2,2,0,0,CLEAR,DRY,False,OTHER INTERSECTION COLLISIONS,REAR END,CURVE & GRADE,DAYLIGHT,,,10/10/23 14:18,False,696,Accepted
32314762,591000,LAKESIDE PK/CRESTVIEW HILLS PD,Accepted,KENTON,I 0275,,I275 W,,,,,,,,,39.02639147,-84.56928419,82.037,10/10/23 0:00,1651.0,3,3,0,0,CLEAR,DRY,False,OTHER ROADWAY OR MID-BLOCK COLLISION,REAR END,STRAIGHT & HILLCREST,DAYLIGHT,,,10/10/23 23:09,False,1427,Accepted
32316462,KSP0900,KY STATE POLICE POST 09,Accepted,MAGOFFIN,KY9009,,KY9009,,,,,,,,,37.74514695,-83.15662552,68.673,10/10/23 0:00,1149.0,2,2,0,0,CLEAR,DRY,False,OTHER ROADWAY OR MID-BLOCK COLLISION,REAR END,STRAIGHT & HILLCREST,DAYLIGHT,,,10/11/23 9:49,False,736,Accepted
32316110,568000,LOUISVILLE METRO POLICE DEPT,Accepted,JEFFERSON,I 0064,,I64 E,,,,,,,,,38.2632785,-85.77297656,3.492,10/10/23 0:00,901.0,2,2,0,0,CLEAR,DRY,True,REAR END IN TRAFFIC LANES BOTH VEHICLES MOVING,REAR END,CURVE & HILLCREST,DAYLIGHT,,,10/11/23 8:40,False,4903,Accepted
32316448,470000,HARDIN COUNTY SHERIFF DEPT.,Accepted,HARDIN,I 0065,,I65 N,,,,,,,,,37.79453467,-85.75383656,101.713,10/10/23 0:00,1323.0,2,2,0,0,CLEAR,DRY,False,REAR END IN TRAFFIC LANES BOTH VEHICLES MOVING,REAR END,CURVE & GRADE,DAYLIGHT,,,10/11/23 9:46,False,965,Accepted
32316186,568000,LOUISVILLE METRO POLICE DEPT,Accepted,JEFFERSON,,,PARK,RD,S,,,,OLD SOUTH PARK,,MINOR,38.11896005,-85.70395949,1.551,10/10/23 0:00,1623.0,2,2,0,0,CLEAR,DRY,False,SIDESWIPE COLLISION - SAME DIRECTION,SIDESWIPE-SAME DIRECTION,STRAIGHT & LEVEL,DAYLIGHT,,,10/11/23 8:48,False,2324,Accepted
32316262,568000,LOUISVILLE METRO POLICE DEPT,Accepted,JEFFERSON,,,HIKES,LN,,,DOWNING,,,,,38.20264639,-85.65426989,1.265,10/10/23 0:00,2020.0,1,1,0,0,CLEAR,DRY,False,COLLISION WITH FIXED OBJECT IN INTERSECTION - FIRST EVENT COLLISION 09 - 32,SINGLE VEHICLE,STRAIGHT & LEVEL,DARK-HWY LIGHTED/ON,,,10/11/23 9:02,False,5458,Accepted
32308269,150000,BULLITT COUNTY SHERIFF DEPT.,Accepted,BULLITT,I 0065,,I65 NB,,,,,,,,,37.90043384,-85.69647366,109.985,10/9/23 0:00,730.0,1,1,0,1,CLEAR,DRY,False,COLLISION WITH FIXED OBJECT NON - INTERSECTION - FIRST EVENT COLLISION 09 - 32 EXCLUDING 16,SINGLE VEHICLE,STRAIGHT & GRADE,DARK-HWY NOT LIGHTED,,,10/9/23 15:33,False,1248,Accepted
32335432,1140000,WARREN COUNTY SHERIFF DEPT.,Accepted,WARREN,,1100,MELODY,AVE,,,,,,,,37.03203529,-86.3710705,,10/9/23 0:00,1008.0,2,2,0,0,CLEAR,DRY,False,1 VEHICLE PARKED POSITION (NOT PARKING LOT/DRIVEWAY),SIDESWIPE-SAME DIRECTION,STRAIGHT & LEVEL,DAYLIGHT,,,10/16/23 8:44,False,443,Accepted
32326150,568000,LOUISVILLE METRO POLICE DEPT,Accepted,JEFFERSON,I 0265,,I265 SB,,,,,,,,,38.24519776,-85.50355563,27.0,10/9/23 0:00,1712.0,4,4,0,0,CLOUDY,DRY,False,REAR END IN TRAFFIC LANES BOTH VEHICLES MOVING,REAR END,STRAIGHT & LEVEL,DAYLIGHT,,,10/13/23 8:41,False,7751,Accepted
32320539,80000,BOONE COUNTY SHERIFF DEPT.,Accepted,BOONE,I 0275,,I275 W,,,,,,,,,39.07541622,-84.67975589,5.368,10/9/23 0:00,1350.0,3,3,1,1,CLOUDY,DRY,False,REAR END IN TRAFFIC LANES BOTH VEHICLES MOVING,REAR END,STRAIGHT & GRADE,DAYLIGHT,,,10/12/23 8:03,True,3302,Accepted
32359739,430000,GRAYSON COUNTY SHERIFF DEPT.,Accepted,GRAYSON,WK9001,,,,,,,,,,,37.490277,-86.20552484,0.182,10/9/23 0:00,1332.0,2,1,0,1,CLEAR,DRY,False,REAR END IN TRAFFIC LANES BOTH VEHICLES MOVING,REAR END,STRAIGHT & GRADE,DAYLIGHT,KY0224,WK9001,10/22/23 3:03,False,104,Accepted
32346592,150200,LEBANON JUNCTION POLICE DEPT.,Accepted,BULLITT,I 0065,,I65 N,,,,,,,,,37.82705369,-85.72148821,104.66,10/9/23 0:00,1141.0,2,2,0,0,CLEAR,DRY,False,REAR END IN TRAFFIC LANES BOTH VEHICLES MOVING,REAR END,STRAIGHT & LEVEL,DAYLIGHT,,,10/18/23 16:04,False,601,Accepted
32312426,590300,ERLANGER POLICE DEPARTMENT,Accepted,KENTON,I 0075,,,,,,,,,,,39.03808395,-84.60603986,0.826,10/9/23 0:00,1612.0,2,2,0,0,CLEAR,DRY,False,OTHER RAMP RELATED COLLISIONS NOT LISTED ABOVE,REAR END,STRAIGHT & LEVEL,DAYLIGHT,I 0075,I 0275,10/10/23 12:36,False,141,Accepted
32309537,980100,PIKEVILLE POLICE DEPARTMENT,Accepted,PIKE,US0023,,US23,,,,,,,,,37.47122601,-82.53368083,23.565,10/9/23 0:00,1237.0,2,2,0,0,RAINING,WET,False,1 VEHICLE ENTERING/LEAVING ENTRANCE,ANGLE,STRAIGHT & LEVEL,DAYLIGHT,,,10/9/23 22:38,False,120,Accepted