IncidentID,AgencyORI,AgencyName,IncidentStatusDesc,County,RdwyNumber,Street,RoadwayName,StreetSfx,StreetDir,IntersectionRdwy,IntersectionRdwyName,BetweenStRdwy1,BetweenStRdwyName1,BetweenStRdwy2,BetweenStRdwyName2,Latitude,Longitude,Milepoint,CollisionDate,CollisionTime,UnitsInvolved,MotorVehiclesInvolved,NumberKilled,NumberInjured,Weather,RdwyConditionCode,HitandRun,DirAnalysisCode,MannerofCollision,RdwyCharacter,LightCondition,RampFromRdwyId,RampToRdwyId,AcceptedDate,IsSecondaryCollision,OwnerBadge,IncidentStatus
32306376,KSP1100,KY STATE POLICE POST 11,Accepted,WHITLEY,I 0075,,I75 S,,,,,,,,,36.77818538,-84.1703065,14.415,10/8/23 0:00,2320.0,2,2,0,0,CLEAR,DRY,False,REAR END IN TRAFFIC LANES BOTH VEHICLES MOVING,REAR END,STRAIGHT & HILLCREST,DARK-HWY NOT LIGHTED,,,10/9/23 10:02,False,832,Accepted
32309481,150000,BULLITT COUNTY SHERIFF DEPT.,Accepted,BULLITT,I 0065,,I65 SB,,,,,,,,,37.89650449,-85.69947919,109.683,10/8/23 0:00,102.0,1,1,0,0,CLEAR,DRY,False,COLLISION WITH ANIMAL NON INTERSECTION,SINGLE VEHICLE,CURVE & LEVEL,DARK-HWY LIGHTED/OFF,,,10/9/23 22:12,False,1323,Accepted
32304470,150000,BULLITT COUNTY SHERIFF DEPT.,Accepted,BULLITT,I 0065,,I65 S,,,,,,,,,37.89968926,-85.69741963,109.927,10/7/23 0:00,2131.0,2,2,0,5,CLEAR,DRY,False,SIDESWIPE COLLISION - OPPOSITE DIRECTION,SIDESWIPE-OPPOSITE DIRECTION,STRAIGHT & LEVEL,DARK-HWY NOT LIGHTED,,,10/9/23 0:00,False,1284,Accepted
32302900,300000,DAVIESS COUNTY SHERIFF DEPT.,Accepted,DAVIESS,US0431,,US431,,,,LOCUST GROVE,,,,,37.58763678,-87.10382413,1.276,10/7/23 0:00,754.0,2,2,0,0,CLEAR,DRY,False,OTHER INTERSECTION COLLISIONS,REAR END,STRAIGHT & HILLCREST,DAYLIGHT,,,10/8/23 13:08,False,1139,Accepted
32300221,150000,BULLITT COUNTY SHERIFF DEPT.,Accepted,BULLITT,I 0065,,I65 NB,,,,,I 0065,I65 TURN AROUND109,I 0065,I65 NB EXIT112 OFF RAMP TO KY245,37.9065694,-85.69169208,110.483,10/6/23 0:00,1727.0,5,5,0,1,CLEAR,DRY,False,REAR END IN TRAFFIC LANES BOTH VEHICLES MOVING,REAR END,STRAIGHT & LEVEL,DAYLIGHT,,,10/7/23 8:48,False,1170,Accepted
32335494,KSP1100,KY STATE POLICE POST 11,Accepted,WHITLEY,I 0075,,I75 S,,,,,,,,,36.77584264,-84.17029747,14.249,10/6/23 0:00,749.0,2,2,0,0,RAINING,WET,False,REAR END IN TRAFFIC LANES BOTH VEHICLES MOVING,REAR END,STRAIGHT & LEVEL,DAWN,,,10/16/23 9:00,False,536,Accepted
32300234,150000,BULLITT COUNTY SHERIFF DEPT.,Accepted,BULLITT,I 0065,109MM,I65 S,,,,,,,,,37.88269678,-85.69991159,108.694,10/6/23 0:00,2138.0,2,2,0,0,CLEAR,DRY,False,SIDESWIPE COLLISION - SAME DIRECTION,SIDESWIPE-SAME DIRECTION,STRAIGHT & LEVEL,DARK-HWY NOT LIGHTED,,,10/7/23 9:11,False,1137,Accepted
32300398,980100,PIKEVILLE POLICE DEPARTMENT,Accepted,PIKE,US0023,,US23,,,,,,,,,37.46550274,-82.5266381,22.979,10/5/23 0:00,1237.0,2,2,0,0,CLEAR,DRY,False,SIDESWIPE COLLISION - SAME DIRECTION,SIDESWIPE-SAME DIRECTION,STRAIGHT & LEVEL,DAYLIGHT,,,10/7/23 11:47,False,110,Accepted
32335635,260100,MANCHESTER POLICE DEPARTMENT,Accepted,CLAY,US0421,,US421,,S,,,,,,,37.13613037,-83.76161286,16.491,10/5/23 0:00,1010.0,2,2,0,0,CLEAR,DRY,False,SIDESWIPE COLLISION - SAME DIRECTION,SIDESWIPE-SAME DIRECTION,STRAIGHT & LEVEL,DAYLIGHT,,,10/16/23 9:34,False,103,Accepted
32302972,100100,ASHLAND POLICE DEPARTMENT,Accepted,BOYD,US0023X,,WINCHESTER,AVE,,,15TH,,,,,38.47922911,-82.64069531,1.399,10/5/23 0:00,1143.0,2,2,0,0,CLOUDY,DRY,False,COLLISION WITH PARKED VEHICLE,SIDESWIPE-SAME DIRECTION,STRAIGHT & LEVEL,DAYLIGHT,,,10/8/23 14:03,False,1140,Accepted
32293181,590300,ERLANGER POLICE DEPARTMENT,Accepted,KENTON,I 0275,,I275 W,,,,,,,,,39.03211853,-84.58910819,83.187,10/5/23 0:00,813.0,2,2,0,0,CLOUDY,DRY,False,REAR END IN TRAFFIC LANES BOTH VEHICLES MOVING,REAR END,STRAIGHT & LEVEL,DAYLIGHT,,,10/5/23 14:33,False,141,Accepted
32300399,980100,PIKEVILLE POLICE DEPARTMENT,Accepted,PIKE,US0023,,US23,,,,,,,,,37.47632846,-82.53931914,24.068,10/5/23 0:00,1648.0,2,2,0,4,CLEAR,DRY,False,REAR END IN TRAFFIC LANES BOTH VEHICLES MOVING,REAR END,STRAIGHT & LEVEL,DAYLIGHT,,,10/7/23 11:47,False,110,Accepted
32309380,540100,MADISONVILLE POLICE DEPT.,Accepted,HOPKINS,US0041A,,NEBO,RD,,,LAKE PEE WEE,,,,,37.34441034,-87.5279079,1.715,10/5/23 0:00,1044.0,2,2,0,0,RAINING,WET,False,OTHER INTERSECTION COLLISIONS,REAR END,STRAIGHT & LEVEL,DAYLIGHT,,,10/9/23 21:11,False,51,Accepted
32300998,420100,MAYFIELD POLICE DEPARTMENT,Accepted,GRAVES,US0045,,US45,,N,,,,,,,36.76813655,-88.64331852,19.137,10/5/23 0:00,1544.0,2,2,0,0,RAINING,WET,False,OTHER ROADWAY OR MID-BLOCK COLLISION,REAR END,STRAIGHT & LEVEL,DAYLIGHT,,,10/7/23 17:40,False,554,Accepted
32291540,568000,LOUISVILLE METRO POLICE DEPT,Accepted,JEFFERSON,,,PIN OAK,LN,,,HUBBARDS,,,,,38.26444725,-85.64493447,0.001,10/4/23 0:00,1438.0,2,2,0,0,CLEAR,DRY,False,ANGLE COLLISION - OTHER,ANGLE,STRAIGHT & LEVEL,DAYLIGHT,,,10/5/23 7:15,False,5110,Accepted
32292698,150000,BULLITT COUNTY SHERIFF DEPT.,Accepted,BULLITT,I 0065,,I65 N,,,,,,,,,37.91405396,-85.68738064,111.047,10/4/23 0:00,1011.0,2,2,0,0,CLOUDY,DRY,False,OTHER ROADWAY OR MID-BLOCK COLLISION,REAR END,STRAIGHT & LEVEL,DAYLIGHT,,,10/5/23 12:17,False,1232,Accepted
32290203,470000,HARDIN COUNTY SHERIFF DEPT.,Accepted,HARDIN,US0031W,,DIXIE,HWY,S,,,KY0222,GLENDALE HODGENVILLE,,ROYAL OAK TRAILER PARK 1,37.60028985,-85.86287603,9.929,10/4/23 0:00,1600.0,2,2,0,0,CLEAR,DRY,False,OTHER ROADWAY OR MID-BLOCK COLLISION,REAR END,STRAIGHT & LEVEL,DAYLIGHT,,,10/4/23 23:05,False,997,Accepted
32294735,250000,CLARK COUNTY SHERIFF DEPT.,Accepted,CLARK,I 0064,,I64 E,,,,,,,,,38.01395863,-84.16630293,96.668,10/4/23 0:00,1742.0,2,2,0,0,CLEAR,DRY,False,REAR END IN TRAFFIC LANES BOTH VEHICLES MOVING,REAR END,STRAIGHT & LEVEL,DAYLIGHT,,,10/5/23 23:13,False,623,Accepted
32320348,310000,EDMONSON COUNTY SHERIFF DEPT.,Accepted,EDMONSON,US0031W,,LOUISVILLE,RD,,,,,,,,37.09397865,-86.11374741,5.437,10/4/23 0:00,1439.0,2,2,0,0,CLEAR,DRY,False,OTHER ROADWAY OR MID-BLOCK COLLISION,REAR TO REAR,STRAIGHT & LEVEL,DAYLIGHT,,,10/12/23 7:21,False,106,Accepted
32339728,568000,LOUISVILLE METRO POLICE DEPT,Accepted,JEFFERSON,I 0071,,I71 NB,,,,,,,,,38.3095725,-85.59213077,8.422,10/4/23 0:00,1514.0,3,3,1,1,CLOUDY,DRY,False,REAR END IN TRAFFIC LANES BOTH VEHICLES MOVING,REAR END,STRAIGHT & HILLCREST,DAYLIGHT,,,10/17/23 7:34,False,7751,Accepted
32305356,KSP0900,KY STATE POLICE POST 09,Accepted,MAGOFFIN,KY9009,MM66,KY9009,,,,,,,,,37.74524372,-83.19782694,65.843,10/4/23 0:00,1558.0,2,2,0,0,CLEAR,DRY,False,SIDESWIPE COLLISION - OPPOSITE DIRECTION,SIDESWIPE-OPPOSITE DIRECTION,CURVE & LEVEL,DAYLIGHT,,,10/9/23 6:53,False,101,Accepted
32287882,150000,BULLITT COUNTY SHERIFF DEPT.,Accepted,BULLITT,I 0065,,I65 NB,,,,,I 0065,I65 TURN AROUND109,I 0065,I65 NB EXIT112 OFF RAMP TO KY245,37.90248382,-85.69492056,110.151,10/4/23 0:00,650.0,1,1,0,0,CLEAR,DRY,False,OTHER COLLISIONS ON SHOULDER,SINGLE VEHICLE,CURVE & LEVEL,DARK-HWY NOT LIGHTED,,,10/4/23 10:53,False,1250,Accepted
32282896,420000,GRAVES COUNTY SHERIFF DEPT.,Accepted,GRAVES,JC9003,,JC9003 SB,,,,,,,,,36.68340901,-88.73141593,16.534,10/3/23 0:00,59.0,1,1,0,0,CLEAR,DRY,False,OTHER COLLISIONS ON SHOULDER,SINGLE VEHICLE,STRAIGHT & LEVEL,DARK-HWY NOT LIGHTED,,,10/3/23 11:33,False,14,Accepted
32284275,590300,ERLANGER POLICE DEPARTMENT,Accepted,KENTON,I 0275,,I275 W,,,,,,,,,39.03171151,-84.58520847,82.976,10/3/23 0:00,831.0,2,2,0,0,CLEAR,DRY,False,SIDESWIPE COLLISION - SAME DIRECTION,SIDESWIPE-SAME DIRECTION,CURVE & LEVEL,DAYLIGHT,,,10/3/23 16:04,False,180,Accepted
32285625,340200,LEXINGTON POLICE DEPARTMENT,Accepted,FAYETTE,I 0075,,I75 S,,,,,,,,,37.91257321,-84.3638679,100.137,10/3/23 0:00,1853.0,2,2,0,0,CLEAR,DRY,False,SIDESWIPE COLLISION - SAME DIRECTION,SIDESWIPE-SAME DIRECTION,STRAIGHT & LEVEL,DARK-HWY LIGHTED/ON,,,10/3/23 23:17,False,58937,Accepted
32283703,340200,LEXINGTON POLICE DEPARTMENT,Accepted,FAYETTE,US0025,,OLD RICHMOND,RD,,,,,TURNER STATION,,LEEANN,37.92488238,-84.37132102,2.685,10/3/23 0:00,955.0,3,3,0,1,CLEAR,DRY,False,OTHER ROADWAY OR MID-BLOCK COLLISION,REAR END,STRAIGHT & LEVEL,DAYLIGHT,,,10/3/23 14:20,False,30541,Accepted
32326214,120000,BRACKEN COUNTY SHERIFF DEPT.,Accepted,BRACKEN,KY0009,,AA,HWY,N,,,,,,,38.74810739,-84.12718204,12.11,10/2/23 0:00,909.0,2,2,0,1,CLEAR,DRY,False,OTHER ROADWAY OR MID-BLOCK COLLISION,REAR END,STRAIGHT & LEVEL,DAYLIGHT,,,10/13/23 8:47,False,63,Accepted
32287697,470000,HARDIN COUNTY SHERIFF DEPT.,Accepted,HARDIN,US0031W,,DIXIE,HWY,S,KY0222,GLENDALE HODGENVILLE,,,,,37.59458426,-85.86420609,9.529,10/2/23 0:00,1724.0,3,3,0,0,CLEAR,DRY,False,OTHER INTERSECTION COLLISIONS,REAR END,STRAIGHT & GRADE,DAYLIGHT,,,10/4/23 10:03,False,998,Accepted
32281595,820200,MULDRAUGH POLICE DEPARTMENT,Accepted,MEADE,US0031W,31W,DIXIE,HWY,N,,,,,,,37.95885002,-85.99165303,3.497,10/2/23 0:00,1530.0,2,2,0,0,CLEAR,DRY,False,REAR END IN TRAFFIC LANES BOTH VEHICLES MOVING,REAR END,STRAIGHT & GRADE,DAYLIGHT,,,10/3/23 8:05,False,950,Accepted
32343962,340200,LEXINGTON POLICE DEPARTMENT,Accepted,FAYETTE,,,LOUDON,AVE,E,,,,MAPLE,,BRYAN,38.05476183,-84.47855007,0.212,10/2/23 0:00,1600.0,2,2,0,0,CLEAR,DRY,True,SIDESWIPE COLLISION - SAME DIRECTION,SIDESWIPE-SAME DIRECTION,STRAIGHT & LEVEL,DAYLIGHT,,,10/18/23 6:57,False,56229,Accepted
32281838,568000,LOUISVILLE METRO POLICE DEPT,Accepted,JEFFERSON,I 0265,,I265 N,,,,,,,,,38.28583472,-85.50821921,30.126,10/2/23 0:00,949.0,1,1,0,2,CLEAR,DRY,False,OTHER ROADWAY OR MID-BLOCK COLLISION,SINGLE VEHICLE,STRAIGHT & LEVEL,DAYLIGHT,,,10/3/23 8:18,False,7316,Accepted
32288148,100000,BOYD COUNTY SHERIFF DEPARTMENT,Accepted,BOYD,US0060,,US60,,W,,,,,,,38.36878787,-82.76910656,0.414,10/1/23 0:00,1749.0,1,1,0,1,CLEAR,DRY,False,OTHER COLLISIONS ON SHOULDER,SINGLE VEHICLE,CURVE & LEVEL,DAYLIGHT,,,10/4/23 12:32,False,228,Accepted
32288490,KSP0400,KY STATE POLICE POST 04,Accepted,BULLITT,I 0065,,I65 S,,,,,,,,,37.82689888,-85.72210187,104.608,10/1/23 0:00,1735.0,1,1,0,0,CLEAR,DRY,False,OTHER ROADWAY OR MID-BLOCK COLLISION,SINGLE VEHICLE,CURVE & LEVEL,DAYLIGHT,,,10/4/23 14:25,False,571,Accepted
32274189,250100,WINCHESTER POLICE DEPARTMENT,Accepted,CLARK,I 0064,,,,,,,,,,,38.01053133,-84.17752099,0.031,10/1/23 0:00,1319.0,2,2,0,0,CLEAR,DRY,False,OTHER RAMP RELATED COLLISIONS NOT LISTED ABOVE,SIDESWIPE-SAME DIRECTION,CURVE & LEVEL,DAYLIGHT,I 0064,KY0627,10/1/23 17:50,False,30,Accepted
32273441,150000,BULLITT COUNTY SHERIFF DEPT.,Accepted,BULLITT,I 0065,,I65 NB,,,,,I 0065,I65 TURN AROUND109,I 0065,I65 NB EXIT112 OFF RAMP TO KY245,37.90229356,-85.69502363,110.136,10/1/23 0:00,645.0,2,2,0,0,CLEAR,DRY,True,SIDESWIPE COLLISION - SAME DIRECTION,SIDESWIPE-SAME DIRECTION,CURVE & LEVEL,DARK-HWY NOT LIGHTED,,,10/1/23 11:02,False,1250,Accepted
32278353,250000,CLARK COUNTY SHERIFF DEPT.,Accepted,CLARK,I 0064,,I64 E,,,,,,,,,38.00869096,-84.18398795,95.627,10/1/23 0:00,919.0,2,2,0,0,CLEAR,DRY,False,REAR END IN TRAFFIC LANES BOTH VEHICLES MOVING,REAR END,STRAIGHT & LEVEL,DAYLIGHT,,,10/2/23 15:03,False,608,Accepted
32273654,150000,BULLITT COUNTY SHERIFF DEPT.,Accepted,BULLITT,I 0065,,I65 N,,,,,,,,,38.0201443,-85.69636018,118.593,9/30/23 0:00,1355.0,2,2,0,0,CLOUDY,DRY,True,REAR END IN TRAFFIC LANES BOTH VEHICLES MOVING,REAR END,STRAIGHT & LEVEL,DAYLIGHT,,,10/1/23 13:35,False,1232,Accepted
32273653,150000,BULLITT COUNTY SHERIFF DEPT.,Accepted,BULLITT,I 0065,,I65 N,,,,,I 0065,I65 N EXIT121 OFF RAMP TO KY1526,I 0065,I65 N EXIT121 ON RAMP FROM KY1526,38.06297783,-85.69909837,121.572,9/30/23 0:00,949.0,2,2,0,0,CLOUDY,DRY,False,REAR END IN TRAFFIC LANES BOTH VEHICLES MOVING,REAR END,STRAIGHT & LEVEL,DAYLIGHT,,,10/1/23 13:35,False,1232,Accepted
32272340,590300,ERLANGER POLICE DEPARTMENT,Accepted,KENTON,I 0075,,,,,,,,,,,39.03288873,-84.59319482,0.001,9/30/23 0:00,2047.0,2,2,0,0,CLOUDY,DRY,False,OTHER RAMP RELATED COLLISIONS NOT LISTED ABOVE,REAR END,STRAIGHT & GRADE,DARK-HWY LIGHTED/ON,I 0275,I 0075,9/30/23 23:21,False,159,Accepted
32312692,565000,LYNDON POLICE DEPARTMENT,Accepted,JEFFERSON,KY1447,,WESTPORT,RD,,,,,,,,38.27127335,-85.61389102,2.648,9/30/23 0:00,45.0,2,2,0,0,CLEAR,DRY,True,OTHER ROADWAY OR MID-BLOCK COLLISION,OPPOSING LEFT TURN,CURVE & LEVEL,DARK (UNKNOWN ROADWAY LIGHTING),,,10/10/23 13:37,False,1403,Accepted
32282362,190300,DAYTON POLICE DEPARTMENT,Accepted,CAMPBELL,KY0008,,6TH,AVE,,,OFALLON,,,,,39.10903123,-84.47992619,2.13,9/30/23 0:00,1812.0,1,1,0,0,CLEAR,OTHER,False,COLLISION WITH FIXED OBJECT IN INTERSECTION - FIRST EVENT COLLISION 09 - 32,SINGLE VEHICLE,STRAIGHT & LEVEL,DAYLIGHT,,,10/3/23 10:05,False,335,Accepted
32269253,KSP0100,KY STATE POLICE POST 01,Accepted,GRAVES,JC9003,,JC9003 N,,,,,,,,,36.68573084,-88.72926037,16.736,9/29/23 0:00,822.0,1,1,0,1,CLEAR,DRY,False,COLLISION WITH FIXED OBJECT NON - INTERSECTION - FIRST EVENT COLLISION 09 - 32 EXCLUDING 16,SINGLE VEHICLE,STRAIGHT & LEVEL,DAYLIGHT,,,9/29/23 20:03,False,364,Accepted
32273367,150000,BULLITT COUNTY SHERIFF DEPT.,Accepted,BULLITT,I 0065,,I65 NB,,,,,I 0065,I65 NB EXIT117 ON RAMP FROM KY44 WB,I 0065,I65 NB EXIT121 OFF RAMP TO KY1526,38.03345448,-85.69639112,119.507,9/29/23 0:00,2035.0,2,2,0,0,CLOUDY,DRY,False,VEHICLE BACKING NON INTERSECTION,BACKING,STRAIGHT & LEVEL,DARK-HWY NOT LIGHTED,,,10/1/23 9:49,False,1055,Accepted
32269369,150000,BULLITT COUNTY SHERIFF DEPT.,Accepted,BULLITT,I 0065,,I65 N,,,,,,,,,37.90785296,-85.69066655,110.586,9/29/23 0:00,1601.0,2,2,0,0,CLEAR,DRY,False,REAR END IN TRAFFIC LANES BOTH VEHICLES MOVING,REAR END,STRAIGHT & LEVEL,DAYLIGHT,,,9/29/23 21:00,False,1300,Accepted
32289538,980100,PIKEVILLE POLICE DEPARTMENT,Accepted,PIKE,US0023,,US23,,,,,,,,,37.4967119,-82.53105786,25.793,9/29/23 0:00,1746.0,2,2,0,0,CLEAR,DRY,False,REAR END IN TRAFFIC LANES BOTH VEHICLES MOVING,REAR END,STRAIGHT & LEVEL,DAYLIGHT,,,10/4/23 18:22,False,110,Accepted
32276709,150100,SHEPHERDSVILLE POLICE DEPT.,Accepted,BULLITT,I 0065,,I65 S,,,,,I 0065,I65 S EXIT112 ON RAMP FROM KY245,I 0065,I65 TURN AROUND109,37.92014406,-85.68749342,111.447,9/29/23 0:00,1113.0,2,2,0,0,CLEAR,DRY,False,REAR END IN TRAFFIC LANES BOTH VEHICLES MOVING,REAR END,STRAIGHT & LEVEL,DAYLIGHT,,,10/2/23 8:44,False,76,Accepted
32278348,250000,CLARK COUNTY SHERIFF DEPT.,Accepted,CLARK,I 0064,,I64 E,,,,,,,,,38.01712595,-84.15607197,97.266,9/29/23 0:00,1444.0,3,3,0,0,CLEAR,DRY,True,REAR END IN TRAFFIC LANES BOTH VEHICLES MOVING,REAR END,,DAYLIGHT,,,10/2/23 15:02,False,608,Accepted
32288038,590500,KENTON COUNTY POLICE DEPT.,Accepted,KENTON,I 0075,,I75 N,,,,,,,,,38.82701897,-84.59995037,168.712,9/28/23 0:00,1239.0,2,2,0,1,CLOUDY,DRY,False,REAR END IN TRAFFIC LANES BOTH VEHICLES MOVING,REAR END,STRAIGHT & LEVEL,DAYLIGHT,,,10/4/23 11:56,False,137,Accepted
32359749,260000,CLAY COUNTY SHERIFF DEPT.,Accepted,CLAY,US0421,,US421,,S,,,,,,,37.12519022,-83.74866505,15.416,9/28/23 0:00,720.0,2,1,0,0,RAINING,WET,False,1 VEHICLE ENTERING/LEAVING ENTRANCE,ANGLE,STRAIGHT & LEVEL,DAYLIGHT,,,10/22/23 3:03,False,1102,Accepted
32266353,568000,LOUISVILLE METRO POLICE DEPT,Accepted,JEFFERSON,,,HIKES,LN,,,,,,,,38.21023875,-85.64218552,2.105,9/28/23 0:00,1325.0,2,2,0,0,CLOUDY,DRY,False,1 VEHICLE ENTERING/LEAVING ENTRANCE,ANGLE,STRAIGHT & LEVEL,DAYLIGHT,,,9/29/23 7:58,False,4693,Accepted
32270930,80000,BOONE COUNTY SHERIFF DEPT.,Accepted,BOONE,KY0338,,RICHWOOD,RD,,,FROGTOWN CONN,,,,,38.91660335,-84.63235522,0.46,9/28/23 0:00,1436.0,2,2,0,0,CLEAR,DRY,False,SIDESWIPE-SAME DIRECTION,SIDESWIPE-SAME DIRECTION,STRAIGHT & LEVEL,DAYLIGHT,,,9/30/23 10:42,False,3718,Accepted
32285352,900000,NELSON COUNTY SHERIFF DEPT.,Accepted,NELSON,KY0245,,NEW SHEPHERDSVILLE,RD,,,HALL,,,,,37.87526637,-85.53574812,8.686,9/27/23 0:00,1624.0,2,2,0,0,CLEAR,DRY,False,OTHER INTERSECTION COLLISIONS,REAR END,STRAIGHT & LEVEL,DAYLIGHT,,,10/3/23 21:42,False,41,Accepted
32268065,370200,KY STATE POLICE CVE,Accepted,WHITLEY,I 0075,,I75 S,,,,,,,,,36.89671248,-84.1404057,23.003,9/27/23 0:00,1250.0,2,2,0,2,RAINING,WATER (STANDING OR MOVING),False,REAR END IN TRAFFIC LANES BOTH VEHICLES MOVING,REAR END,STRAIGHT & GRADE,DAYLIGHT,,,9/29/23 14:58,False,C-357,Accepted
32256562,568000,LOUISVILLE METRO POLICE DEPT,Accepted,JEFFERSON,I 0265,,I265 NB,,,,,,,,,38.31139596,-85.57537987,34.292,9/26/23 0:00,1412.0,2,2,0,0,CLEAR,DRY,False,REAR END IN TRAFFIC LANES BOTH VEHICLES MOVING,REAR END,STRAIGHT & LEVEL,DAYLIGHT,,,9/27/23 7:39,False,5564,Accepted
32289544,980100,PIKEVILLE POLICE DEPARTMENT,Accepted,PIKE,US0023,,US23,,,,,,,,,37.47672768,-82.53979246,24.107,9/26/23 0:00,1734.0,3,3,0,1,CLEAR,DRY,False,REAR END IN TRAFFIC LANES BOTH VEHICLES MOVING,REAR END,STRAIGHT & LEVEL,DAYLIGHT,,,10/4/23 18:23,False,107,Accepted
32244338,590300,ERLANGER POLICE DEPARTMENT,Accepted,KENTON,I 0275,,I275 W,,,,,,,,,39.04391059,-84.61375919,1.009,9/26/23 0:00,624.0,2,2,0,0,CLEAR,DRY,False,1 VEHICLE ENTERING/LEAVING ENTRANCE,ANGLE,STRAIGHT & LEVEL,DAWN,,,9/26/23 18:06,False,141,Accepted
32256794,150000,BULLITT COUNTY SHERIFF DEPT.,Accepted,BULLITT,I 0065,,I65 SB,,,,,I 0065,I65 TURN AROUND109,I 0065,I65 TURN AROUND107,37.88828324,-85.69929163,109.107,9/26/23 0:00,2241.0,2,1,0,0,RAINING,WET,False,SIDESWIPE COLLISION - SAME DIRECTION,SIDESWIPE-SAME DIRECTION,STRAIGHT & LEVEL,DARK-HWY LIGHTED/ON,,,9/27/23 7:26,False,1317,Accepted
32279285,80000,BOONE COUNTY SHERIFF DEPT.,Accepted,BOONE,I 0275,,I275 W,,,,,,,,,39.07184941,-84.66004402,4.285,9/26/23 0:00,1327.0,2,2,0,0,CLOUDY,DRY,False,SIDESWIPE COLLISION - SAME DIRECTION,SIDESWIPE-SAME DIRECTION,STRAIGHT & LEVEL,DAYLIGHT,,,10/2/23 18:14,False,3765,Accepted
32283529,760200,RICHMOND POLICE DEPARTMENT,Accepted,MADISON,I 0075,,I75 N,,,,,,,,,37.84035105,-84.32531093,94.483,9/26/23 0:00,730.0,1,1,0,0,CLEAR,DRY,False,OTHER ROADWAY OR MID-BLOCK COLLISION,SINGLE VEHICLE,STRAIGHT & LEVEL,DAYLIGHT,,,10/3/23 13:47,False,9365,Accepted
32243295,150000,BULLITT COUNTY SHERIFF DEPT.,Accepted,BULLITT,I 0065,,I65 N,,,,,,,,,37.90597726,-85.69216359,110.435,9/26/23 0:00,1315.0,1,1,0,0,CLEAR,DRY,False,OTHER ROADWAY OR MID-BLOCK COLLISION,SINGLE VEHICLE,STRAIGHT & LEVEL,DAYLIGHT,,,9/26/23 15:07,False,1275,Accepted
32255712,420000,GRAVES COUNTY SHERIFF DEPT.,Accepted,GRAVES,JC9003,,JC9003 SB,,,,,,,,,36.67655448,-88.73526011,16.023,9/25/23 0:00,500.0,1,1,0,0,CLEAR,DRY,False,COLLISION WITH FIXED OBJECT NON - INTERSECTION - FIRST EVENT COLLISION 09 - 32 EXCLUDING 16,SINGLE VEHICLE,STRAIGHT & LEVEL,DARK-HWY NOT LIGHTED,,,9/27/23 3:59,False,14,Accepted
32298264,450100,FLATWOODS POLICE DEPARTMENT,Accepted,GREENUP,,,FEDERAL,WAY,,,MARY SUE,,,,,38.52334199,-82.71215086,0.176,9/25/23 0:00,1111.0,2,2,0,0,CLOUDY,DRY,False,COLLISION WITH PARKED VEHICLE,SIDESWIPE-OPPOSITE DIRECTION,STRAIGHT & LEVEL,DAYLIGHT,,,10/6/23 17:26,False,395,Accepted
32264817,KSP0100,KY STATE POLICE POST 01,Accepted,GRAVES,JC9003,,JC9003 N,,,,,,,,,36.65390995,-88.74546697,14.381,9/25/23 0:00,1220.0,2,2,0,0,CLEAR,DRY,True,SIDESWIPE COLLISION - SAME DIRECTION,SIDESWIPE-SAME DIRECTION,STRAIGHT & LEVEL,DAYLIGHT,,,9/28/23 21:36,False,721,Accepted
32242903,250000,CLARK COUNTY SHERIFF DEPT.,Accepted,CLARK,I 0064,I-64,I64 E,,,,,,,,,38.02290923,-84.13091883,98.701,9/25/23 0:00,1709.0,2,2,0,0,CLEAR,DRY,False,REAR END IN TRAFFIC LANES BOTH VEHICLES MOVING,REAR END,STRAIGHT & LEVEL,DAYLIGHT,,,9/26/23 13:57,False,608,Accepted
32243773,150000,BULLITT COUNTY SHERIFF DEPT.,Accepted,BULLITT,I 0065,,I65 SB,,,,,I 0065,I65 SB EXIT112 ON RAMP FROM KY245,I 0065,I65 TURN AROUND109,37.89530915,-85.69976668,109.598,9/25/23 0:00,1445.0,2,2,0,0,CLEAR,DRY,False,REAR END IN TRAFFIC LANES BOTH VEHICLES MOVING,REAR END,STRAIGHT & LEVEL,DAYLIGHT,,,9/26/23 16:12,False,1282,Accepted
32238323,150000,BULLITT COUNTY SHERIFF DEPT.,Accepted,BULLITT,I 0065,,I65 SB,,,,,,,,,37.90815649,-85.69083575,110.612,9/25/23 0:00,1350.0,2,2,0,0,CLEAR,DRY,False,REAR END IN TRAFFIC LANES BOTH VEHICLES MOVING,REAR END,STRAIGHT & GRADE,DAYLIGHT,,,9/25/23 15:59,False,1248,Accepted
32241019,568000,LOUISVILLE METRO POLICE DEPT,Accepted,JEFFERSON,I 0064,,I64 E,,,,,,,,,38.22296402,-85.52181468,18.101,9/25/23 0:00,1455.0,2,2,0,2,CLEAR,DRY,True,REAR END IN TRAFFIC LANES BOTH VEHICLES MOVING,REAR END,STRAIGHT & GRADE,DAYLIGHT,,,9/26/23 7:49,False,7316,Accepted
32326999,150200,LEBANON JUNCTION POLICE DEPT.,Accepted,BULLITT,I 0065,,I65 S,,,,,,,,,37.84542724,-85.71560242,105.962,9/24/23 0:00,1723.0,7,7,0,3,CLEAR,DRY,False,REAR END IN TRAFFIC LANES BOTH VEHICLES MOVING,REAR END,STRAIGHT & LEVEL,DAYLIGHT,,,10/13/23 12:33,False,607,Accepted