IncidentID,AgencyORI,AgencyName,IncidentStatusDesc,County,RdwyNumber,Street,RoadwayName,StreetSfx,StreetDir,IntersectionRdwy,IntersectionRdwyName,BetweenStRdwy1,BetweenStRdwyName1,BetweenStRdwy2,BetweenStRdwyName2,Latitude,Longitude,Milepoint,CollisionDate,CollisionTime,UnitsInvolved,MotorVehiclesInvolved,NumberKilled,NumberInjured,Weather,RdwyConditionCode,HitandRun,DirAnalysisCode,MannerofCollision,RdwyCharacter,LightCondition,RampFromRdwyId,RampToRdwyId,AcceptedDate,IsSecondaryCollision,OwnerBadge,IncidentStatus
32042799,970000,PERRY COUNTY SHERIFF,Accepted,PERRY,,,HADDOCK FORK,RD,,,,,,,,37.35652953,-83.32093873,0.017,8/8/23 0:00,1200.0,2,2,0,0,CLEAR,DRY,False,1 VEHICLE PARKED POSITION (NOT PARKING LOT/DRIVEWAY),SIDESWIPE-SAME DIRECTION,STRAIGHT & LEVEL,DAYLIGHT,,,8/14/23 12:36,False,500,Accepted
32032873,470000,HARDIN COUNTY SHERIFF DEPT.,Accepted,HARDIN,I 0065,,I65 N,,,,,,,,,37.61067409,-85.86541168,86.694,8/8/23 0:00,1209.0,1,1,0,0,CLEAR,DRY,False,OTHER ROADWAY OR MID-BLOCK COLLISION,SINGLE VEHICLE,STRAIGHT & LEVEL,DAYLIGHT,,,8/11/23 14:29,False,977,Accepted
32042461,370200,KY STATE POLICE CVE,Accepted,WHITLEY,I 0075,,I75 N,,,,,,,,,36.87005142,-84.147416,21.024,8/8/23 0:00,331.0,1,1,0,0,CLOUDY,WET,False,COLLISION WITH FIXED OBJECT NON - INTERSECTION - FIRST EVENT COLLISION 09 - 32 EXCLUDING 16,SINGLE VEHICLE,CURVE & GRADE,DARK-HWY NOT LIGHTED,,,8/14/23 11:35,False,C-106,Accepted
32022084,568000,LOUISVILLE METRO POLICE DEPT,Accepted,JEFFERSON,,,HUBBARDS,LN,S,US0060,SHELBYVILLE,,,,,38.25164873,-85.63999131,,8/7/23 0:00,1445.0,2,2,0,0,CLOUDY,DRY,False,SIDESWIPE-SAME DIRECTION,SIDESWIPE-SAME DIRECTION,STRAIGHT & LEVEL,DAYLIGHT,,,8/9/23 8:23,False,7358,Accepted
32023249,KSP0800,KY STATE POLICE POST 08,Accepted,ROWAN,I 0064,,I64 E,,,,,,,,,38.18031365,-83.56717623,132.31,8/7/23 0:00,1656.0,2,2,0,0,CLEAR,DRY,False,OTHER ROADWAY OR MID-BLOCK COLLISION,REAR END,STRAIGHT & LEVEL,DAYLIGHT,,,8/9/23 13:12,False,593,Accepted
32026945,240000,CHRISTIAN COUNTY SHERIFF OFFICE,Accepted,CHRISTIAN,EB9004,,EB9004 S,,,,,,,,,36.76411104,-87.50119035,1.891,8/6/23 0:00,1210.0,1,1,0,1,CLEAR,DRY,False,OTHER ROADWAY OR MID-BLOCK COLLISION,SINGLE VEHICLE,STRAIGHT & LEVEL,DAYLIGHT,,,8/10/23 9:17,False,606,Accepted
32021724,150000,BULLITT COUNTY SHERIFF DEPT.,Accepted,BULLITT,I 0065,,I65 NB,,,,,I 0065,I65 TURN AROUND107,I 0065,I65 TURN AROUND109,37.8883828,-85.6989935,109.113,8/5/23 0:00,2130.0,1,1,0,0,CLOUDY,DRY,False,OTHER COLLISIONS ON SHOULDER,SINGLE VEHICLE,CURVE & GRADE,DARK-HWY NOT LIGHTED,,,8/9/23 6:43,False,1277,Accepted
32034136,150000,BULLITT COUNTY SHERIFF DEPT.,Accepted,BULLITT,I 0065,,I65 S,,,,,,,,,37.85998995,-85.70760796,107.066,8/5/23 0:00,2226.0,3,3,0,0,CLEAR,DRY,False,OTHER ROADWAY OR MID-BLOCK COLLISION,REAR END,STRAIGHT & LEVEL,DARK-HWY NOT LIGHTED,,,8/11/23 21:02,False,1312,Accepted
32044267,90100,PARIS POLICE DEPARTMENT,Accepted,BOURBON,US0068X,,HIGH,ST,,,,,,,,38.21027125,-84.25277488,1.515,8/5/23 0:00,335.0,2,2,0,0,CLOUDY,OTHER,False,1 VEHICLE PARKED POSITION (NOT PARKING LOT/DRIVEWAY),REAR END,STRAIGHT & LEVEL,DARK-HWY LIGHTED/ON,,,8/14/23 18:17,False,510,Accepted
32062302,150200,LEBANON JUNCTION POLICE DEPT.,Accepted,BULLITT,I 0065,,I65 S,,,,,,,,,37.82758486,-85.72142165,104.668,8/5/23 0:00,536.0,3,3,0,0,CLEAR,DRY,False,REAR END IN TRAFFIC LANES BOTH VEHICLES MOVING,REAR END,STRAIGHT & LEVEL,DARK-HWY LIGHTED/ON,,,8/18/23 12:55,False,601,Accepted
32004072,340200,LEXINGTON POLICE DEPARTMENT,Accepted,FAYETTE,I 0075,,I75 S,,,I 0075,I75 S EXIT104 OFF RAMP TO KY418,,,,,37.96556802,-84.38886441,104.093,8/4/23 0:00,1622.0,2,2,0,0,CLEAR,DRY,False,OTHER INTERSECTION COLLISIONS,REAR END,STRAIGHT & LEVEL,DAYLIGHT,,,8/4/23 21:06,False,58955,Accepted
32026876,710000,LOGAN COUNTY SHERIFF DEPT.,Accepted,LOGAN,US0068,,US68,BYP,,,,,,,,36.85511041,-86.86305576,13.203,8/4/23 0:00,1503.0,2,2,0,0,CLOUDY,WET,False,OTHER ROADWAY OR MID-BLOCK COLLISION,OPPOSING LEFT TURN,STRAIGHT & LEVEL,DAYLIGHT,,,8/10/23 9:02,False,717,Accepted
32002014,150000,BULLITT COUNTY SHERIFF DEPT.,Accepted,BULLITT,I 0065,,I65 NB,,,,,I 0065,I65 NB EXIT105 ON RAMP FROM KY61,I 0065,I65 TURN AROUND107,37.8390376,-85.7164768,105.548,8/4/23 0:00,620.0,2,2,0,0,FOG,DRY,False,SIDESWIPE COLLISION - SAME DIRECTION,SIDESWIPE-SAME DIRECTION,STRAIGHT & LEVEL,DARK-HWY NOT LIGHTED,,,8/4/23 10:24,False,1113,Accepted
32018077,510000,HENDERSON COUNTY SHERIFF DEPT.,Accepted,HENDERSON,US0041,,,,,,,,,,,37.79722362,-87.55794356,0.021,8/4/23 0:00,824.0,1,1,0,0,CLOUDY,DRY,False,OTHER ROADWAY OR MID-BLOCK COLLISION,SINGLE VEHICLE,STRAIGHT & LEVEL,DAYLIGHT,I 0069C,KY0425,8/8/23 11:41,False,132,Accepted
33179217,430000,GRAYSON COUNTY SHERIFF DEPT.,Accepted,GRAYSON,WK9001,,WK9001 E,,,,,,,,,37.53851604,-86.13291777,117.64,8/4/23 0:00,2001.0,1,1,0,0,CLEAR,DRY,False,COLLISION WITH FIXED OBJECT NON - INTERSECTION - FIRST EVENT COLLISION 09 - 32 EXCLUDING 16,SINGLE VEHICLE,STRAIGHT & LEVEL,DARK-HWY NOT LIGHTED,,,4/30/24 15:25,False,,Accepted
32006010,190300,DAYTON POLICE DEPARTMENT,Accepted,CAMPBELL,,737,DODD,DR,,,,,,,,39.11697049,-84.47368251,0.637,8/4/23 0:00,902.0,1,1,0,0,CLEAR,DRY,False,COLLISION WITH FIXED OBJECT NON - INTERSECTION - FIRST EVENT COLLISION 09 - 32 EXCLUDING 16,SINGLE VEHICLE,STRAIGHT & LEVEL,DAYLIGHT,,,8/5/23 15:34,False,304,Accepted
31997124,150000,BULLITT COUNTY SHERIFF DEPT.,Accepted,BULLITT,I 0065,,I65 NB,,,,,I 0065,I65 TURN AROUND104,I 0065,I65 NB EXIT105 OFF RAMP TO KY61,37.82645674,-85.72222681,104.603,8/3/23 0:00,546.0,2,2,0,0,RAINING,WET,False,SIDESWIPE COLLISION - SAME DIRECTION,SIDESWIPE-SAME DIRECTION,STRAIGHT & LEVEL,DARK-HWY NOT LIGHTED,,,8/3/23 10:55,False,1113,Accepted
31997200,150000,BULLITT COUNTY SHERIFF DEPT.,Accepted,BULLITT,I 0065,,I65 NB,,,,,I 0065,I65 TURN AROUND109,I 0065,I65 NB EXIT112 OFF RAMP TO KY245,37.9160236,-85.68702887,111.184,8/3/23 0:00,550.0,2,2,0,0,RAINING,WET,True,SIDESWIPE COLLISION - SAME DIRECTION,SIDESWIPE-SAME DIRECTION,STRAIGHT & LEVEL,DARK-HWY NOT LIGHTED,,,8/3/23 11:08,False,1232,Accepted
32001353,568000,LOUISVILLE METRO POLICE DEPT,Accepted,JEFFERSON,I 0265,,I265 N,,,,,,,,,38.28646413,-85.51437239,30.464,8/3/23 0:00,1030.0,2,2,0,0,CLOUDY,WET,False,SIDESWIPE COLLISION - SAME DIRECTION,SIDESWIPE-SAME DIRECTION,STRAIGHT & LEVEL,DAYLIGHT,,,8/4/23 8:36,False,7316,Accepted
33179195,430000,GRAYSON COUNTY SHERIFF DEPT.,Accepted,GRAYSON,WK9001,,WK9001 E,,,,,,,,,37.49945936,-86.16714432,114.304,8/3/23 0:00,2031.0,2,2,0,0,CLEAR,DRY,False,SIDESWIPE COLLISION - SAME DIRECTION,SIDESWIPE-SAME DIRECTION,STRAIGHT & LEVEL,DARK-HWY NOT LIGHTED,,,4/30/24 15:23,False,112,Accepted
31994486,340300,UNIVERSITY OF KENTUCKY POLICE,Accepted,FAYETTE,KY1974,,AVENUE OF CHAMPIONS,,,,,,LEXINGTON,,ROSE,38.03943549,-84.50159883,13.073,8/2/23 0:00,835.0,1,1,0,1,CLEAR,OTHER,False,OTHER ROADWAY OR MID-BLOCK COLLISION,SINGLE VEHICLE,STRAIGHT & LEVEL,DAYLIGHT,,,8/2/23 19:07,False,3420,Accepted
32781102,340200,LEXINGTON POLICE DEPARTMENT,Accepted,FAYETTE,I 0075,,I75 S,,,,,,,,,37.88608053,-84.3426019,97.934,8/2/23 0:00,2001.0,2,1,1,0,CLOUDY,DRY,False,OTHER ROADWAY OR MID-BLOCK COLLISION,SINGLE VEHICLE,STRAIGHT & LEVEL,DUSK,,,1/29/24 17:28,False,54257,Accepted
31993818,340200,LEXINGTON POLICE DEPARTMENT,Accepted,FAYETTE,,,CLAYS MILL,RD,,,COPPER RUN,,,,,37.98254844,-84.56788922,4.069,8/2/23 0:00,1358.0,2,2,0,0,CLEAR,DRY,False,ANGLE COLLISION - OTHER,ANGLE,STRAIGHT & GRADE,DAYLIGHT,,,8/2/23 16:11,False,56481,Accepted
31996861,300000,DAVIESS COUNTY SHERIFF DEPT.,Accepted,DAVIESS,US0060,1700,WENDELL FORD,EXPY,,,,,,,,37.73840319,-87.07587602,17.272,8/2/23 0:00,1209.0,2,2,0,0,CLOUDY,DRY,False,1 VEHICLE PARKED POSITION (NOT PARKING LOT/DRIVEWAY),REAR END,STRAIGHT & LEVEL,DAYLIGHT,,,8/3/23 9:59,False,1113,Accepted
32001135,190800,SOUTHGATE POLICE DEPARTMENT,Accepted,CAMPBELL,I 0471,,I471 N,,,,,,,,,39.06009845,-84.46935831,1.24,8/2/23 0:00,1030.0,2,2,0,0,CLEAR,DRY,True,REAR END IN TRAFFIC LANES BOTH VEHICLES MOVING,REAR END,CURVE & LEVEL,DAYLIGHT,,,8/4/23 7:42,False,801,Accepted
31988934,150200,LEBANON JUNCTION POLICE DEPT.,Accepted,BULLITT,I 0065,,I65 S,,,,,,,,,37.82761452,-85.72139414,104.67,8/1/23 0:00,1518.0,2,2,0,0,CLEAR,DRY,False,RAN OFF ROADWAY (1 VEHICLE WITH/EARTH EMBANKMENT/DITCH),REAR END,STRAIGHT & LEVEL,DAYLIGHT,,,8/1/23 17:37,False,601,Accepted
32012862,150300,MT. WASHINGTON POLICE DEPT.,Accepted,BULLITT,KY0044,,OLD MILL,RD,,,HARDY,,,,,38.0541328,-85.5325226,23.524,8/1/23 0:00,1721.0,2,2,0,0,CLEAR,DRY,False,ANGLE COLLISION - OTHER,ANGLE,STRAIGHT & LEVEL,DAYLIGHT,,,8/7/23 11:16,False,7735,Accepted
31989592,150000,BULLITT COUNTY SHERIFF DEPT.,Accepted,BULLITT,KY0061,,PRESTON,HWY,S,,,,LEE BOOTH,I 0065,I65 NB EXIT105 ON RAMP FROM KY61 WB,37.82621879,-85.71660026,1.5,8/1/23 0:00,735.0,2,2,0,0,CLEAR,DRY,False,MEDIAN CROSS-OVER COLLISION ,ANGLE,STRAIGHT & LEVEL,DAYLIGHT,,,8/1/23 21:24,False,1248,Accepted
31994198,KSP0100,KY STATE POLICE POST 01,Accepted,GRAVES,JC9003,,JC9003 N,,,,,,,,,36.6314329,-88.76855844,12.349,8/1/23 0:00,1256.0,1,1,0,0,CLEAR,DRY,False,OTHER COLLISIONS ON SHOULDER,SINGLE VEHICLE,STRAIGHT & GRADE,DAYLIGHT,,,8/2/23 17:57,False,721,Accepted
31991511,568000,LOUISVILLE METRO POLICE DEPT,Accepted,JEFFERSON,I 0064,,I64 E,,,,,,,,,38.2226253,-85.50609487,18.925,8/1/23 0:00,1005.0,2,2,0,0,CLEAR,DRY,False,SIDESWIPE COLLISION - SAME DIRECTION,SIDESWIPE-SAME DIRECTION,STRAIGHT & LEVEL,DAYLIGHT,,,8/2/23 8:34,False,4903,Accepted
31981531,568000,LOUISVILLE METRO POLICE DEPT,Accepted,JEFFERSON,I 0265,,I265 NB,,,,,,,,,38.23836156,-85.50399759,26.562,7/31/23 0:00,28.0,2,1,0,0,CLEAR,DRY,False,SIDESWIPE COLLISION - SAME DIRECTION,SIDESWIPE-SAME DIRECTION,STRAIGHT & LEVEL,DARK-HWY LIGHTED/OFF,,,7/31/23 9:00,False,5533,Accepted
31986434,568000,LOUISVILLE METRO POLICE DEPT,Accepted,JEFFERSON,I 0265,,I265 EB,,,,,,,,,38.21787357,-85.50596003,25.143,7/31/23 0:00,1340.0,2,2,0,0,CLEAR,DRY,False,OTHER ROADWAY OR MID-BLOCK COLLISION,REAR END,CURVE & LEVEL,DAYLIGHT,,,8/1/23 9:13,False,2017,Accepted
31978113,340200,LEXINGTON POLICE DEPARTMENT,Accepted,FAYETTE,,,I75 S,,,,,,,,,38.01876789,-84.40911867,108.0,7/30/23 0:00,1204.0,2,2,0,0,CLEAR,DRY,False,REAR END IN TRAFFIC LANES BOTH VEHICLES MOVING,REAR END,STRAIGHT & LEVEL,DAYLIGHT,,,7/30/23 14:11,False,54260,Accepted
32009582,590500,KENTON COUNTY POLICE DEPT.,Accepted,KENTON,I 0075,,I75 N,,,,,,,,,38.83017372,-84.60177379,168.943,7/30/23 0:00,1214.0,3,3,0,1,CLEAR,DRY,False,REAR END IN TRAFFIC LANES BOTH VEHICLES MOVING,REAR END,STRAIGHT & LEVEL,DAYLIGHT,,,8/6/23 19:44,True,121,Accepted
32027458,510100,HENDERSON POLICE DEPARTMENT,Accepted,HENDERSON,US0041,,US41,,N,,,,VAN WYK,,KIMSEY,37.84470043,-87.56584129,15.083,7/30/23 0:00,1618.0,2,2,0,0,CLEAR,DRY,False,SIDESWIPE COLLISION - SAME DIRECTION,SIDESWIPE-SAME DIRECTION,STRAIGHT & LEVEL,DAYLIGHT,,,8/10/23 10:45,False,34,Accepted
31993383,KSP0300,KY STATE POLICE POST 03,Accepted,BARREN,I 0065,,I65 SB,,,,,,,,,37.08434379,-86.06550542,46.245,7/29/23 0:00,1914.0,2,2,0,0,CLEAR,DRY,False,SIDESWIPE COLLISION - SAME DIRECTION,SIDESWIPE-SAME DIRECTION,CURVE & LEVEL,DUSK,,,8/2/23 15:03,False,369,Accepted
31975686,150300,MT. WASHINGTON POLICE DEPT.,Accepted,BULLITT,KY0044,,OLD MILL,RD,,,,,PRIMROSE,,BROOKEPOINTE,38.05421652,-85.5323947,23.552,7/29/23 0:00,1217.0,2,2,0,0,CLEAR,DRY,False,SIDESWIPE COLLISION - SAME DIRECTION,SIDESWIPE-SAME DIRECTION,STRAIGHT & LEVEL,DAYLIGHT,,,7/29/23 17:22,False,7731,Accepted
31982991,KSP0700,KY STATE POLICE POST 07,Accepted,MADISON,I 0075,,I75 NB,,,,,,,,,37.86410859,-84.33228952,96.185,7/29/23 0:00,1129.0,2,2,0,0,CLEAR,DRY,False,REAR END IN TRAFFIC LANES BOTH VEHICLES MOVING,REAR END,STRAIGHT & LEVEL,DAYLIGHT,,,7/31/23 14:58,False,261,Accepted
31981323,150200,LEBANON JUNCTION POLICE DEPT.,Accepted,BULLITT,I 0065,,I65 S,,,,,,,,,37.82762138,-85.72138697,104.671,7/28/23 0:00,1025.0,2,2,0,0,CLEAR,DRY,False,REAR END IN TRAFFIC LANES BOTH VEHICLES MOVING,REAR END,STRAIGHT & LEVEL,DAYLIGHT,,,7/31/23 9:02,False,601,Accepted
31976392,340200,LEXINGTON POLICE DEPARTMENT,Accepted,FAYETTE,I 0075,,I75 SB,,,,,,,,,37.88940594,-84.34716006,98.28,7/28/23 0:00,1244.0,2,2,0,0,CLOUDY,DRY,False,REAR END IN TRAFFIC LANES BOTH VEHICLES MOVING,REAR END,STRAIGHT & LEVEL,DAYLIGHT,,,7/29/23 22:51,False,59793,Accepted
31991429,150000,BULLITT COUNTY SHERIFF DEPT.,Accepted,BULLITT,I 0065,,I65 S,,,,,I 0065,I65 TURN AROUND107,I 0065,I65 TURN AROUND109,37.88222481,-85.70088554,108.656,7/28/23 0:00,1400.0,3,3,0,0,CLEAR,DRY,False,REAR END IN TRAFFIC LANES BOTH VEHICLES MOVING,REAR END,STRAIGHT & LEVEL,DAYLIGHT,,,8/2/23 8:09,False,1113,Accepted
31981342,568000,LOUISVILLE METRO POLICE DEPT,Accepted,JEFFERSON,I 0265,,I265 E,,,,,I 0265,I265 E EXIT23 ON RAMP FROM KY155,I 0064,I265 N EXIT25A RAMP TO I64 E,38.20500228,-85.50704531,24.253,7/28/23 0:00,1329.0,2,2,0,0,CLEAR,DRY,False,REAR END IN TRAFFIC LANES BOTH VEHICLES MOVING,REAR END,STRAIGHT & HILLCREST,DAYLIGHT,,,7/31/23 9:07,False,2109,Accepted
31983198,340200,LEXINGTON POLICE DEPARTMENT,Accepted,FAYETTE,I 0075,,I75 SB,,,,,I 0075,I75 SB EXIT108 ON RAMP FROMMAN O WAR BLVD,I 0075,I75 SB EXIT108 OFF RAMP TOMAN O WAR BLVD,38.02134211,-84.41136848,108.216,7/28/23 0:00,2135.0,2,1,0,0,CLEAR,DRY,False,OTHER ROADWAY OR MID-BLOCK COLLISION,REAR END,STRAIGHT & LEVEL,DAYLIGHT,,,7/31/23 15:41,False,46620,Accepted
31984466,150100,SHEPHERDSVILLE POLICE DEPT.,Accepted,BULLITT,I 0065,,I65 N,,,,,,,,,37.97994897,-85.69820699,115.675,7/28/23 0:00,2336.0,2,2,0,0,CLEAR,DRY,True,SIDESWIPE COLLISION - SAME DIRECTION,SIDESWIPE-SAME DIRECTION,STRAIGHT & LEVEL,DARK-HWY LIGHTED/ON,,,7/31/23 21:54,False,89,Accepted
31970697,340200,LEXINGTON POLICE DEPARTMENT,Accepted,FAYETTE,I 0075,,I75 N,,,,,,,,,37.99778447,-84.39799393,106.391,7/28/23 0:00,210.0,1,1,0,0,RAINING,WET,False,VEHICLE GOING IN WRONG DIRECTION,SINGLE VEHICLE,STRAIGHT & LEVEL,DARK-HWY LIGHTED/ON,,,7/28/23 6:27,False,59766,Accepted
31992496,420000,GRAVES COUNTY SHERIFF DEPT.,Accepted,GRAVES,,,OLD DUKEDOM,RD,,,,,,,,36.69168566,-88.66354321,2.727,7/27/23 0:00,16.0,1,1,0,4,CLEAR,DRY,False,RAN OFF ROADWAY (1 VEHICLE WITH/EARTH EMBANKMENT/DITCH),SINGLE VEHICLE,STRAIGHT & LEVEL,DARK-HWY NOT LIGHTED,,,8/2/23 11:27,False,5,Accepted
31973278,420000,GRAVES COUNTY SHERIFF DEPT.,Accepted,GRAVES,JC9003,,JC9003 NB,,,,,,,,,36.63529696,-88.76484046,12.686,7/27/23 0:00,1845.0,1,1,0,0,CLEAR,DRY,False,OTHER ROADWAY OR MID-BLOCK COLLISION,SINGLE VEHICLE,STRAIGHT & LEVEL,DAYLIGHT,,,7/28/23 19:56,False,13,Accepted
31969009,340200,LEXINGTON POLICE DEPARTMENT,Accepted,FAYETTE,I 0075,,I75 S,,,,,I 0075,I75 S EXIT108 ON RAMP FROM  MAN O WAR BLVD,I 0075,I75 S EXIT104 OFF RAMP TO KY418,38.00893998,-84.40401346,107.254,7/27/23 0:00,1740.0,3,3,0,0,CLEAR,DRY,True,SIDESWIPE COLLISION - SAME DIRECTION,SIDESWIPE-SAME DIRECTION,STRAIGHT & LEVEL,DAYLIGHT,,,7/27/23 19:29,False,59744,Accepted
32032264,340200,LEXINGTON POLICE DEPARTMENT,Accepted,FAYETTE,I 0075,,,,,,,,,,,38.01819178,-84.40860367,0.09,7/27/23 0:00,2205.0,2,2,0,0,CLEAR,DRY,True,OTHER RAMP RELATED COLLISIONS NOT LISTED ABOVE,REAR END,,DARK-HWY LIGHTED/ON,I 0075,MAN O WAR BLVD,8/11/23 12:11,False,59766,Accepted
31970979,568000,LOUISVILLE METRO POLICE DEPT,Accepted,JEFFERSON,,,HIKES,LN,,,FURMAN,,,,,38.21201326,-85.63943529,2.307,7/27/23 0:00,1845.0,2,2,0,1,CLEAR,DRY,False,ANGLE COLLISION - ONE VEHICLE TURNING LEFT,ANGLE,STRAIGHT & LEVEL,DAYLIGHT,,,7/28/23 8:35,False,5315,Accepted
31972405,80200,FLORENCE POLICE DEPARTMENT,Accepted,BOONE,KY0842,,WEAVER,RD,,,,,RED MILE TRCE CONN,,TAMARACK,38.9725118,-84.65030169,2.323,7/27/23 0:00,1110.0,2,2,0,0,CLEAR,DRY,False,REAR END IN TRAFFIC LANES BOTH VEHICLES MOVING,REAR END,STRAIGHT & LEVEL,DAYLIGHT,,,7/28/23 15:08,False,23,Accepted
31969506,340200,LEXINGTON POLICE DEPARTMENT,Accepted,FAYETTE,I 0075,,I75 S,,,,,,,,,38.04106615,-84.42001692,109.726,7/27/23 0:00,2104.0,2,2,0,0,CLEAR,DRY,False,REAR END IN TRAFFIC LANES BOTH VEHICLES MOVING,REAR END,CURVE & LEVEL,DARK-HWY LIGHTED/ON,,,7/27/23 23:27,False,59456,Accepted
31965957,568000,LOUISVILLE METRO POLICE DEPT,Accepted,JEFFERSON,,,MUHAMMAD ALI,BLVD,W,,5TH,,,,,38.25130392,-85.75915013,0.363,7/26/23 0:00,1021.0,2,2,0,0,CLEAR,DRY,False,ANGLE COLLISION - OTHER,ANGLE,STRAIGHT & LEVEL,DAYLIGHT,,,7/27/23 7:25,False,5168,Accepted
31970942,568000,LOUISVILLE METRO POLICE DEPT,Accepted,JEFFERSON,KY1065,,OUTER,LOOP,,,TOLLS,,,,,38.12569719,-85.75794871,2.018,7/26/23 0:00,1100.0,2,2,0,0,CLEAR,DRY,False,ANGLE COLLISION - OTHER,ANGLE,STRAIGHT & LEVEL,DAYLIGHT,,,7/28/23 8:32,False,7080,Accepted
31965983,568000,LOUISVILLE METRO POLICE DEPT,Accepted,JEFFERSON,,,HIKES,LN,,,KLONDIKE,,,,,38.21145695,-85.64023591,2.244,7/26/23 0:00,1100.0,2,2,0,0,CLEAR,DRY,False,SIDESWIPE-SAME DIRECTION,SIDESWIPE-SAME DIRECTION,STRAIGHT & LEVEL,DAYLIGHT,,,7/27/23 7:27,False,5315,Accepted
31953637,150200,LEBANON JUNCTION POLICE DEPT.,Accepted,BULLITT,I 0065,,I65 S,,,,,,,,,37.82748913,-85.72156692,104.658,7/26/23 0:00,1530.0,2,2,0,0,CLEAR,DRY,False,COLLISION WITH FIXED OBJECT NON - INTERSECTION - FIRST EVENT COLLISION 09 - 32 EXCLUDING 16,SIDESWIPE-SAME DIRECTION,STRAIGHT & LEVEL,DAYLIGHT,,,7/26/23 16:35,False,601,Accepted
31981976,KSP0300,KY STATE POLICE POST 03,Accepted,EDMONSON,I 0065,,I65 S,,,,,,,,,37.07091181,-86.08966349,44.604,7/26/23 0:00,1942.0,1,1,0,0,CLEAR,DRY,False,OTHER ROADWAY OR MID-BLOCK COLLISION,SINGLE VEHICLE,STRAIGHT & LEVEL,DUSK,,,7/31/23 10:40,False,694,Accepted
31965969,568000,LOUISVILLE METRO POLICE DEPT,Accepted,JEFFERSON,I 0265,,I265 NB,,,,,,,,,38.23711239,-85.5041318,26.476,7/26/23 0:00,854.0,1,1,0,0,CLEAR,DRY,False,OTHER ROADWAY OR MID-BLOCK COLLISION,SINGLE VEHICLE,STRAIGHT & LEVEL,DAYLIGHT,,,7/27/23 7:26,False,8461,Accepted
31967432,370200,KY STATE POLICE CVE,Accepted,EDMONSON,I 0065,,I65 NB,,,,,,,,,37.06719444,-86.09502653,44.208,7/25/23 0:00,939.0,2,2,0,0,CLEAR,DRY,True,SIDESWIPE COLLISION - SAME DIRECTION,SIDESWIPE-SAME DIRECTION,,DAYLIGHT,,,7/27/23 13:15,False,C-351,Accepted
31973319,KSP0400,KY STATE POLICE POST 04,Accepted,BULLITT,I 0065,,I65 S,,,,,,,,,37.82763481,-85.7213735,104.672,7/25/23 0:00,1900.0,2,2,0,0,CLEAR,DRY,False,SIDESWIPE COLLISION - SAME DIRECTION,SIDESWIPE-SAME DIRECTION,STRAIGHT & LEVEL,DAYLIGHT,,,7/28/23 20:12,False,571,Accepted
31950275,150000,BULLITT COUNTY SHERIFF DEPT.,Accepted,BULLITT,I 0065,,I65 N,,,,,,,,,37.83264928,-85.71796195,105.052,7/25/23 0:00,1705.0,2,2,0,0,CLEAR,DRY,False,REAR END IN TRAFFIC LANES BOTH VEHICLES MOVING,REAR END,STRAIGHT & LEVEL,DAYLIGHT,,,7/26/23 0:47,False,1182,Accepted
31954251,150000,BULLITT COUNTY SHERIFF DEPT.,Accepted,BULLITT,I 0065,,I65 NB,,,,,I 0065,I65 NB EXIT112 OFF RAMP TO KY245,I 0065,I65 TURN AROUND109,37.91105972,-85.68854828,110.832,7/25/23 0:00,1650.0,2,2,0,0,CLEAR,DRY,True,REAR END IN TRAFFIC LANES BOTH VEHICLES MOVING,REAR END,STRAIGHT & LEVEL,DAYLIGHT,,,7/26/23 19:04,False,1277,Accepted
32086104,450000,GREENUP COUNTY SHERIFF DEPT.,Accepted,GREENUP,KY0207,,KY207,,,,,,,,,38.51111667,-82.74311668,14.513,7/25/23 0:00,1003.0,2,2,0,1,CLEAR,DRY,False,REAR END IN TRAFFIC LANES BOTH VEHICLES MOVING,REAR END,STRAIGHT & LEVEL,DAYLIGHT,,,8/24/23 4:48,False,SO-4,Accepted
31933070,568000,LOUISVILLE METRO POLICE DEPT,Accepted,JEFFERSON,US0031W,,MAIN,ST,W,,10TH,,,,,38.25770363,-85.76646261,21.385,7/24/23 0:00,910.0,2,2,0,0,CLOUDY,DRY,False,ANGLE COLLISION - OTHER,ANGLE,STRAIGHT & LEVEL,DAYLIGHT,,,7/24/23 13:12,False,5245,Accepted
31983137,KSP0700,KY STATE POLICE POST 07,Accepted,LINCOLN,US0027,,US27,,N,,,,,,,37.55277533,-84.63989538,19.07,7/24/23 0:00,948.0,2,2,0,1,CLEAR,DRY,False,1 VEHICLE ENTERING/LEAVING ENTRANCE,ANGLE,STRAIGHT & LEVEL,DAYLIGHT,,,7/31/23 15:25,False,427,Accepted
31966917,100000,BOYD COUNTY SHERIFF DEPARTMENT,Accepted,BOYD,US0023,,US23,,,,,,,,,38.49312873,-82.66636335,20.324,7/24/23 0:00,2125.0,2,2,0,0,RAINING,WET,True,OTHER ROADWAY OR MID-BLOCK COLLISION,REAR END,CURVE & LEVEL,DARK-HWY NOT LIGHTED,,,7/27/23 10:43,False,222,Accepted