IncidentID,AgencyORI,AgencyName,IncidentStatusDesc,County,RdwyNumber,Street,RoadwayName,StreetSfx,StreetDir,IntersectionRdwy,IntersectionRdwyName,BetweenStRdwy1,BetweenStRdwyName1,BetweenStRdwy2,BetweenStRdwyName2,Latitude,Longitude,Milepoint,CollisionDate,CollisionTime,UnitsInvolved,MotorVehiclesInvolved,NumberKilled,NumberInjured,Weather,RdwyConditionCode,HitandRun,DirAnalysisCode,MannerofCollision,RdwyCharacter,LightCondition,RampFromRdwyId,RampToRdwyId,AcceptedDate,IsSecondaryCollision,OwnerBadge,IncidentStatus
31834371,610000,KNOX COUNTY SHERIFF DEPARTMENT,Accepted,KNOX,KY0225,,KY225,,,,,,,,,36.83967454,-83.85957433,13.077,6/15/23 0:00,1253.0,2,2,0,2,CLEAR,DRY,False,REAR END IN TRAFFIC LANES BOTH VEHICLES MOVING,REAR END,STRAIGHT & GRADE,DAYLIGHT,,,6/30/23 10:31,False,142,Accepted
31770323,340200,LEXINGTON POLICE DEPARTMENT,Accepted,FAYETTE,US0060,1111,WINCHESTER,RD,,,,,STRADER,,BROWN,38.0424753,-84.46337923,9.662,6/15/23 0:00,754.0,2,2,0,0,CLEAR,DRY,False,REAR END IN TRAFFIC LANES BOTH VEHICLES MOVING,REAR END,STRAIGHT & LEVEL,DAYLIGHT,,,6/15/23 9:12,False,39970,Accepted
31784765,80000,BOONE COUNTY SHERIFF DEPT.,Accepted,BOONE,KY0338,,RICHWOOD,RD,,I 0075,I75 N EXIT175 ON RAMP FROM  RICHWOOD DR,,,,,38.91792223,-84.62741886,0.174,6/15/23 0:00,1245.0,2,2,0,0,CLEAR,DRY,False,SIDESWIPE-SAME DIRECTION,SIDESWIPE-SAME DIRECTION,STRAIGHT & LEVEL,DAYLIGHT,,,6/19/23 9:09,False,3744,Accepted
31783029,180100,MURRAY POLICE DEPARTMENT,Accepted,CALLOWAY,KY1327,,CHESTNUT,ST,,,,,,,,36.61691741,-88.31966045,1.773,6/15/23 0:00,1809.0,1,1,0,1,CLEAR,DRY,False,OTHER ROADWAY OR MID-BLOCK COLLISION,SINGLE VEHICLE,STRAIGHT & LEVEL,DAYLIGHT,,,6/18/23 21:05,False,147,Accepted
31775856,510100,HENDERSON POLICE DEPARTMENT,Accepted,HENDERSON,,,US HWY 41,,,,,,,,,37.83878446,-87.56454611,,6/14/23 0:00,1300.0,1,1,0,0,CLEAR,DRY,False,OTHER ROADWAY OR MID-BLOCK COLLISION,SINGLE VEHICLE,STRAIGHT & LEVEL,DAYLIGHT,,,6/16/23 12:46,False,82,Accepted
31777794,50100,GLASGOW POLICE DEPARTMENT,Accepted,BARREN,LN9008,,LN9008 W,,,,,,,,,36.99065043,-85.96336529,9.673,6/14/23 0:00,2149.0,1,1,0,0,CLEAR,DRY,False,OTHER ROADWAY OR MID-BLOCK COLLISION,SINGLE VEHICLE,STRAIGHT & LEVEL,DARK-HWY LIGHTED/OFF,,,6/16/23 23:59,False,2289,Accepted
31785166,930100,LAGRANGE POLICE DEPARTMENT,Accepted,OLDHAM,,,NEW MOODY,LN,,,,,,,,38.39622521,-85.37594624,1.052,6/14/23 0:00,2143.0,1,1,0,0,CLEAR,DRY,False,OTHER ROADWAY OR MID-BLOCK COLLISION,SINGLE VEHICLE,STRAIGHT & GRADE,DAYLIGHT,,,6/19/23 9:45,False,2052,Accepted
31770378,KSP0200,KY STATE POLICE POST 02,Accepted,CHRISTIAN,I 0024,,I24 W,,,,,,,,,36.68297299,-87.40652372,88.629,6/14/23 0:00,1740.0,2,2,0,0,CLEAR,DRY,False,REAR END IN TRAFFIC LANES BOTH VEHICLES MOVING,REAR END,STRAIGHT & LEVEL,DAYLIGHT,,,6/15/23 9:27,False,366,Accepted
31771985,80000,BOONE COUNTY SHERIFF DEPT.,Accepted,BOONE,KY0338,,RICHWOOD,RD,,,FROGTOWN CONN,,,,,38.91662338,-84.63226127,0.458,6/14/23 0:00,1739.0,2,2,0,1,CLEAR,DRY,False,OTHER INTERSECTION COLLISIONS,REAR END,CURVE & LEVEL,DAYLIGHT,,,6/15/23 15:35,False,3713,Accepted
31764380,568000,LOUISVILLE METRO POLICE DEPT,Accepted,JEFFERSON,I 0064,,,,,,,,,,,38.22151273,-85.50534152,0.165,6/13/23 0:00,1233.0,2,2,0,0,CLEAR,DRY,False,OTHER RAMP RELATED COLLISIONS NOT LISTED ABOVE,REAR END,CURVE & HILLCREST,DAYLIGHT,I 0064,I 0265,6/14/23 7:28,False,4903,Accepted
31852760,KSP0700,KY STATE POLICE POST 07,Accepted,MADISON,I 0075,,I75 N,,,,,,,,,37.66386901,-84.30996061,82.1,6/13/23 0:00,1000.0,2,2,0,0,CLEAR,DRY,True,SIDESWIPE COLLISION - SAME DIRECTION,SIDESWIPE-SAME DIRECTION,STRAIGHT & LEVEL,DAYLIGHT,,,7/5/23 12:54,False,125,Accepted
31759136,568000,LOUISVILLE METRO POLICE DEPT,Accepted,JEFFERSON,I 0064,,I64 W,,,,,,,,,38.2345978,-85.61319163,12.904,6/12/23 0:00,920.0,2,2,0,0,CLOUDY,DRY,False,OTHER ROADWAY OR MID-BLOCK COLLISION,REAR END,STRAIGHT & LEVEL,DAYLIGHT,,,6/13/23 7:21,False,4903,Accepted
31759489,591100,TAYLOR MILL POLICE DEPARTMENT,Accepted,KENTON,KY3716,5477,TAYLOR MILL,RD,,,,,,,,39.00307166,-84.4943014,1.106,6/12/23 0:00,1248.0,2,2,0,0,CLEAR,DRY,False,REAR END IN TRAFFIC LANES BOTH VEHICLES MOVING,REAR END,STRAIGHT & LEVEL,DAYLIGHT,,,6/13/23 8:50,False,TM06,Accepted
31759418,240000,CHRISTIAN COUNTY SHERIFF OFFICE,Accepted,CHRISTIAN,I 0024,,I24 W,,,,,,,,,36.68596399,-87.41258495,88.233,6/12/23 0:00,1307.0,2,2,0,2,CLEAR,DRY,False,REAR END IN TRAFFIC LANES BOTH VEHICLES MOVING,REAR END,STRAIGHT & LEVEL,DAYLIGHT,,,6/13/23 8:32,False,618,Accepted
31753757,568000,LOUISVILLE METRO POLICE DEPT,Accepted,JEFFERSON,I 0265,,I265 E,,,,,I 0265,I265 E EXIT17 ON RAMP FROM US31E,I 0265,I265 E EXIT19 OFF RAMP TO KY1819,38.14376861,-85.55811406,18.693,6/11/23 0:00,1047.0,2,2,0,2,CLEAR,DRY,False,REAR END IN TRAFFIC LANES BOTH VEHICLES MOVING,REAR END,STRAIGHT & LEVEL,DAYLIGHT,,,6/12/23 7:45,False,7278,Accepted
31764360,760100,BEREA POLICE DEPARTMENT,Accepted,MADISON,I 0075,,I75 N,,,,,,,,,37.6003915,-84.31423665,77.704,6/11/23 0:00,1119.0,2,2,0,0,CLOUDY,WET,False,REAR END IN TRAFFIC LANES BOTH VEHICLES MOVING,REAR END,STRAIGHT & LEVEL,DAYLIGHT,,,6/14/23 7:25,False,0229JB,Accepted
31753783,568000,LOUISVILLE METRO POLICE DEPT,Accepted,JEFFERSON,US0031E,,BARDSTOWN,RD,,,,,WINGFIELD,,BRENTLINGER,38.13672498,-85.58080647,4.564,6/11/23 0:00,1917.0,2,2,0,0,CLOUDY,WET,False,1 VEHICLE ENTERING/LEAVING ENTRANCE,ANGLE,STRAIGHT & LEVEL,DAYLIGHT,,,6/12/23 7:47,False,6028,Accepted
31750828,340200,LEXINGTON POLICE DEPARTMENT,Accepted,FAYETTE,US0025,,VINE,ST,E,,,,,,,38.04311954,-84.49543855,13.669,6/10/23 0:00,2315.0,2,2,0,0,CLEAR,DRY,False,1 VEHICLE ENTERING/LEAVING ENTRANCE,ANGLE,CURVE & LEVEL,DARK-HWY LIGHTED/ON,,,6/11/23 7:20,False,58889,Accepted
31748646,80000,BOONE COUNTY SHERIFF DEPT.,Accepted,BOONE,KY0338,,RICHWOOD,RD,,,PADDOCK,,,,,38.91523562,-84.63381228,0.593,6/9/23 0:00,1150.0,2,2,0,0,CLEAR,DRY,False,VEHICLE BACKING IN INTERSECTION,BACKING,STRAIGHT & LEVEL,DAYLIGHT,,,6/10/23 12:58,False,3700,Accepted
31756812,50000,BARREN COUNTY SHERIFF DEPT.,Accepted,BARREN,LN9008,,LN9008 E,,,,,,,,,36.99557607,-85.98934496,8.164,6/9/23 0:00,1502.0,2,2,0,0,CLEAR,DRY,False,REAR END IN TRAFFIC LANES BOTH VEHICLES MOVING,REAR END,STRAIGHT & LEVEL,DAYLIGHT,,,6/12/23 16:35,False,181,Accepted
31754381,190500,HIGHLAND HEIGHTS POLICE DEPT.,Accepted,CAMPBELL,,,ALEXANDRIA,PIKE,,,,KY3490,JOHNS HILL,US0027,ALEXANDRIA,39.03147657,-84.4518029,0.006,6/9/23 0:00,809.0,2,2,0,0,CLOUDY,DRY,False,SIDESWIPE COLLISION - OPPOSITE DIRECTION,SIDESWIPE-OPPOSITE DIRECTION,CURVE & LEVEL,DAYLIGHT,,,6/12/23 9:30,False,505,Accepted
31748420,760100,BEREA POLICE DEPARTMENT,Accepted,MADISON,I 0075,,I75 N,,,,,,,,,37.57767862,-84.31337444,76.145,6/9/23 0:00,943.0,2,2,0,0,CLEAR,DRY,False,SIDESWIPE COLLISION - SAME DIRECTION,SIDESWIPE-SAME DIRECTION,STRAIGHT & LEVEL,DAYLIGHT,,,6/10/23 9:11,False,0229JB,Accepted
31760352,KSP0200,KY STATE POLICE POST 02,Accepted,CHRISTIAN,I 0024,,I24 W,,,,,,,,,36.65343639,-87.36389589,91.775,6/8/23 0:00,1231.0,2,2,0,0,CLEAR,DRY,False,SIDESWIPE COLLISION - SAME DIRECTION,SIDESWIPE-SAME DIRECTION,STRAIGHT & LEVEL,DAYLIGHT,,,6/13/23 11:41,False,185,Accepted
31739198,470000,HARDIN COUNTY SHERIFF DEPT.,Accepted,HARDIN,I 0065,,I65 S,,,,,,,,,37.59414871,-85.86927279,85.551,6/7/23 0:00,939.0,1,1,0,0,RAINING,WATER (STANDING OR MOVING),False,OTHER ROADWAY OR MID-BLOCK COLLISION,SINGLE VEHICLE,STRAIGHT & LEVEL,DAYLIGHT,,,6/8/23 8:44,False,984,Accepted
31742606,1140100,BOWLING GREEN POLICE,Accepted,WARREN,US0031W,,NASHVILLE,RD,,,,,LANSDALE,,OAKLAWN,36.9752005,-86.45825648,11.614,6/7/23 0:00,1432.0,3,3,0,0,CLEAR,DRY,False,REAR END IN TRAFFIC LANES BOTH VEHICLES MOVING,REAR END,STRAIGHT & LEVEL,DAYLIGHT,,,6/8/23 21:59,False,123,Accepted
31736618,590300,ERLANGER POLICE DEPARTMENT,Accepted,KENTON,,,JACQUELINE,DR,,,,KY0236,STEVENSON,,LEXINGTON,39.00352375,-84.58752356,0.291,6/7/23 0:00,1513.0,2,2,0,0,CLEAR,DRY,False,1 VEHICLE PARKED POSITION (NOT PARKING LOT/DRIVEWAY),BACKING,STRAIGHT & LEVEL,DAYLIGHT,,,6/7/23 17:06,False,167,Accepted
31737436,760100,BEREA POLICE DEPARTMENT,Accepted,MADISON,I 0075,,,,,,,,,,,37.67327686,-84.31363593,0.016,6/6/23 0:00,1152.0,2,2,0,0,CLOUDY,DRY,False,OTHER RAMP RELATED COLLISIONS NOT LISTED ABOVE,BACKING,STRAIGHT & LEVEL,DAYLIGHT,KY2872,I 0075,6/7/23 22:24,False,1489KM,Accepted
31735695,1180100,CORBIN POLICE DEPARTMENT,Accepted,WHITLEY,US0025W,,CUMBERLAND FALLS,HWY,,,,,,,,36.9183109,-84.12670168,29.783,6/6/23 0:00,133.0,2,2,0,0,CLEAR,DRY,False,1 VEHICLE ENTERING/LEAVING ENTRANCE,ANGLE,STRAIGHT & LEVEL,DAYLIGHT,,,6/7/23 14:12,False,420,Accepted
31739506,KSP0200,KY STATE POLICE POST 02,Accepted,CHRISTIAN,I 0024,,I24 E,,,,,,,,,36.69168363,-87.4264056,87.37,6/6/23 0:00,1445.0,2,2,0,0,CLEAR,DRY,False,OTHER ROADWAY OR MID-BLOCK COLLISION,REAR END,STRAIGHT & LEVEL,DAYLIGHT,,,6/8/23 9:41,False,185,Accepted
31748417,760100,BEREA POLICE DEPARTMENT,Accepted,MADISON,I 0075,,I75 S,,,,,,,,,37.57261577,-84.3143572,75.811,6/6/23 0:00,1234.0,1,1,0,0,CLEAR,DRY,False,COLLISION WITH FIXED OBJECT NON - INTERSECTION - FIRST EVENT COLLISION 09 - 32 EXCLUDING 16,SINGLE VEHICLE,STRAIGHT & LEVEL,DAYLIGHT,,,6/10/23 9:11,False,0229JB,Accepted
31731081,1200100,VERSAILLES POLICE DEPARTMENT,Accepted,WOODFORD,,,MACEY,AVE,,,GARNETT,,,,,38.04770943,-84.73199892,0.16,6/6/23 0:00,808.0,1,1,0,0,CLEAR,DRY,False,COLLISION WITH FIXED OBJECT IN INTERSECTION - FIRST EVENT COLLISION 09 - 32,SINGLE VEHICLE,STRAIGHT & LEVEL,DAYLIGHT,,,6/6/23 16:23,False,119,Accepted
31728454,KSP0200,KY STATE POLICE POST 02,Accepted,CHRISTIAN,I 0024,,I24 E,,,,,,,,,36.65412539,-87.36544002,91.68,6/5/23 0:00,901.0,2,2,0,0,CLEAR,DRY,False,OTHER ROADWAY OR MID-BLOCK COLLISION,REAR END,STRAIGHT & LEVEL,DAYLIGHT,,,6/6/23 7:48,False,139,Accepted
31731311,591900,INDEPENDENCE POLICE DEPARTMENT,Accepted,KENTON,,,DECLARATION,DR,,,,,DELAWARE CROSSING,,RICHARD WAINSCOTT,38.92780564,-84.54745748,,6/5/23 0:00,1518.0,2,2,0,0,CLEAR,DRY,False,VEHICLE BACKING NON INTERSECTION,BACKING,STRAIGHT & LEVEL,DAYLIGHT,,,6/6/23 17:02,False,30,Accepted
31745510,KSP1100,KY STATE POLICE POST 11,Accepted,ROCKCASTLE,I 0075,,I75 N,,,,,,,,,37.5126655,-84.32174853,71.61,6/4/23 0:00,1127.0,2,2,0,0,CLEAR,DRY,False,REAR END IN TRAFFIC LANES BOTH VEHICLES MOVING,REAR END,STRAIGHT & LEVEL,DAYLIGHT,,,6/9/23 13:13,False,287,Accepted
31902118,970000,PERRY COUNTY SHERIFF,Accepted,PERRY,KY0028,,KY28,,,,,,,,,37.35516049,-83.32093107,14.912,6/4/23 0:00,1811.0,2,2,0,0,CLOUDY,DRY,False,REAR END IN TRAFFIC LANES BOTH VEHICLES MOVING,REAR END,STRAIGHT & LEVEL,DAYLIGHT,,,7/17/23 8:24,False,510,Accepted
31742872,1000100,SOMERSET POLICE DEPARTMENT,Accepted,PULASKI,KY0461,,KY461,,,,BARNESBURG,,,,,37.16683078,-84.49336089,0.547,6/3/23 0:00,1654.0,2,2,0,0,CLEAR,DRY,False,ANGLE COLLISION - ONE VEHICLE TURNING LEFT,ANGLE,STRAIGHT & GRADE,DAYLIGHT,,,6/8/23 23:57,False,27,Accepted
31856901,1050100,GEORGETOWN POLICE DEPARTMENT,Accepted,SCOTT,I 0075,,I75 S,,,,,,,,,38.29244054,-84.5588852,130.343,6/3/23 0:00,600.0,1,1,0,0,CLEAR,DRY,False,OTHER COLLISIONS ON SHOULDER,SINGLE VEHICLE,STRAIGHT & LEVEL,DAYLIGHT,,,7/6/23 8:51,False,844,Accepted
31723930,568000,LOUISVILLE METRO POLICE DEPT,Accepted,JEFFERSON,I 0265,,I265 WB,,,,,I 0265,I265 WB EXIT17 ON RAMP FROM US31E,I 0265,I265 WB EXIT15 OFF RAMP TO KY864,38.1281542,-85.60628077,15.697,6/3/23 0:00,542.0,1,1,0,0,CLEAR,DRY,False,OTHER ROADWAY OR MID-BLOCK COLLISION,SINGLE VEHICLE,CURVE & GRADE,DARK-HWY LIGHTED/ON,,,6/5/23 9:53,False,5141,Accepted
31721315,1050100,GEORGETOWN POLICE DEPARTMENT,Accepted,SCOTT,I 0075,,I75 N,,,,,,,,,38.22965403,-84.54017741,125.846,6/2/23 0:00,1737.0,3,3,0,0,CLEAR,DRY,False,SIDESWIPE COLLISION - SAME DIRECTION,SIDESWIPE-SAME DIRECTION,STRAIGHT & LEVEL,DAYLIGHT,,,6/4/23 20:31,False,847,Accepted
32181632,470100,ELIZABETHTOWN POLICE DEPT.,Accepted,HARDIN,KY0251,,MILES,ST,N,,PANTHER,,,,,37.70558792,-85.85555459,0.76,6/1/23 0:00,1105.0,2,2,0,1,CLEAR,DRY,False,ANGLE COLLISION - OTHER,ANGLE,STRAIGHT & LEVEL,DAYLIGHT,,,9/12/23 15:00,False,129,Accepted
31709606,300100,OWENSBORO POLICE DEPARTMENT,Accepted,DAVIESS,,,3RD,ST,W,,CASTLEN,,,,,37.7727676,-87.12929699,0.407,6/1/23 0:00,1052.0,2,2,0,0,CLEAR,DRY,False,ANGLE COLLISION - OTHER,ANGLE,STRAIGHT & LEVEL,DAYLIGHT,,,6/1/23 15:17,False,290,Accepted
31714232,80000,BOONE COUNTY SHERIFF DEPT.,Accepted,BOONE,KY0338,,RICHWOOD,RD,,I 0075,I75 N EXIT175 OFF RAMP TO  RICHWOOD DR,,,,,38.91776837,-84.62767847,0.186,5/31/23 0:00,1700.0,2,2,0,0,CLEAR,DRY,False,ANGLE COLLISION - OTHER,ANGLE,CURVE & GRADE,DAYLIGHT,,,6/2/23 15:12,False,3713,Accepted
31707364,568000,LOUISVILLE METRO POLICE DEPT,Accepted,JEFFERSON,KY0841,,GENE SNYDER,FWY,,,,,,,,38.31715663,-85.59163594,35.3,5/31/23 0:00,1045.0,2,2,0,0,CLEAR,DRY,False,REAR END IN TRAFFIC LANES BOTH VEHICLES MOVING,REAR END,STRAIGHT & LEVEL,DAYLIGHT,,,6/1/23 7:24,False,7316,Accepted
31711642,410100,WILLIAMSTOWN POLICE DEPARTMENT,Accepted,GRANT,I 0075,,I75 S,,,,,,,,,38.60819792,-84.57709809,152.94,5/31/23 0:00,2217.0,2,2,0,0,CLEAR,DRY,False,SIDESWIPE COLLISION - SAME DIRECTION,SIDESWIPE-SAME DIRECTION,STRAIGHT & LEVEL,DARK-HWY NOT LIGHTED,,,6/2/23 2:16,False,W409,Accepted
31707396,568000,LOUISVILLE METRO POLICE DEPT,Accepted,JEFFERSON,I 0264,,I264 WB,,,,,,,,,38.26909985,-85.80809691,0.576,5/31/23 0:00,1447.0,2,2,0,0,CLEAR,DRY,False,SIDESWIPE COLLISION - SAME DIRECTION,SIDESWIPE-SAME DIRECTION,STRAIGHT & LEVEL,DAYLIGHT,,,6/1/23 7:26,False,8410,Accepted
31702022,568000,LOUISVILLE METRO POLICE DEPT,Accepted,JEFFERSON,I 0265,,I265 S,,,I 0064,I64 W EXIT19A RAMP TO I265 S,,,,,38.22323967,-85.50569029,25.481,5/30/23 0:00,1005.0,2,2,0,0,CLEAR,DRY,False,SIDESWIPE-SAME DIRECTION,SIDESWIPE-SAME DIRECTION,STRAIGHT & LEVEL,DAYLIGHT,,,5/31/23 7:34,False,7316,Accepted
31707549,730000,MCCRACKEN COUNTY SHERIFF DEPT.,Accepted,MCCRACKEN,,,LAKEVIEW,DR,,KY1286,FRIENDSHIP,,,,,37.04106393,-88.66478808,0.001,5/30/23 0:00,1454.0,2,2,0,0,CLOUDY,DRY,False,OTHER INTERSECTION COLLISIONS,REAR TO REAR,STRAIGHT & LEVEL,DAYLIGHT,,,6/1/23 8:09,False,26,Accepted
31701999,568000,LOUISVILLE METRO POLICE DEPT,Accepted,JEFFERSON,US0150,,BROADWAY,,W,,,,17TH,,18TH,38.24872083,-85.7802603,1.17,5/30/23 0:00,958.0,2,2,0,0,CLOUDY,DRY,False,1 VEHICLE PARKED POSITION (NOT PARKING LOT/DRIVEWAY),HEAD ON,STRAIGHT & LEVEL,DAYLIGHT,,,5/31/23 7:31,False,7957,Accepted
31695549,568000,LOUISVILLE METRO POLICE DEPT,Accepted,JEFFERSON,KY1450,,BLUE LICK,RD,,,WHITEOAK PARK,,,,,38.11851111,-85.68950214,2.325,5/28/23 0:00,2230.0,2,2,0,0,CLOUDY,DRY,False,HEAD-ON COLLISION,HEAD ON,STRAIGHT & LEVEL,DARK (UNKNOWN ROADWAY LIGHTING),,,5/30/23 8:02,False,5525,Accepted
31713340,90000,BOURBON COUNTY SHERIFF DEPT.,Accepted,BOURBON,US0460,,GEORGETOWN,RD,,,,,,,,38.22298294,-84.37828593,2.133,5/28/23 0:00,830.0,2,2,0,0,CLOUDY,WET,False,SIDESWIPE COLLISION - OPPOSITE DIRECTION,SIDESWIPE-OPPOSITE DIRECTION,STRAIGHT & HILLCREST,DAYLIGHT,,,6/2/23 11:42,False,806,Accepted
31690705,930400,OLDHAM COUNTY POLICE DEPT.,Accepted,OLDHAM,I 0071,,I71 S,,,,,I 0071,I71 S EXIT22 ON RAMP FROM KY53,I 0071,I71 S EXIT19 OFF RAMP TO KY393,38.38158937,-85.41974772,19.057,5/26/23 0:00,1822.0,2,2,0,0,CLEAR,DRY,False,SIDESWIPE COLLISION - SAME DIRECTION,SIDESWIPE-SAME DIRECTION,STRAIGHT & LEVEL,DAYLIGHT,,,5/29/23 4:34,False,3117,Accepted
31695339,568000,LOUISVILLE METRO POLICE DEPT,Accepted,JEFFERSON,I 0265,,I265 E,,,,,,,,,38.20852954,-85.50682462,24.497,5/26/23 0:00,913.0,2,2,0,0,CLEAR,DRY,False,OTHER ROADWAY OR MID-BLOCK COLLISION,REAR END,STRAIGHT & HILLCREST,DAYLIGHT,,,5/30/23 7:51,False,4903,Accepted
31692958,190200,CAMPBELL COUNTY POLICE DEPT.,Accepted,CAMPBELL,I 0275,,I275 E,,,,,I 0275,I275 TURN AROUND73,I 0275,I275 TURN AROUND73,39.05667202,-84.43117296,73.24,5/25/23 0:00,1809.0,2,2,0,0,CLEAR,DRY,False,OTHER ROADWAY OR MID-BLOCK COLLISION,REAR END,STRAIGHT & LEVEL,DAYLIGHT,,,5/29/23 19:28,False,25,Accepted
31681024,568000,LOUISVILLE METRO POLICE DEPT,Accepted,JEFFERSON,I 0064,,I64 EB,,,,,,,,,38.22277859,-85.51406395,18.517,5/25/23 0:00,1313.0,5,5,0,0,CLEAR,DRY,False,OTHER ROADWAY OR MID-BLOCK COLLISION,REAR END,STRAIGHT & LEVEL,DAYLIGHT,,,5/26/23 7:26,False,7751,Accepted
31685074,250100,WINCHESTER POLICE DEPARTMENT,Accepted,CLARK,KY1958,,BYPASS,RD,,,BROOKS PLACE,,,,,37.99002953,-84.21056723,3.544,5/25/23 0:00,1900.0,2,2,0,0,CLEAR,DRY,False,OTHER INTERSECTION COLLISIONS,REAR END,STRAIGHT & GRADE,DAYLIGHT,,,5/27/23 6:26,False,21073,Accepted
31698361,830000,MENIFEE COUNTY SHERIFF DEPT.,Accepted,MENIFEE,US0460,,MAIN,ST,,,,,,,,37.95227366,-83.64649755,7.526,5/25/23 0:00,1550.0,1,1,0,0,CLEAR,DRY,False,OTHER ROADWAY OR MID-BLOCK COLLISION,SINGLE VEHICLE,STRAIGHT & LEVEL,DAYLIGHT,,,5/30/23 15:00,False,304,Accepted
31730145,110000,BOYLE COUNTY SHERIFF'S OFFICE,Accepted,BOYLE,,128,ALLISON,CIR,,,,,,,,37.57731111,-84.802812,0.035,5/24/23 0:00,956.0,2,2,0,0,CLEAR,DRY,False,1 VEHICLE PARKED POSITION (NOT PARKING LOT/DRIVEWAY),BACKING,STRAIGHT & LEVEL,DAYLIGHT,,,6/6/23 13:23,False,26,Accepted
31675646,568000,LOUISVILLE METRO POLICE DEPT,Accepted,JEFFERSON,I 0264,,I264 E,,,,,I 0264,I264 E EXIT18 ON RAMP FROM KY1932 N,I 0264,I264 E EXIT18 TRANSIT,38.23000549,-85.63279682,18.138,5/24/23 0:00,2155.0,2,2,0,0,CLEAR,DRY,True,REAR END IN TRAFFIC LANES BOTH VEHICLES MOVING,REAR END,STRAIGHT & LEVEL,DARK-HWY LIGHTED/ON,,,5/25/23 7:29,False,6129,Accepted
31692373,80000,BOONE COUNTY SHERIFF DEPT.,Accepted,BOONE,KY0236,1379,DONALDSON,HWY,,,,,,,,39.04650471,-84.64131169,1.726,5/23/23 0:00,1338.0,2,2,0,0,CLEAR,DRY,True,REAR END IN TRAFFIC LANES BOTH VEHICLES MOVING,REAR END,STRAIGHT & LEVEL,DAYLIGHT,,,5/29/23 16:31,False,3707,Accepted
31667886,340200,LEXINGTON POLICE DEPARTMENT,Accepted,FAYETTE,KY0004,,NEW CIRCLE,RD,E,,,,SUNSHINE,,FLOYD,38.05007407,-84.45513605,12.229,5/23/23 0:00,1235.0,2,2,0,0,CLEAR,DRY,False,1 VEHICLE ENTERING/LEAVING ENTRANCE,ANGLE,STRAIGHT & LEVEL,DAYLIGHT,,,5/23/23 17:08,False,59791,Accepted
31747957,540000,HOPKINS COUNTY SHERIFF DEPT.,Accepted,HOPKINS,I 0069,,I69 N,,,,,,,,,37.30827705,-87.46717496,112.863,5/23/23 0:00,2147.0,2,2,0,1,CLEAR,DRY,False,1 VEHICLE ENTERING/LEAVING ENTRANCE,ANGLE,STRAIGHT & LEVEL,DARK-HWY NOT LIGHTED,,,6/10/23 3:57,False,315,Accepted
31665930,1180000,WHITLEY COUNTY SHERIFF DEPT.,Accepted,WHITLEY,US0025W,,CUMBERLAND FALLS,HWY,,,,,,,,36.86503174,-84.22242542,23.08,5/23/23 0:00,928.0,2,2,0,0,CLEAR,DRY,False,OTHER ROADWAY OR MID-BLOCK COLLISION,REAR END,STRAIGHT & HILLCREST,DAYLIGHT,,,5/23/23 10:24,False,307,Accepted
31673598,80000,BOONE COUNTY SHERIFF DEPT.,Accepted,BOONE,I 0075,,,,,,,,,,,38.91487379,-84.62855188,0.026,5/23/23 0:00,626.0,1,1,0,1,CLEAR,DRY,False,OTHER COLLISIONS ON SHOULDER,SINGLE VEHICLE,STRAIGHT & LEVEL,DAWN,,,5/24/23 20:15,False,3726,Accepted
31692926,760200,RICHMOND POLICE DEPARTMENT,Accepted,MADISON,I 0075,,I75 N,,,,,,,,,37.65830212,-84.31076005,81.716,5/23/23 0:00,1423.0,2,2,0,0,CLEAR,DRY,False,SIDESWIPE COLLISION - SAME DIRECTION,SIDESWIPE-SAME DIRECTION,STRAIGHT & LEVEL,DAYLIGHT,,,5/29/23 19:20,False,9362,Accepted
31701533,1050100,GEORGETOWN POLICE DEPARTMENT,Accepted,SCOTT,I 0075,,I75 N,,,,,,,,,38.30907727,-84.55856938,131.481,5/22/23 0:00,2100.0,2,2,0,0,CLEAR,DRY,False,SIDESWIPE COLLISION - SAME DIRECTION,SIDESWIPE-SAME DIRECTION,STRAIGHT & LEVEL,DARK-HWY LIGHTED/ON,,,5/31/23 5:23,False,834,Accepted
31670443,568000,LOUISVILLE METRO POLICE DEPT,Accepted,JEFFERSON,I 0064,,I64 WB,,,,,,,,,38.27537233,-85.81738491,0.531,5/22/23 0:00,1800.0,2,2,0,0,CLEAR,DRY,True,REAR END IN TRAFFIC LANES BOTH VEHICLES MOVING,REAR END,CURVE & LEVEL,DAYLIGHT,,,5/24/23 7:35,False,5282,Accepted
31659695,568000,LOUISVILLE METRO POLICE DEPT,Accepted,JEFFERSON,I 0265,,I265 WB,,,,,,,,,38.14207352,-85.57657738,17.566,5/21/23 0:00,1056.0,2,2,0,0,CLEAR,DRY,False,REAR END IN TRAFFIC LANES BOTH VEHICLES MOVING,REAR END,STRAIGHT & LEVEL,DAYLIGHT,,,5/22/23 8:05,False,2321,Accepted
31658420,930400,OLDHAM COUNTY POLICE DEPT.,Accepted,OLDHAM,I 0071,,I71 SB,,,,,,,,,38.39689582,-85.37963919,21.457,5/21/23 0:00,1050.0,2,2,0,0,CLEAR,DRY,False,REAR END IN TRAFFIC LANES BOTH VEHICLES MOVING,REAR END,STRAIGHT & LEVEL,DAYLIGHT,,,5/22/23 1:43,False,3060,Accepted