IncidentID,AgencyORI,AgencyName,IncidentStatusDesc,County,RdwyNumber,Street,RoadwayName,StreetSfx,StreetDir,IntersectionRdwy,IntersectionRdwyName,BetweenStRdwy1,BetweenStRdwyName1,BetweenStRdwy2,BetweenStRdwyName2,Latitude,Longitude,Milepoint,CollisionDate,CollisionTime,UnitsInvolved,MotorVehiclesInvolved,NumberKilled,NumberInjured,Weather,RdwyConditionCode,HitandRun,DirAnalysisCode,MannerofCollision,RdwyCharacter,LightCondition,RampFromRdwyId,RampToRdwyId,AcceptedDate,IsSecondaryCollision,OwnerBadge,IncidentStatus
31283833,KSP1100,KY STATE POLICE POST 11,Accepted,WHITLEY,US0025W,,US25W,,N,,ANGEL,,,,,36.8291952,-84.21198151,19.853,2/14/23 0:00,1530.0,2,2,0,0,CLEAR,DRY,False,OTHER INTERSECTION COLLISIONS,REAR END,STRAIGHT & LEVEL,DAYLIGHT,,,2/25/23 16:51,False,859,Accepted
31233370,340200,LEXINGTON POLICE DEPARTMENT,Accepted,FAYETTE,KY0004,,NEW CIRCLE,RD,W,,,KY0004,KY4 EXIT5A ON RAMP FROM US60 E,KY0004,KY4 EXIT2 OFF RAMP TO US68,38.02390089,-84.55622997,2.923,2/14/23 0:00,900.0,3,3,0,0,CLEAR,DRY,False,OTHER ROADWAY OR MID-BLOCK COLLISION,REAR END,STRAIGHT & LEVEL,DAYLIGHT,,,2/14/23 11:22,False,56481,Accepted
31233366,340200,LEXINGTON POLICE DEPARTMENT,Accepted,FAYETTE,KY0004,,NEW CIRCLE,RD,W,,,KY0004,KY4 EXIT5A ON RAMP FROM US60 EB,KY0004,KY4 EXIT2 OFF RAMP TO US68,38.02696569,-84.56027764,3.235,2/14/23 0:00,905.0,2,2,0,0,CLEAR,DRY,False,OTHER ROADWAY OR MID-BLOCK COLLISION,REAR END,STRAIGHT & LEVEL,DAYLIGHT,,,2/14/23 11:22,True,55323,Accepted
31233368,340200,LEXINGTON POLICE DEPARTMENT,Accepted,FAYETTE,KY0004,,NEW CIRCLE,RD,W,,,KY0004,KY4 EXIT6 ON RAMP FROM KY1681,KY0004,KY4 EXIT5B OFF RAMP TO US60 WB,38.05356411,-84.5599114,5.345,2/14/23 0:00,825.0,2,2,0,0,CLEAR,DRY,False,REAR END IN TRAFFIC LANES BOTH VEHICLES MOVING,REAR END,CURVE & GRADE,DAYLIGHT,,,2/14/23 11:22,False,55323,Accepted
31262213,80000,BOONE COUNTY SHERIFF DEPT.,Accepted,BOONE,KY0338,,RICHWOOD,RD,,I 0075,I75 S EXIT175 ON RAMP FROM  RICHWOOD DR,,,,,38.91719277,-84.63098649,0.38,2/13/23 0:00,1517.0,2,2,0,0,CLEAR,DRY,True,OPPOSITE DIRECTION - BOTH VEHICLES GOING STRAIGHT AHEAD,SIDESWIPE-OPPOSITE DIRECTION,CURVE & LEVEL,DAYLIGHT,,,2/21/23 1:19,False,3743,Accepted
31228912,110100,DANVILLE POLICE DEPARTMENT,Accepted,BOYLE,US0127,,MAIN,ST,W,,4TH,,,,,37.64593895,-84.77402793,5.522,2/12/23 0:00,958.0,2,2,0,0,CLOUDY,DRY,False,ANGLE COLLISION - ONE VEHICLE TURNING RIGHT,ANGLE,STRAIGHT & LEVEL,DAYLIGHT,,,2/13/23 14:49,False,696,Accepted
31269994,370000,FRANKLIN COUNTY SHERIFF,Accepted,FRANKLIN,I 0064,,I64 W,,,,,,,,,38.14723601,-84.97838983,48.384,2/11/23 0:00,1826.0,1,1,0,0,CLEAR,DRY,False,COLLISION WITH FIXED OBJECT NON - INTERSECTION - FIRST EVENT COLLISION 09 - 32 EXCLUDING 16,SINGLE VEHICLE,STRAIGHT & LEVEL,DAYLIGHT,,,2/22/23 12:13,False,1503,Accepted
31242895,930400,OLDHAM COUNTY POLICE DEPT.,Accepted,OLDHAM,I 0071,,I71 S,,,,,,,,,38.33823642,-85.5227878,12.719,2/10/23 0:00,1055.0,2,2,0,0,CLOUDY,DRY,False,REAR END IN TRAFFIC LANES BOTH VEHICLES MOVING,REAR END,STRAIGHT & GRADE,DAYLIGHT,,,2/16/23 8:48,False,3060,Accepted
31217420,340200,LEXINGTON POLICE DEPARTMENT,Accepted,FAYETTE,,,4TH,ST,W,,UPPER,,,,,38.05176324,-84.49137797,0.07,2/9/23 0:00,1050.0,2,2,0,0,CLEAR,DRY,False,ANGLE COLLISION - OTHER,ANGLE,STRAIGHT & LEVEL,DAYLIGHT,,,2/10/23 14:59,False,59791,Accepted
31248147,260100,MANCHESTER POLICE DEPARTMENT,Accepted,CLAY,US0421,,US421,,S,,,,,,,37.13889591,-83.76829844,16.922,2/9/23 0:00,1104.0,2,2,0,0,CLOUDY,DRY,False,VEHICLE BACKING NON INTERSECTION,BACKING,STRAIGHT & GRADE,DAYLIGHT,,,2/17/23 11:49,False,104,Accepted
31215638,568000,LOUISVILLE METRO POLICE DEPT,Accepted,JEFFERSON,I 0265,,I265 NB,,,I 0064,I64 WB,,,,,38.2233653,-85.50542418,25.524,2/9/23 0:00,1329.0,3,3,0,0,CLEAR,DRY,False,OTHER INTERSECTION COLLISIONS,REAR END,STRAIGHT & LEVEL,DAYLIGHT,,,2/10/23 8:17,False,7316,Accepted
31204998,150100,SHEPHERDSVILLE POLICE DEPT.,Accepted,BULLITT,KY0480,1900,CEDAR GROVE,RD,,,,,,,,37.98028089,-85.67866314,1.997,2/7/23 0:00,1220.0,2,2,0,0,CLEAR,DRY,True,REAR END IN TRAFFIC LANES BOTH VEHICLES MOVING,REAR END,STRAIGHT & LEVEL,DAYLIGHT,,,2/8/23 8:34,False,79,Accepted
31204858,568000,LOUISVILLE METRO POLICE DEPT,Accepted,JEFFERSON,I 0064,,I64 E,,,,,,,,,38.27554999,-85.81277888,0.851,2/7/23 0:00,1602.0,2,2,0,0,CLEAR,DRY,True,SIDESWIPE COLLISION - SAME DIRECTION,SIDESWIPE-SAME DIRECTION,CURVE & LEVEL,DAYLIGHT,,,2/8/23 8:02,False,7349,Accepted
31204939,340200,LEXINGTON POLICE DEPARTMENT,Accepted,FAYETTE,I 0075,,I75 N,,,,,I 0064,I64 W,I 0075,I75 N EXIT113 OFF RAMP TO US27,38.06615769,-84.44416896,111.968,2/7/23 0:00,1622.0,2,2,0,0,CLOUDY,DRY,True,SIDESWIPE COLLISION - SAME DIRECTION,SIDESWIPE-SAME DIRECTION,STRAIGHT & LEVEL,DAYLIGHT,,,2/8/23 8:05,False,56413,Accepted
31204849,568000,LOUISVILLE METRO POLICE DEPT,Accepted,JEFFERSON,I 0265,,I265 NB,,,,,,,,,38.28589902,-85.50894989,30.166,2/7/23 0:00,1104.0,2,2,0,0,CLOUDY,DRY,False,SIDESWIPE COLLISION - SAME DIRECTION,SIDESWIPE-SAME DIRECTION,STRAIGHT & GRADE,DAYLIGHT,,,2/8/23 8:01,False,7316,Accepted
31204862,568000,LOUISVILLE METRO POLICE DEPT,Accepted,JEFFERSON,,,CHESTNUT,ST,E,KY0061,JACKSON,,,,,38.24758398,-85.74523591,0.422,2/6/23 0:00,1009.0,2,2,0,2,CLEAR,DRY,False,ANGLE COLLISION - OTHER,ANGLE,STRAIGHT & LEVEL,DAYLIGHT,,,2/8/23 8:02,False,5338,Accepted
32714003,KSP1300,KY STATE POLICE POST 13,Accepted,BREATHITT,KY0015,,KY15,,,,,,,,,37.55740891,-83.38712621,17.787,2/2/23 0:00,54.0,2,2,1,0,CLOUDY,DRY,False,1 VEHICLE ENTERING/LEAVING ENTRANCE,ANGLE,STRAIGHT & LEVEL,DARK-HWY NOT LIGHTED,,,1/11/24 10:22,False,350,Accepted
31258840,920000,OHIO COUNTY SHERIFF DEPT.,Accepted,OHIO,WN9007,,WN9007 N,,,,,,,,,37.37072094,-86.80084202,42.232,2/2/23 0:00,1554.0,2,2,0,0,CLEAR,DRY,False,HEAD-ON COLLISION,HEAD ON,STRAIGHT & LEVEL,DAYLIGHT,,,2/20/23 10:57,False,1117,Accepted
31242769,568000,LOUISVILLE METRO POLICE DEPT,Accepted,JEFFERSON,I 0265,,I265 S,,,,,,,,,38.23815425,-85.50424475,26.512,2/2/23 0:00,732.0,2,2,0,0,CLOUDY,DRY,False,SIDESWIPE COLLISION - SAME DIRECTION,SIDESWIPE-SAME DIRECTION,STRAIGHT & LEVEL,DAWN,,,2/16/23 8:19,False,7571,Accepted
31177564,568000,LOUISVILLE METRO POLICE DEPT,Accepted,JEFFERSON,I 0265,,I265 S,,,,,,,,,38.22347078,-85.50572163,25.471,2/2/23 0:00,547.0,1,1,0,1,CLEAR,WET,False,OTHER ROADWAY OR MID-BLOCK COLLISION,SINGLE VEHICLE,STRAIGHT & LEVEL,DARK-HWY LIGHTED/ON,,,2/2/23 7:38,False,5329,Accepted
31183207,KSP1200,KY STATE POLICE POST 12,Accepted,FRANKLIN,I 0064,,I64 W,,,,,,,,,38.15183357,-84.95134894,49.926,2/2/23 0:00,749.0,1,1,0,0,CLOUDY,DRY,False,OTHER ROADWAY OR MID-BLOCK COLLISION,SINGLE VEHICLE,STRAIGHT & LEVEL,DAYLIGHT,,,2/3/23 9:45,False,358,Accepted
31193600,568000,LOUISVILLE METRO POLICE DEPT,Accepted,JEFFERSON,I 0265,,I265 SB,,,,,,,,,38.2215386,-85.50581747,25.363,2/1/23 0:00,1537.0,7,7,0,3,CLEAR,DRY,False,REAR END IN TRAFFIC LANES BOTH VEHICLES MOVING,REAR END,STRAIGHT & HILLCREST,DAYLIGHT,,,2/6/23 8:03,False,5282,Accepted
31152468,110100,DANVILLE POLICE DEPARTMENT,Accepted,BOYLE,US0127,,MAIN,ST,W,US0127,4TH,,,,,37.6459241,-84.77403439,5.524,1/26/23 0:00,1315.0,2,2,0,0,CLOUDY,WET,True,SIDESWIPE-SAME DIRECTION,SIDESWIPE-SAME DIRECTION,STRAIGHT & LEVEL,DAYLIGHT,,,1/27/23 7:18,False,774,Accepted
31143988,568000,LOUISVILLE METRO POLICE DEPT,Accepted,JEFFERSON,I 0265,,I265 N,,,,,,,,,38.2326308,-85.50455777,26.166,1/24/23 0:00,1438.0,2,2,0,0,CLEAR,DRY,False,SIDESWIPE COLLISION - SAME DIRECTION,SIDESWIPE-SAME DIRECTION,STRAIGHT & LEVEL,DAYLIGHT,,,1/25/23 13:08,False,7316,Accepted
31141490,KSP1400,KY STATE POLICE POST 14,Accepted,BOYD,US0060,,US60,,W,,,,,,,38.37831748,-82.75402696,1.532,1/24/23 0:00,1235.0,1,1,0,0,CLEAR,DRY,False,COLLISION WITH FIXED OBJECT NON - INTERSECTION - FIRST EVENT COLLISION 09 - 32 EXCLUDING 16,SINGLE VEHICLE,STRAIGHT & LEVEL,DAYLIGHT,,,1/25/23 0:25,False,710,Accepted
31117260,340200,LEXINGTON POLICE DEPARTMENT,Accepted,FAYETTE,I 0075,,I75 N,,,,,,,,,38.09459381,-84.47490595,114.559,1/18/23 0:00,1352.0,1,1,0,0,CLEAR,DRY,False,OTHER ROADWAY OR MID-BLOCK COLLISION,SINGLE VEHICLE,STRAIGHT & LEVEL,DAYLIGHT,,,1/19/23 12:11,False,55504,Accepted
31116411,340200,LEXINGTON POLICE DEPARTMENT,Accepted,FAYETTE,I 0075,,I75 S,,,,,,,,,38.08196774,-84.46041762,113.386,1/18/23 0:00,1040.0,2,2,0,0,CLOUDY,DRY,False,SIDESWIPE COLLISION - SAME DIRECTION,SIDESWIPE-SAME DIRECTION,STRAIGHT & LEVEL,DAYLIGHT,,,1/19/23 9:28,False,40593,Accepted
31150112,340200,LEXINGTON POLICE DEPARTMENT,Accepted,FAYETTE,,,MAXWELL,ST,E,,STONE,,,,,38.04049652,-84.49791014,0.267,1/18/23 0:00,1430.0,2,2,0,0,CLOUDY,DRY,False,COLLISION WITH PARKED VEHICLE,REAR END,STRAIGHT & LEVEL,DAYLIGHT,,,1/26/23 17:14,False,59791,Accepted
31175671,1020000,ROCKCASTLE COUNTY SHERIFF DEPT,Accepted,ROCKCASTLE,US0025,,WILDERNESS,RD,N,,,,,,,37.46264121,-84.3313246,22.353,1/17/23 0:00,1525.0,2,2,0,1,CLEAR,DRY,False,OTHER ROADWAY OR MID-BLOCK COLLISION,REAR END,STRAIGHT & GRADE,DAYLIGHT,,,2/1/23 18:53,False,1103,Accepted
31126327,1030100,MOREHEAD POLICE DEPARTMENT,Accepted,ROWAN,,,1ST,ST,W,,,,,,,38.17878189,-83.43557291,0.161,1/17/23 0:00,658.0,2,2,0,0,RAINING,WET,False,1 VEHICLE PARKED POSITION (NOT PARKING LOT/DRIVEWAY),BACKING,STRAIGHT & LEVEL,DARK-HWY LIGHTED/ON,,,1/21/23 9:00,False,112,Accepted
31100689,568000,LOUISVILLE METRO POLICE DEPT,Accepted,JEFFERSON,I 0265,,I265 E,,,,,I 0265,I265 E EXIT23 ON RAMP FROM KY155,I 0064,I265 N EXIT25A RAMP TO I64 E,38.20060672,-85.50754254,23.948,1/15/23 0:00,1418.0,2,2,0,0,CLEAR,DRY,False,REAR END IN TRAFFIC LANES BOTH VEHICLES MOVING,REAR END,STRAIGHT & GRADE,DAYLIGHT,,,1/16/23 7:57,False,2109,Accepted
31100659,568000,LOUISVILLE METRO POLICE DEPT,Accepted,JEFFERSON,I 0265,,I265 N,,,,,,,,,38.21824997,-85.50598305,25.232,1/15/23 0:00,342.0,1,1,0,0,CLEAR,DRY,False,COLLISION WITH FIXED OBJECT NON - INTERSECTION - FIRST EVENT COLLISION 09 - 32 EXCLUDING 16,SINGLE VEHICLE,STRAIGHT & LEVEL,DARK-HWY LIGHTED/ON,,,1/16/23 7:54,False,5329,Accepted
31100643,568000,LOUISVILLE METRO POLICE DEPT,Accepted,JEFFERSON,I 0265,,I265 N,,,,,,,,,38.21824997,-85.50598305,25.232,1/14/23 0:00,2009.0,1,1,0,0,CLEAR,DRY,False,COLLISION WITH FIXED OBJECT NON - INTERSECTION - FIRST EVENT COLLISION 09 - 32 EXCLUDING 16,SINGLE VEHICLE,STRAIGHT & LEVEL,DARK-HWY LIGHTED/ON,,,1/16/23 7:54,False,5329,Accepted
31089437,568000,LOUISVILLE METRO POLICE DEPT,Accepted,JEFFERSON,I 0071,,I71 SB,,,,,,,,,38.31929845,-85.56689412,9.978,1/12/23 0:00,1720.0,2,2,0,0,CLEAR,WET,False,SIDESWIPE COLLISION - SAME DIRECTION,SIDESWIPE-SAME DIRECTION,STRAIGHT & LEVEL,DARK-HWY NOT LIGHTED,,,1/13/23 7:25,False,7369,Accepted
31089412,568000,LOUISVILLE METRO POLICE DEPT,Accepted,JEFFERSON,I 0071,,I71 S,,,,,,,,,38.31867971,-85.56980328,9.813,1/12/23 0:00,815.0,2,2,0,1,RAINING,WET,False,REAR END IN TRAFFIC LANES BOTH VEHICLES MOVING,REAR END,STRAIGHT & LEVEL,DAWN,,,1/13/23 7:24,False,7316,Accepted
31100692,340200,LEXINGTON POLICE DEPARTMENT,Accepted,FAYETTE,KY1681,,MANCHESTER,ST,,,,,WILLARD,,TARR,38.0530802,-84.5101745,7.484,1/12/23 0:00,1250.0,2,2,0,0,RAINING,WET,False,1 VEHICLE PARKED POSITION (NOT PARKING LOT/DRIVEWAY),BACKING,STRAIGHT & LEVEL,DAYLIGHT,,,1/16/23 7:58,False,56481,Accepted
31086756,110100,DANVILLE POLICE DEPARTMENT,Accepted,BOYLE,US0127,,4TH,ST,S,,MARTIN LUTHER KING,,,,,37.64370781,-84.77425558,5.252,1/11/23 0:00,1329.0,2,2,0,0,CLOUDY,DRY,False,ANGLE COLLISION - OTHER,ANGLE,STRAIGHT & GRADE,DAYLIGHT,,,1/12/23 15:52,False,731,Accepted
31067570,340200,LEXINGTON POLICE DEPARTMENT,Accepted,FAYETTE,,,JEFFERSON,ST,,,6TH,,,,,38.05936728,-84.49261809,0.774,1/10/23 0:00,1420.0,2,2,0,0,CLEAR,DRY,False,COLLISION WITH PARKED VEHICLE,REAR END,STRAIGHT & LEVEL,DAYLIGHT,,,1/10/23 22:09,False,59791,Accepted
31069291,930400,OLDHAM COUNTY POLICE DEPT.,Accepted,OLDHAM,I 0071,,I71 N,,,,,,,,,38.33533138,-85.52691561,12.4,1/10/23 0:00,1420.0,2,2,0,0,CLEAR,DRY,True,SIDESWIPE COLLISION - SAME DIRECTION,SIDESWIPE-SAME DIRECTION,STRAIGHT & GRADE,DAYLIGHT,,,1/11/23 8:03,False,3060,Accepted
31067787,340200,LEXINGTON POLICE DEPARTMENT,Accepted,FAYETTE,KY1974,,TATES CREEK,RD,,,CLEARWATER,,,,,37.96292049,-84.49475729,7.349,1/10/23 0:00,1531.0,2,2,0,0,CLEAR,DRY,True,COLLISION WITH PARKED VEHICLE,SIDESWIPE-SAME DIRECTION,CURVE & GRADE,DAYLIGHT,,,1/10/23 23:38,False,58943,Accepted
31069164,568000,LOUISVILLE METRO POLICE DEPT,Accepted,JEFFERSON,,,13TH,ST,S,US0150,BROADWAY,,,,,38.24781774,-85.77323821,0.643,1/9/23 0:00,1058.0,2,2,0,0,CLEAR,DRY,False,OTHER INTERSECTION COLLISIONS,REAR END,STRAIGHT & LEVEL,DAYLIGHT,,,1/11/23 7:33,False,5338,Accepted
31057990,568000,LOUISVILLE METRO POLICE DEPT,Accepted,JEFFERSON,I 0265,,I265 S,,,,,,,,,38.26442719,-85.50173404,28.33,1/8/23 0:00,207.0,1,1,0,0,CLEAR,DRY,False,VEHICLE GOING IN WRONG DIRECTION,SINGLE VEHICLE,STRAIGHT & LEVEL,DARK-HWY NOT LIGHTED,,,1/9/23 7:53,False,2053,Accepted
30997483,568000,LOUISVILLE METRO POLICE DEPT,Accepted,JEFFERSON,I 0265,,I265 W,,,,,,,,,38.20693507,-85.50730536,24.353,1/1/23 0:00,456.0,1,1,0,0,FOG,DRY,False,COLLISION WITH FIXED OBJECT NON - INTERSECTION - FIRST EVENT COLLISION 09 - 32 EXCLUDING 16,SINGLE VEHICLE,STRAIGHT & LEVEL,DARK-HWY LIGHTED/ON,,,1/2/23 10:09,False,5329,Accepted
31014534,1140000,WARREN COUNTY SHERIFF DEPT.,Accepted,WARREN,KY0622,,PLANO,RD,,,PLANO RICHPOND,,,,,36.880250363,-86.418665189,5.261,12/31/2022 12:00:00 AM,1725.0,2,2,0,0,CLOUDY,WET,False,ANGLE COLLISION - OTHER,ANGLE,STRAIGHT & LEVEL,DARK-HWY NOT LIGHTED,,,1/3/2023 6:09:07 PM,False,415,Accepted
30997413,0568000,LOUISVILLE METRO POLICE DEPT,Accepted,JEFFERSON,I 0265,,I265 NB,,,I 0265,I265 NB EXIT27 ON RAMP FROM US60,,,,,38.247798963,-85.502987,27.216,12/30/2022 12:00:00 AM,1256.0,2,2,0,0,CLEAR,DRY,False,OTHER INTERSECTION COLLISIONS,REAR END,STRAIGHT & LEVEL,DAYLIGHT,,,1/2/2023 10:04:22 AM,False,8410,Accepted
30987621,0568000,LOUISVILLE METRO POLICE DEPT,Accepted,JEFFERSON,I 0265,,I265 NB,,,,,,,,,38.278503059,-85.500062399,29.37,12/28/2022 12:00:00 AM,1558.0,2,2,0,0,CLOUDY,DRY,False,REAR END IN TRAFFIC LANES BOTH VEHICLES MOVING,REAR END,STRAIGHT & LEVEL,DAYLIGHT,,,12/30/2022 8:39:14 AM,False,7751,Accepted
30997863,0150100,SHEPHERDSVILLE POLICE DEPT.,Accepted,BULLITT,KY0480,,CEDAR GROVE,RD,,,,,,,,37.979517849,-85.668603285,2.566,12/27/2022 12:00:00 AM,952.0,1,1,0,0,CLOUDY,WET,False,OTHER COLLISIONS ON SHOULDER,SINGLE VEHICLE,STRAIGHT & LEVEL,DAYLIGHT,,,1/2/2023 11:59:05 AM,False,089,Accepted
30983788,0568000,LOUISVILLE METRO POLICE DEPT,Accepted,JEFFERSON,I 0265,,I265 N,,,,,,,,,38.222423202,-85.505499084,25.459,12/27/2022 12:00:00 AM,1906.0,2,2,0,0,CLOUDY,WET,False,COLLISION WITH NON-FIXED OBJECT ,BACKING,STRAIGHT & LEVEL,DARK-HWY LIGHTED/ON,,,12/29/2022 9:18:44 AM,False,5329,Accepted
31173570,0470000,HARDIN COUNTY SHERIFF DEPT.,Accepted,HARDIN,I 0065,,I65 SB,,,,,,,,,37.594936738,-85.869147655,85.609,12/25/2022 12:00:00 AM,1430.0,1,1,0,0,CLEAR,WET,False,OTHER ROADWAY OR MID-BLOCK COLLISION,SINGLE VEHICLE,STRAIGHT & LEVEL,DAYLIGHT,,,2/1/2023 10:43:33 AM,False,988,Accepted
31154772,KSP0400,KY STATE POLICE POST 04,Accepted,HARDIN,I 0065,,I65 S,,,,,,,,,37.575486429,-85.873356005,84.236,12/22/2022 12:00:00 AM,2122.0,2,2,0,2,BLOWING SAND/SOIL/DIRT/SNOW,SNOW/SLUSH,False,SIDESWIPE COLLISION - SAME DIRECTION,SIDESWIPE-SAME DIRECTION,STRAIGHT & LEVEL,DARK-HWY NOT LIGHTED,,,1/27/2023 4:25:39 PM,False,149,Accepted
30964992,0568000,LOUISVILLE METRO POLICE DEPT,Accepted,JEFFERSON,US0031W,,DIXIE,HWY,,,ABBOTTS BEACH,,,,,38.011684145,-85.928541915,1.06,12/21/2022 12:00:00 AM,555.0,2,2,0,0,CLOUDY,DRY,False,OTHER INTERSECTION COLLISIONS,REAR END,STRAIGHT & LEVEL,DAWN,,,12/22/2022 7:21:31 AM,False,2936,Accepted
30965865,0370200,KY STATE POLICE CVE,Accepted,HENRY,I 0071,,I71 S,,,,,,,,,38.555169967,-85.203761179,36.32,12/20/2022 12:00:00 AM,1350.0,2,2,0,0,CLEAR,DRY,False,REAR END IN TRAFFIC LANES BOTH VEHICLES MOVING,REAR END,STRAIGHT & GRADE,DAYLIGHT,,,12/22/2022 11:04:49 AM,False,C-109,Accepted
31059529,0340200,LEXINGTON POLICE DEPARTMENT,Accepted,FAYETTE,I 0075,,I75 N,,,,,I 0075,I75 N EXIT113 OFF RAMP TO US27,I 0064,I64 W,38.07481093,-84.45483257,112.8,12/16/2022 12:00:00 AM,848.0,3,3,0,1,CLEAR,DRY,False,SIDESWIPE COLLISION - SAME DIRECTION,SIDESWIPE-SAME DIRECTION,STRAIGHT & LEVEL,DAYLIGHT,,,1/9/2023 1:00:30 PM,False,49746,Accepted
30945862,1000100,SOMERSET POLICE DEPARTMENT,Accepted,PULASKI,KY0461,,KY461,,,,,,MARK SHOPVILLE,,BARNESBURG,37.162839022,-84.496688108,0.225,12/16/2022 12:00:00 AM,1620.0,2,2,0,1,CLEAR,DRY,False,SIDESWIPE COLLISION - OPPOSITE DIRECTION,SIDESWIPE-OPPOSITE DIRECTION,STRAIGHT & LEVEL,DAYLIGHT,,,12/17/2022 11:06:11 AM,False,42,Accepted
30951006,1190000,WOLFE COUNTY SHERIFF DEPT.,Accepted,WOLFE,KY2028,,FLATMARY,RD,,,,,,,,37.695708856,-83.518555981,2.361,12/15/2022 12:00:00 AM,1035.0,2,2,0,0,CLEAR,DRY,False,VEHICLE BACKING NON INTERSECTION,BACKING,STRAIGHT & LEVEL,DAYLIGHT,,,12/19/2022 8:09:06 AM,False,11,Accepted
30933846,KSP0700,KY STATE POLICE POST 07,Accepted,MADISON,KY0021,,BIG HILL,RD,,,,,,,,37.563593162,-84.257002686,11.063,12/13/2022 12:00:00 AM,1700.0,2,2,0,0,CLEAR,DRY,False,1 VEHICLE ENTERING/LEAVING ENTRANCE,ANGLE,STRAIGHT & LEVEL,DAYLIGHT,,,12/14/2022 1:12:18 PM,False,125,Accepted
30924641,0110100,DANVILLE POLICE DEPARTMENT,Accepted,BOYLE,,,4TH,ST,N,,,US0127,MAIN,,BROADWAY,37.647126288,-84.773925127,0.083,12/12/2022 12:00:00 AM,1230.0,2,2,0,0,CLEAR,DRY,False,1 VEHICLE PARKED POSITION (NOT PARKING LOT/DRIVEWAY),SIDESWIPE-SAME DIRECTION,STRAIGHT & LEVEL,DAYLIGHT,,,12/12/2022 2:36:54 PM,False,696,Accepted
30931244,1000000,PULASKI COUNTY SHERIFF DEPT.,Accepted,PULASKI,KY0461,,KY461,,,KY3268,OLD MOUNT VERNON,,,,,37.188739727,-84.471327955,2.5,12/10/2022 12:00:00 AM,1804.0,2,2,0,0,CLOUDY,WET,False,OTHER INTERSECTION COLLISIONS,REAR END,STRAIGHT & LEVEL,DARK-HWY NOT LIGHTED,,,12/13/2022 11:30:18 PM,False,1145,Accepted
30923136,0568000,LOUISVILLE METRO POLICE DEPT,Accepted,JEFFERSON,I 0265,,I265 NB,,,,,,,,,38.224998676,-85.505287126,25.637,12/9/2022 12:00:00 AM,1337.0,2,2,0,0,CLEAR,DRY,False,SIDESWIPE COLLISION - SAME DIRECTION,SIDESWIPE-SAME DIRECTION,STRAIGHT & LEVEL,DAYLIGHT,,,12/12/2022 9:50:28 AM,False,2142,Accepted
30910220,0080000,BOONE COUNTY SHERIFF DEPT.,Accepted,BOONE,KY0338,,RICHWOOD,RD,,,FROGTOWN CONN,,,,,38.916613195,-84.632271132,0.459,12/6/2022 12:00:00 AM,2023.0,2,2,0,0,RAINING,WET,False,OTHER INTERSECTION COLLISIONS,REAR END,STRAIGHT & LEVEL,DARK-HWY NOT LIGHTED,,,12/8/2022 1:46:13 PM,False,3704,Accepted
30911552,0300000,DAVIESS COUNTY SHERIFF DEPT.,Accepted,DAVIESS,US0060,,US60,,,,,,KELLY CEMETERY,,TOLER BRIDGE,37.882903325,-86.967368171,30.092,12/5/2022 12:00:00 AM,717.0,4,4,0,3,CLOUDY,WET,False,OTHER ROADWAY OR MID-BLOCK COLLISION,REAR TO REAR,STRAIGHT & GRADE,DAYLIGHT,,,12/8/2022 6:35:30 PM,False,1120,Accepted
30899985,0930400,OLDHAM COUNTY POLICE DEPT.,Accepted,OLDHAM,I 0071,,I71 S,,,,,,,,,38.366514554,-85.451076044,17.121,12/5/2022 12:00:00 AM,1504.0,2,2,0,0,CLOUDY,DRY,False,VEHICLE BACKING NON INTERSECTION,BACKING,STRAIGHT & LEVEL,DAYLIGHT,,,12/6/2022 11:19:33 AM,False,3072,Accepted
30959873,0340200,LEXINGTON POLICE DEPARTMENT,Accepted,FAYETTE,I 0075,,I75 S,,,,,,,,,38.075769534,-84.455972446,112.896,12/3/2022 12:00:00 AM,625.0,2,2,0,0,RAINING,WET,False,REAR END IN TRAFFIC LANES BOTH VEHICLES MOVING,REAR END,STRAIGHT & LEVEL,DARK-HWY LIGHTED/ON,,,12/21/2022 5:31:29 AM,False,44376,Accepted
30885516,0568000,LOUISVILLE METRO POLICE DEPT,Accepted,JEFFERSON,,,OMAR KHAYYAM,BLVD,,,JOHNSONTOWN,,,,,38.121615442,-85.869923766,0.003,12/2/2022 12:00:00 AM,345.0,2,2,0,0,CLEAR,DRY,True,OPPOSITE DIRECTION - BOTH VEHICLES GOING STRAIGHT AHEAD,SIDESWIPE-OPPOSITE DIRECTION,STRAIGHT & LEVEL,DARK-HWY LIGHTED/ON,,,12/2/2022 8:08:47 AM,False,5211,Accepted
30911570,KSP0400,KY STATE POLICE POST 04,Accepted,HARDIN,I 0065,,I65 S,,,,,,,,,37.605130312,-85.866901209,86.308,12/2/2022 12:00:00 AM,2320.0,2,2,0,0,RAINING,WET,False,SIDESWIPE COLLISION - SAME DIRECTION,SIDESWIPE-SAME DIRECTION,STRAIGHT & LEVEL,DARK-HWY NOT LIGHTED,,,12/8/2022 6:42:06 PM,False,875,Accepted
30904922,KSP3200,KY STATE POLICE DESI WEST,Accepted,HARDIN,US0031W,,DIXIE,AVE,N,,,,,,,37.71775817,-85.878771581,18.707,12/2/2022 12:00:00 AM,1303.0,4,4,0,1,CLEAR,DRY,False,REAR END IN TRAFFIC LANES BOTH VEHICLES MOVING,REAR END,STRAIGHT & LEVEL,DAYLIGHT,,,12/7/2022 10:55:20 AM,False,0197,Accepted