IncidentID,AgencyORI,AgencyName,IncidentStatusDesc,County,RdwyNumber,Street,RoadwayName,StreetSfx,StreetDir,IntersectionRdwy,IntersectionRdwyName,BetweenStRdwy1,BetweenStRdwyName1,BetweenStRdwy2,BetweenStRdwyName2,Latitude,Longitude,Milepoint,CollisionDate,CollisionTime,UnitsInvolved,MotorVehiclesInvolved,NumberKilled,NumberInjured,Weather,RdwyConditionCode,HitandRun,DirAnalysisCode,MannerofCollision,RdwyCharacter,LightCondition,RampFromRdwyId,RampToRdwyId,AcceptedDate,IsSecondaryCollision,OwnerBadge,IncidentStatus
30892927,0470000,HARDIN COUNTY SHERIFF DEPT.,Accepted,HARDIN,I 0065,,I65 N,,,,,,,,,37.583757365,-85.871108661,84.82,12/1/2022 12:00:00 AM,1650.0,2,2,0,0,CLEAR,DRY,True,REAR END IN TRAFFIC LANES BOTH VEHICLES MOVING,REAR END,STRAIGHT & LEVEL,DAYLIGHT,,,12/4/2022 7:28:09 PM,False,6,Accepted
30885802,KSP0900,KY STATE POLICE POST 09,Accepted,PIKE,US0460,,US460,,,,,,,,,37.424121762,-82.468886893,3.511,12/1/2022 12:00:00 AM,750.0,3,1,0,2,CLEAR,DRY,False,OTHER ROADWAY OR MID-BLOCK COLLISION,REAR END,CURVE & LEVEL,DAYLIGHT,,,12/2/2022 8:57:22 AM,False,505,Accepted
30956301,0260100,MANCHESTER POLICE DEPARTMENT,Accepted,CLAY,US0421,,US421,,S,,,,,,,37.136475686,-83.762867172,16.563,12/1/2022 12:00:00 AM,741.0,2,2,0,0,CLEAR,DRY,False,REAR END IN TRAFFIC LANES BOTH VEHICLES MOVING,REAR END,CURVE & LEVEL,DAWN,,,12/20/2022 10:09:41 AM,False,106,Accepted
30885774,0080000,BOONE COUNTY SHERIFF DEPT.,Accepted,BOONE,I 0075,,,,,,,,,,,38.919166521,-84.630166811,0.131,12/1/2022 12:00:00 AM,1336.0,2,2,0,0,CLOUDY,DRY,False,OTHER RAMP RELATED COLLISIONS NOT LISTED ABOVE,SIDESWIPE-SAME DIRECTION,STRAIGHT & GRADE,DAYLIGHT,I 0075,RICHWOOD DR,12/2/2022 9:23:51 AM,False,3743,Accepted
30928608,KSP0600,KY STATE POLICE POST 06,Accepted,GRANT,I 0075,,I75 S,,,,,,,,,38.583356089,-84.588441416,151.114,11/29/2022 12:00:00 AM,1329.0,2,2,0,0,CLEAR,DRY,False,SIDESWIPE COLLISION - SAME DIRECTION,SIDESWIPE-SAME DIRECTION,STRAIGHT & LEVEL,DAYLIGHT,,,12/13/2022 11:45:45 AM,False,751,Accepted
30960089,0568000,LOUISVILLE METRO POLICE DEPT,Accepted,JEFFERSON,I 0265,,I265 EB,,,,,I 0265,I265 EB EXIT23 ON RAMP FROM KY155,I 0064,I265 NB EXIT25A RAMP TO I64 EB,38.201345111,-85.507485587,23.999,11/29/2022 12:00:00 AM,735.0,3,3,0,0,CLEAR,DRY,False,REAR END IN TRAFFIC LANES BOTH VEHICLES MOVING,REAR END,STRAIGHT & HILLCREST,DAYLIGHT,,,12/21/2022 7:47:10 AM,False,2506,Accepted
30895578,KSP0200,KY STATE POLICE POST 02,Accepted,CHRISTIAN,I 0024,,I24 W,,,,,,,,,36.646061001,-87.344719957,92.957,11/29/2022 12:00:00 AM,824.0,2,2,0,0,CLEAR,DRY,False,REAR END IN TRAFFIC LANES BOTH VEHICLES MOVING,REAR END,STRAIGHT & LEVEL,DAYLIGHT,,,12/5/2022 10:59:55 AM,False,449,Accepted
30862561,1000100,SOMERSET POLICE DEPARTMENT,Accepted,PULASKI,KY0461,,KY461,,,,,KY0461,KY461 TURN LANE,,MARK SHOPVILLE,37.161004882,-84.497574729,0.097,11/27/2022 12:00:00 AM,331.0,2,2,0,0,RAINING,WET,False,SIDESWIPE COLLISION - SAME DIRECTION,SIDESWIPE-SAME DIRECTION,STRAIGHT & LEVEL,DARK-HWY NOT LIGHTED,,,11/27/2022 7:34:47 AM,False,23,Accepted
30876252,0470000,HARDIN COUNTY SHERIFF DEPT.,Accepted,HARDIN,I 0065,,I65 S,,,,,,,,,37.608879768,-85.866094384,86.575,11/26/2022 12:00:00 AM,1300.0,2,2,0,2,CLOUDY,DRY,False,REAR END IN TRAFFIC LANES BOTH VEHICLES MOVING,REAR END,CURVE & LEVEL,DAYLIGHT,,,11/30/2022 9:38:16 AM,False,961,Accepted
30858250,0020100,SCOTTSVILLE POLICE DEPARTMENT,Accepted,ALLEN,US0231,,VETERANS MEMORIAL,HWY,,,,,,,,36.756255137,-86.216081518,0.156,11/23/2022 12:00:00 AM,640.0,2,2,0,0,CLEAR,DRY,False,SIDESWIPE COLLISION - SAME DIRECTION,SIDESWIPE-SAME DIRECTION,STRAIGHT & LEVEL,DAYLIGHT,,,11/25/2022 6:14:12 PM,True,11726,Accepted
30854723,0470100,ELIZABETHTOWN POLICE DEPT.,Accepted,HARDIN,US0031W,,DIXIE,AVE,N,,DIECKS,,,,,37.708443986,-85.874033538,18.051,11/23/2022 12:00:00 AM,2247.0,1,1,0,0,CLEAR,DRY,False,OTHER INTERSECTION COLLISIONS,SINGLE VEHICLE,STRAIGHT & LEVEL,DARK-HWY LIGHTED/ON,,,11/24/2022 3:44:05 AM,False,0148,Accepted
30865670,0568000,LOUISVILLE METRO POLICE DEPT,Accepted,JEFFERSON,I 0064,,,,,,,,,,,38.221868766,-85.505445138,0.194,11/23/2022 12:00:00 AM,1638.0,2,2,0,0,CLEAR,DRY,False,OTHER RAMP RELATED COLLISIONS NOT LISTED ABOVE,REAR END,CURVE & HILLCREST,DAYLIGHT,I 0064,I 0265,11/28/2022 8:09:36 AM,False,2109,Accepted
30907501,0260100,MANCHESTER POLICE DEPARTMENT,Accepted,CLAY,US0421,,US421,,S,,,,,,,37.136680044,-83.7634982,16.6,11/22/2022 12:00:00 AM,1113.0,2,2,0,0,CLEAR,DRY,False,SIDESWIPE COLLISION - SAME DIRECTION,SIDESWIPE-SAME DIRECTION,STRAIGHT & LEVEL,DAYLIGHT,,,12/7/2022 10:02:54 PM,False,104,Accepted
30875659,0080500,CINCINNATI-N KY INT AIRPORT PD,Accepted,BOONE,KY0020,,PETERSBURG,RD,,,,,,,,39.072212692,-84.682310313,17.992,11/22/2022 12:00:00 AM,349.0,2,2,0,0,CLEAR,DRY,False,REAR END IN TRAFFIC LANES BOTH VEHICLES MOVING,REAR END,STRAIGHT & LEVEL,DAYLIGHT,,,11/30/2022 7:40:27 AM,False,352,Accepted
30864495,0760200,RICHMOND POLICE DEPARTMENT,Accepted,MADISON,KY0876,,EASTERN,BYP,,,ROY AND SUE KIDD,,,,,37.73408169,-84.298884793,8.53,11/21/2022 12:00:00 AM,700.0,2,2,0,0,CLEAR,DRY,False,OTHER INTERSECTION COLLISIONS,REAR END,STRAIGHT & GRADE,DAYLIGHT,,,11/28/2022 1:17:09 AM,False,9408,Accepted
30846145,0730000,MCCRACKEN COUNTY SHERIFF DEPT.,Accepted,MCCRACKEN,KY1286,,FRIENDSHIP,RD,N,,,,,,,37.03872489,-88.66488934,3.798,11/21/2022 12:00:00 AM,940.0,2,2,0,0,CLEAR,DRY,True,OTHER ROADWAY OR MID-BLOCK COLLISION,REAR END,STRAIGHT & GRADE,DAYLIGHT,,,11/22/2022 9:33:20 AM,False,51,Accepted
30857652,0470100,ELIZABETHTOWN POLICE DEPT.,Accepted,HARDIN,US0031W,,DIXIE,AVE,N,,,,MEMORIAL,,DIECKS,37.708927439,-85.874350132,18.047,11/20/2022 12:00:00 AM,1641.0,2,2,0,0,CLEAR,DRY,False,OTHER ROADWAY OR MID-BLOCK COLLISION,REAR END,STRAIGHT & LEVEL,DAYLIGHT,,,11/25/2022 2:57:12 PM,False,0151,Accepted
30851136,KSP0200,KY STATE POLICE POST 02,Accepted,CHRISTIAN,I 0024,,I24 W,,,,,,,,,36.650823524,-87.357189571,92.189,11/19/2022 12:00:00 AM,1347.0,2,2,0,0,CLEAR,DRY,False,SIDESWIPE COLLISION - SAME DIRECTION,SIDESWIPE-SAME DIRECTION,STRAIGHT & LEVEL,DAYLIGHT,,,11/23/2022 9:37:52 AM,False,449,Accepted
30837611,0930400,OLDHAM COUNTY POLICE DEPT.,Accepted,OLDHAM,I 0071,,I71 N,,,I 0071,I71 N EXIT14 OFF RAMP TO KY329,,,,,38.343402801,-85.497403085,14.093,11/19/2022 12:00:00 AM,1205.0,2,2,0,0,CLEAR,DRY,False,SIDESWIPE-SAME DIRECTION,SIDESWIPE-SAME DIRECTION,STRAIGHT & LEVEL,DAYLIGHT,,,11/20/2022 8:42:58 AM,False,3060,Accepted
30841159,0568000,LOUISVILLE METRO POLICE DEPT,Accepted,JEFFERSON,I 0265,,I265 N,,,,,,,,,38.27482742,-85.500439085,29.077,11/18/2022 12:00:00 AM,1251.0,2,2,0,0,CLEAR,DRY,True,SIDESWIPE COLLISION - SAME DIRECTION,SIDESWIPE-SAME DIRECTION,STRAIGHT & LEVEL,DAYLIGHT,,,11/21/2022 10:07:25 AM,False,4903,Accepted
30831154,0568000,LOUISVILLE METRO POLICE DEPT,Accepted,JEFFERSON,I 0071,,I71 N,,,,,,,,,38.32163134,-85.557696783,10.5,11/17/2022 12:00:00 AM,1230.0,3,3,0,0,CLOUDY,DRY,False,REAR END IN TRAFFIC LANES BOTH VEHICLES MOVING,REAR END,STRAIGHT & LEVEL,DAYLIGHT,,,11/18/2022 8:07:51 AM,False,7316,Accepted
30827482,0080000,BOONE COUNTY SHERIFF DEPT.,Accepted,BOONE,KY0536,,MT ZION,RD,,,,,BERBERICH,,LAKESIDE,38.956423679,-84.624803027,13.898,11/16/2022 12:00:00 AM,1338.0,2,2,0,0,FOG,WET,False,SIDESWIPE COLLISION - SAME DIRECTION,SIDESWIPE-SAME DIRECTION,STRAIGHT & LEVEL,DAYLIGHT,,,11/17/2022 11:09:44 AM,False,3718,Accepted
30823657,0340200,LEXINGTON POLICE DEPARTMENT,Accepted,FAYETTE,I 0064,,I64 W,,,,,,,,,38.062002517,-84.396594045,83.358,11/16/2022 12:00:00 AM,733.0,2,2,0,0,CLOUDY,DRY,False,OTHER ROADWAY OR MID-BLOCK COLLISION,REAR END,STRAIGHT & LEVEL,DAYLIGHT,,,11/16/2022 12:46:12 PM,False,55504,Accepted
30824245,0410100,WILLIAMSTOWN POLICE DEPARTMENT,Accepted,GRANT,I 0075,145,I75 N,,,,,,,,,38.494127599,-84.586835667,144.646,11/15/2022 12:00:00 AM,2049.0,2,2,0,0,RAINING,WET,True,SIDESWIPE COLLISION - SAME DIRECTION,SIDESWIPE-SAME DIRECTION,STRAIGHT & GRADE,DARK-HWY NOT LIGHTED,,,11/16/2022 3:17:40 PM,False,W409,Accepted
30816944,0340200,LEXINGTON POLICE DEPARTMENT,Accepted,FAYETTE,I 0075,,I75 N,,,,,I 0075,I75 N EXIT113 OFF RAMP TO US27,I 0064,I64 W,38.065153056,-84.442904274,111.87,11/14/2022 12:00:00 AM,1937.0,2,2,0,3,CLEAR,DRY,False,SIDESWIPE COLLISION - SAME DIRECTION,SIDESWIPE-SAME DIRECTION,STRAIGHT & LEVEL,DARK-HWY LIGHTED/ON,,,11/15/2022 12:12:08 AM,False,58943,Accepted
30819144,0300100,OWENSBORO POLICE DEPARTMENT,Accepted,DAVIESS,,,BRENTWOOD,DR,,,GRIFFITH,,,,,37.73480891,-87.125078638,0.006,11/14/2022 12:00:00 AM,748.0,2,2,0,0,CLOUDY,DRY,False,COLLISION WITH PARKED VEHICLE,SIDESWIPE-SAME DIRECTION,STRAIGHT & LEVEL,DAYLIGHT,,,11/15/2022 1:18:23 PM,False,423,Accepted
30814068,KSP0300,KY STATE POLICE POST 03,Accepted,SIMPSON,I 0065,,I65 SB,,,,,,,,,36.756641411,-86.488726985,9.414,11/12/2022 12:00:00 AM,515.0,2,2,0,0,RAINING,WET,False,REAR END IN TRAFFIC LANES BOTH VEHICLES MOVING,REAR END,STRAIGHT & LEVEL,DAWN,,,11/14/2022 11:01:30 AM,False,1170,Accepted
30809857,0080000,BOONE COUNTY SHERIFF DEPT.,Accepted,BOONE,KY0536,,MT ZION,RD,,,,,BERBERICH,US0025,US25 TURN LANE,38.956419007,-84.624785955,13.899,11/12/2022 12:00:00 AM,920.0,2,2,0,0,SNOWING,WET,False,SIDESWIPE COLLISION - SAME DIRECTION,SIDESWIPE-SAME DIRECTION,STRAIGHT & LEVEL,DAYLIGHT,,,11/13/2022 9:26:14 AM,False,3712,Accepted
30813681,KSP0200,KY STATE POLICE POST 02,Accepted,CHRISTIAN,I 0024,,I24 W,,,,,,,,,36.647576155,-87.348461241,92.722,11/11/2022 12:00:00 AM,1211.0,2,2,0,0,CLEAR,DRY,False,SIDESWIPE COLLISION - SAME DIRECTION,SIDESWIPE-SAME DIRECTION,STRAIGHT & LEVEL,DAYLIGHT,,,11/14/2022 9:48:27 AM,False,1043,Accepted
30813680,KSP0200,KY STATE POLICE POST 02,Accepted,CHRISTIAN,I 0024,,I24 W,,,,,,,,,36.681969069,-87.404396068,88.767,11/11/2022 12:00:00 AM,932.0,2,2,0,0,CLOUDY,WET,False,REAR END IN TRAFFIC LANES BOTH VEHICLES MOVING,REAR END,STRAIGHT & LEVEL,DAYLIGHT,,,11/14/2022 9:48:18 AM,False,1043,Accepted
30812116,0630000,LAUREL COUNTY SHERIFF DEPT.,Accepted,LAUREL,I 0075,,I75 S,,,,,,,,,37.017924178,-84.100411757,31.778,11/11/2022 12:00:00 AM,1453.0,2,2,0,0,RAINING,WET,False,OTHER ROADWAY OR MID-BLOCK COLLISION,REAR END,STRAIGHT & LEVEL,DAYLIGHT,,,11/14/2022 2:39:26 AM,False,1134,Accepted
30813352,KSP0300,KY STATE POLICE POST 03,Accepted,SIMPSON,I 0065,,I65 N,,,,,,,,,36.653282087,-86.565780091,1.05,11/11/2022 12:00:00 AM,601.0,2,2,0,0,RAINING,FLOODED,False,REAR END IN TRAFFIC LANES BOTH VEHICLES MOVING,REAR END,STRAIGHT & HILLCREST,DARK-HWY LIGHTED/OFF,,,11/14/2022 9:06:59 AM,False,397,Accepted
30813357,KSP0300,KY STATE POLICE POST 03,Accepted,SIMPSON,I 0065,,I65 SB,,,,,,,,,36.66117292,-86.559794292,1.686,11/11/2022 12:00:00 AM,458.0,1,1,0,0,RAINING,FLOODED,False,OTHER ROADWAY OR MID-BLOCK COLLISION,SINGLE VEHICLE,STRAIGHT & GRADE,DARK-HWY NOT LIGHTED,,,11/14/2022 9:07:20 AM,False,752,Accepted
30813355,KSP0300,KY STATE POLICE POST 03,Accepted,SIMPSON,I 0065,,I65 SB,,,,,,,,,36.66117292,-86.559794292,1.686,11/11/2022 12:00:00 AM,458.0,1,1,0,0,RAINING,FLOODED,False,OTHER ROADWAY OR MID-BLOCK COLLISION,SINGLE VEHICLE,STRAIGHT & GRADE,DARK-HWY NOT LIGHTED,,,11/14/2022 9:07:10 AM,False,752,Accepted
30818904,KSP0300,KY STATE POLICE POST 03,Accepted,SIMPSON,I 0065,,I65 SB,,,,,,,,,36.66117292,-86.559794292,1.686,11/11/2022 12:00:00 AM,458.0,1,1,0,0,RAINING,FLOODED,False,OTHER ROADWAY OR MID-BLOCK COLLISION,SINGLE VEHICLE,STRAIGHT & GRADE,DARK-HWY NOT LIGHTED,,,11/15/2022 12:31:26 PM,False,752,Accepted
30807943,KSP0300,KY STATE POLICE POST 03,Accepted,SIMPSON,I 0065,,I65 SB,,,,,,,,,36.65613845,-86.563907976,1.268,11/11/2022 12:00:00 AM,458.0,2,2,0,0,RAINING,FLOODED,False,SIDESWIPE COLLISION - SAME DIRECTION,SIDESWIPE-SAME DIRECTION,STRAIGHT & GRADE,DARK-HWY NOT LIGHTED,,,11/12/2022 2:17:19 PM,False,752,Accepted
30910545,0470100,ELIZABETHTOWN POLICE DEPT.,Accepted,HARDIN,US0031W,,DIXIE,AVE,N,,,,DIECKS,,MEMORIAL,37.708835034,-85.874261092,18.039,11/10/2022 12:00:00 AM,1209.0,2,2,0,0,CLEAR,DRY,False,REAR END IN TRAFFIC LANES BOTH VEHICLES MOVING,REAR END,STRAIGHT & LEVEL,DAYLIGHT,,,12/8/2022 2:49:09 PM,False,0118,Accepted
30804919,0890000,MUHLENBERG CO SHERIFF DEPT,Accepted,MUHLENBERG,KY0181,2200,GREENVILLE,RD,,,,,,,,37.187078064,-87.165633689,10.754,11/10/2022 12:00:00 AM,1426.0,2,2,0,0,CLEAR,DRY,False,REAR END IN TRAFFIC LANES BOTH VEHICLES MOVING,REAR END,STRAIGHT & HILLCREST,DAYLIGHT,,,11/11/2022 10:39:11 AM,False,1505,Accepted
30799744,0568000,LOUISVILLE METRO POLICE DEPT,Accepted,JEFFERSON,,,MUHAMMAD ALI,BLVD,W,KY1020,2ND,,,,,38.25078351,-85.754233824,0.089,11/9/2022 12:00:00 AM,1335.0,2,2,0,0,CLEAR,DRY,False,ANGLE COLLISION - OTHER,ANGLE,STRAIGHT & LEVEL,DAYLIGHT,,,11/10/2022 7:17:25 AM,False,7347,Accepted
30811405,1060100,SHELBYVILLE POLICE DEPARTMENT,Accepted,SHELBY,KY0053,,MT EDEN,RD,,,,,ST REGIS,,UNDALATA FRONTAGE,38.189320871,-85.21170765,6.432,11/9/2022 12:00:00 AM,1541.0,2,2,0,0,CLEAR,DRY,False,OTHER ROADWAY OR MID-BLOCK COLLISION,REAR END,STRAIGHT & LEVEL,DAYLIGHT,,,11/13/2022 10:58:41 PM,False,236,Accepted
30799726,0568000,LOUISVILLE METRO POLICE DEPT,Accepted,JEFFERSON,KY0061,,PRESTON,HWY,,,,,TOWER,,INDUSTRIAL,38.151969739,-85.69430747,4.94,11/9/2022 12:00:00 AM,1451.0,2,2,0,0,CLEAR,DRY,False,OTHER ROADWAY OR MID-BLOCK COLLISION,REAR END,STRAIGHT & LEVEL,DAYLIGHT,,,11/10/2022 7:15:53 AM,False,2324,Accepted
30818303,1190000,WOLFE COUNTY SHERIFF DEPT.,Accepted,WOLFE,KY9009,,KY9009 E,,,,,,,,,37.744161944,-83.544483744,44.069,11/9/2022 12:00:00 AM,806.0,1,1,0,0,CLEAR,DRY,False,COLLISION WITH NON-FIXED OBJECT ,SINGLE VEHICLE,STRAIGHT & LEVEL,DAYLIGHT,,,11/15/2022 9:47:38 AM,False,18,Accepted
30806530,0080000,BOONE COUNTY SHERIFF DEPT.,Accepted,BOONE,,,HUNTERS,TRCE,,,THISTLEWOOD,,,,,39.01304089,-84.697556439,0.057,11/9/2022 12:00:00 AM,2134.0,1,1,0,1,CLEAR,DRY,False,OTHER INTERSECTION COLLISIONS,SINGLE VEHICLE,STRAIGHT & LEVEL,DARK-HWY NOT LIGHTED,,,11/11/2022 9:57:30 PM,False,3209,Accepted
30793200,0650000,LEE COUNTY SHERIFF DEPARTMENT,Accepted,LEE,,,HWY 11,,S,,ROCKY HILL,,,,,37.5637783,-83.7642169,,11/8/2022 12:00:00 AM,1808.0,2,2,0,2,CLEAR,DRY,False,ANGLE COLLISION - OTHER,ANGLE,STRAIGHT & GRADE,DARK-HWY NOT LIGHTED,,,11/8/2022 9:23:03 PM,False,502,Accepted
30794971,0568000,LOUISVILLE METRO POLICE DEPT,Accepted,JEFFERSON,I 0071,,I71 N,,,,,,,,,38.317304212,-85.575164784,9.499,11/8/2022 12:00:00 AM,1126.0,2,2,0,0,CLEAR,DRY,False,SIDESWIPE COLLISION - SAME DIRECTION,SIDESWIPE-SAME DIRECTION,STRAIGHT & LEVEL,DAYLIGHT,,,11/9/2022 8:48:24 AM,False,7316,Accepted
30813651,1060100,SHELBYVILLE POLICE DEPARTMENT,Accepted,SHELBY,KY0055X,,BOONE STATION,RD,,,,,BENSON,US0060,FRANKFORT,38.210847658,-85.203758797,0.018,11/8/2022 12:00:00 AM,1651.0,2,2,0,0,CLEAR,DRY,False,SIDESWIPE COLLISION - SAME DIRECTION,SIDESWIPE-SAME DIRECTION,STRAIGHT & LEVEL,DAYLIGHT,,,11/14/2022 9:42:45 AM,False,224,Accepted
30799704,0568000,LOUISVILLE METRO POLICE DEPT,Accepted,JEFFERSON,I 0071,,I71 SB,,,,,,,,,38.306466419,-85.59885328,7.995,11/8/2022 12:00:00 AM,1138.0,3,3,0,0,CLEAR,DRY,False,OTHER ROADWAY OR MID-BLOCK COLLISION,REAR END,STRAIGHT & LEVEL,DAYLIGHT,,,11/10/2022 7:13:56 AM,False,7751,Accepted
30794090,0930400,OLDHAM COUNTY POLICE DEPT.,Accepted,OLDHAM,I 0071,,I71 S,,,,,,,,,38.356094638,-85.473588085,15.707,11/8/2022 12:00:00 AM,1450.0,2,2,0,0,CLEAR,DRY,False,OTHER ROADWAY OR MID-BLOCK COLLISION,REAR END,STRAIGHT & LEVEL,DAYLIGHT,,,11/9/2022 4:42:56 AM,False,3072,Accepted
30794899,0080200,FLORENCE POLICE DEPARTMENT,Accepted,BOONE,US0042,8020,US42,,,,,,DREAM,I 0075,I75 N EXIT180 ON RAMP FROM US42,38.987165908,-84.639892602,14.173,11/8/2022 12:00:00 AM,1418.0,2,2,0,0,CLEAR,DRY,False,REAR END IN TRAFFIC LANES BOTH VEHICLES MOVING,REAR END,STRAIGHT & LEVEL,DAYLIGHT,,,11/9/2022 8:33:00 AM,False,27,Accepted
30823428,1110000,TRIGG COUNTY SHERIFF DEPT.,Accepted,TRIGG,US0068,,BYPASS,RD,,,,,,,,36.860750398,-87.803183742,20.165,11/7/2022 12:00:00 AM,1227.0,2,2,0,0,CLEAR,DRY,False,SIDESWIPE COLLISION - SAME DIRECTION,SIDESWIPE-SAME DIRECTION,CURVE & LEVEL,DAYLIGHT,,,11/16/2022 11:55:15 AM,False,206,Accepted
30814134,0490100,CYNTHIANA POLICE DEPARTMENT,Accepted,HARRISON,US0027X,,US27 BUS,,,,,,,,,38.383640328,-84.304574814,1.314,11/7/2022 12:00:00 AM,1530.0,2,2,0,0,CLEAR,DRY,False,REAR END IN TRAFFIC LANES BOTH VEHICLES MOVING,REAR END,STRAIGHT & LEVEL,DAYLIGHT,,,11/14/2022 11:05:43 AM,False,21,Accepted
30786978,0340200,LEXINGTON POLICE DEPARTMENT,Accepted,FAYETTE,I 0064,,I64 W,,,,,,,,,38.061018408,-84.402794572,83.019,11/7/2022 12:00:00 AM,755.0,2,2,0,0,CLEAR,DRY,False,REAR END IN TRAFFIC LANES BOTH VEHICLES MOVING,REAR END,STRAIGHT & LEVEL,DAYLIGHT,,,11/7/2022 3:36:23 PM,False,55504,Accepted
30814711,0490000,HARRISON COUNTY SHERIFF DEPT.,Accepted,HARRISON,KY0036,,KY36,,W,,,,,,,38.408499175,-84.321815558,13.69,11/7/2022 12:00:00 AM,1009.0,2,2,0,0,CLEAR,DRY,False,1 VEHICLE PARKED POSITION (NOT PARKING LOT/DRIVEWAY),REAR END,STRAIGHT & GRADE,DAYLIGHT,,,11/14/2022 1:35:18 PM,False,386,Accepted
30789728,0568000,LOUISVILLE METRO POLICE DEPT,Accepted,JEFFERSON,I 0265,,I265 N,,,I 0265,I265 N EXIT27 OFF RAMP TO US60,,,,,38.239310234,-85.503874852,26.628,11/7/2022 12:00:00 AM,1110.0,2,2,0,0,CLEAR,DRY,True,SIDESWIPE-SAME DIRECTION,SIDESWIPE-SAME DIRECTION,STRAIGHT & LEVEL,DAYLIGHT,,,11/8/2022 8:38:20 AM,False,7316,Accepted
30789725,0568000,LOUISVILLE METRO POLICE DEPT,Accepted,JEFFERSON,I 0265,,I265 N,,,I 0265,I265 N EXIT27 OFF RAMP TO US60,,,,,38.240068061,-85.503774095,26.681,11/7/2022 12:00:00 AM,850.0,2,2,0,0,CLEAR,DRY,False,OTHER INTERSECTION COLLISIONS,REAR END,STRAIGHT & LEVEL,DAYLIGHT,,,11/8/2022 8:38:12 AM,False,7316,Accepted
30784737,0568000,LOUISVILLE METRO POLICE DEPT,Accepted,JEFFERSON,I 0265,,I265 N,,,,,,,,,38.285667503,-85.506412763,30.019,11/6/2022 12:00:00 AM,2301.0,1,1,0,1,CLEAR,DRY,False,OTHER ROADWAY OR MID-BLOCK COLLISION,SINGLE VEHICLE,STRAIGHT & LEVEL,DARK-HWY LIGHTED/ON,,,11/7/2022 7:33:36 AM,False,5329,Accepted
30789800,KSP0300,KY STATE POLICE POST 03,Accepted,SIMPSON,I 0065,,I65 N,,,,,,,,,36.696535611,-86.532244024,4.562,11/6/2022 12:00:00 AM,1004.0,2,2,0,0,CLOUDY,DRY,False,REAR END IN TRAFFIC LANES BOTH VEHICLES MOVING,REAR END,STRAIGHT & LEVEL,DAYLIGHT,,,11/8/2022 8:43:57 AM,False,446,Accepted
30786512,KSP0200,KY STATE POLICE POST 02,Accepted,CHRISTIAN,I 0024,,I24 W,,,,,,,,,36.67877142,-87.397427381,89.216,11/4/2022 12:00:00 AM,1133.0,2,2,0,0,CLEAR,DRY,False,REAR END IN TRAFFIC LANES BOTH VEHICLES MOVING,REAR END,STRAIGHT & LEVEL,DAYLIGHT,,,11/7/2022 2:23:29 PM,False,1043,Accepted
31432635,0670100,WHITESBURG POLICE DEPARTMENT,Accepted,LETCHER,US0119,,US119,,,,,,,,,37.116542483,-82.792901939,17.697,11/4/2022 12:00:00 AM,1723.0,2,2,0,0,CLEAR,DRY,True,SIDESWIPE COLLISION - SAME DIRECTION,SIDESWIPE-SAME DIRECTION,STRAIGHT & LEVEL,DAYLIGHT,,,3/30/2023 8:35:39 PM,False,1115,Accepted
33269749,0370500,KY STATE UNIVERSITY POLICE,Accepted,FRANKLIN,,100,UNIVERSITY,DR,S,,,,,,,38.19817188,-84.853751638,0.044,11/3/2022 12:00:00 AM,1000.0,2,2,0,0,CLEAR,DRY,False,1 VEHICLE PARKED POSITION (NOT PARKING LOT/DRIVEWAY),SIDESWIPE-SAME DIRECTION,STRAIGHT & GRADE,DAYLIGHT,,,5/21/2024 4:32:23 PM,False,9393,Accepted
30774696,0568000,LOUISVILLE METRO POLICE DEPT,Accepted,JEFFERSON,I 0265,,I265 S,,,,,,,,,38.284322993,-85.502682484,29.739,11/3/2022 12:00:00 AM,1610.0,1,1,0,0,CLEAR,DRY,False,OTHER ROADWAY OR MID-BLOCK COLLISION,SINGLE VEHICLE,CURVE & LEVEL,DAYLIGHT,,,11/4/2022 8:09:40 AM,False,7220,Accepted
30774730,0568000,LOUISVILLE METRO POLICE DEPT,Accepted,JEFFERSON,I 0265,,I265 S,,,I 0064,I64 W EXIT19A RAMP TO I265 S,,,,,38.221552847,-85.505758473,25.421,11/3/2022 12:00:00 AM,2227.0,2,2,0,0,CLEAR,DRY,True,SIDESWIPE-SAME DIRECTION,SIDESWIPE-SAME DIRECTION,STRAIGHT & LEVEL,DARK-HWY LIGHTED/ON,,,11/4/2022 8:12:50 AM,False,6028,Accepted
30773094,0340200,LEXINGTON POLICE DEPARTMENT,Accepted,FAYETTE,KY0004,,NEW CIRCLE,RD,E,,,,,,,37.994614182,-84.516347115,18.972,11/2/2022 12:00:00 AM,1937.0,2,2,0,0,CLEAR,DRY,False,REAR END IN TRAFFIC LANES BOTH VEHICLES MOVING,REAR END,STRAIGHT & LEVEL,DARK-HWY LIGHTED/ON,,,11/3/2022 9:49:34 PM,False,58914,Accepted