IncidentID,AgencyORI,AgencyName,IncidentStatusDesc,County,RdwyNumber,Street,RoadwayName,StreetSfx,StreetDir,IntersectionRdwy,IntersectionRdwyName,BetweenStRdwy1,BetweenStRdwyName1,BetweenStRdwy2,BetweenStRdwyName2,Latitude,Longitude,Milepoint,CollisionDate,CollisionTime,UnitsInvolved,MotorVehiclesInvolved,NumberKilled,NumberInjured,Weather,RdwyConditionCode,HitandRun,DirAnalysisCode,MannerofCollision,RdwyCharacter,LightCondition,RampFromRdwyId,RampToRdwyId,AcceptedDate,IsSecondaryCollision,OwnerBadge,IncidentStatus
30769978,0090000,BOURBON COUNTY SHERIFF DEPT.,Accepted,BOURBON,US0460,,MIDDLETOWN,RD,N,,,,STEELE,KY0537,CANE RIDGE,38.195995808,-84.193297198,12.385,11/2/2022 12:00:00 AM,1045.0,2,1,0,1,CLEAR,DRY,True,COLLISION WITH PEDESTRIAN NON - INTERSECTION,SINGLE VEHICLE,STRAIGHT & GRADE,DAYLIGHT,,,11/3/2022 8:21:53 AM,False,804,Accepted
30770785,KSP0200,KY STATE POLICE POST 02,Accepted,CHRISTIAN,I 0024,,I24 E,,,,,,,,,36.699001759,-87.445524487,86.191,11/2/2022 12:00:00 AM,1310.0,2,2,0,0,CLEAR,DRY,True,SIDESWIPE COLLISION - SAME DIRECTION,SIDESWIPE-SAME DIRECTION,STRAIGHT & LEVEL,DAYLIGHT,,,11/3/2022 11:24:15 AM,False,366,Accepted
30771896,0080200,FLORENCE POLICE DEPARTMENT,Accepted,BOONE,US0042,8020,US42,,,,,I 0075,I75 N EXIT180 ON RAMP FROM US42,I 0075,I75 S EXIT180 OFF RAMP TO US42,38.984968895,-84.641578779,13.99,11/2/2022 12:00:00 AM,1137.0,2,2,0,0,CLOUDY,DRY,False,REAR END IN TRAFFIC LANES BOTH VEHICLES MOVING,REAR END,STRAIGHT & LEVEL,DAYLIGHT,,,11/3/2022 4:06:44 PM,False,27,Accepted
30774993,1060000,SHELBY COUNTY SHERIFF DEPT.,Accepted,SHELBY,KY1848,2312,TODDS POINT,RD,,,,,,,,38.25055276,-85.336837875,8.381,11/2/2022 12:00:00 AM,1000.0,2,2,0,0,CLEAR,DRY,False,VEHICLE BACKING NON INTERSECTION,BACKING,CURVE & LEVEL,DAYLIGHT,,,11/4/2022 9:19:44 AM,False,5,Accepted
30800368,0870000,MONTGOMERY CTY SHERIFF DEPT,Accepted,MONTGOMERY,KY0011,3600,LEVEE,RD,,,,,,,,38.006130863,-83.944721798,6.695,11/2/2022 12:00:00 AM,1419.0,2,2,0,0,CLEAR,DRY,False,VEHICLE BACKING NON INTERSECTION,BACKING,STRAIGHT & LEVEL,DAYLIGHT,,,11/10/2022 10:10:47 AM,False,231,Accepted
30759034,0080000,BOONE COUNTY SHERIFF DEPT.,Accepted,BOONE,I 0075,,I75 N,,,,,,,,,38.890156445,-84.62599908,173.522,10/31/2022 12:00:00 AM,455.0,2,2,0,1,RAINING,WET,False,REAR END IN TRAFFIC LANES BOTH VEHICLES MOVING,REAR END,STRAIGHT & GRADE,DARK-HWY LIGHTED/ON,,,10/31/2022 10:46:39 PM,False,3719,Accepted
30760221,KSP0400,KY STATE POLICE POST 04,Accepted,HARDIN,I 0065,,I65 S,,,,,,,,,37.589665304,-85.870278439,85.236,10/30/2022 12:00:00 AM,1939.0,2,2,0,0,CLEAR,WET,True,SIDESWIPE COLLISION - SAME DIRECTION,SIDESWIPE-SAME DIRECTION,STRAIGHT & LEVEL,DARK (UNKNOWN ROADWAY LIGHTING),,,11/1/2022 7:51:37 AM,False,511,Accepted
30761965,0240000,CHRISTIAN COUNTY SHERIFF OFFICE,Accepted,CHRISTIAN,I 0024,9200,I24 W,,,,,,,,,36.651534175,-87.359171863,92.067,10/30/2022 12:00:00 AM,1054.0,2,2,0,0,CLOUDY,WET,False,REAR END IN TRAFFIC LANES BOTH VEHICLES MOVING,REAR END,STRAIGHT & GRADE,DAYLIGHT,,,11/1/2022 2:12:37 PM,False,631,Accepted
30756099,0510000,HENDERSON COUNTY SHERIFF DEPT.,Accepted,HENDERSON,I 0069,,I69 N,,,,,,,,,37.75471028,-87.523985262,144.631,10/30/2022 12:00:00 AM,1623.0,1,1,0,0,RAINING,WET,False,OTHER ROADWAY OR MID-BLOCK COLLISION,SINGLE VEHICLE,STRAIGHT & LEVEL,DAYLIGHT,,,10/31/2022 9:25:54 AM,False,164,Accepted
30761452,KSP1500,KY STATE POLICE POST 15,Accepted,METCALFE,LN9008,,LN9008 W,,,,,,,,,36.99946255,-85.621693426,29.479,10/29/2022 12:00:00 AM,1440.0,2,2,0,0,CLEAR,DRY,False,SIDESWIPE COLLISION - SAME DIRECTION,SIDESWIPE-SAME DIRECTION,STRAIGHT & LEVEL,DAYLIGHT,,,11/1/2022 12:23:11 PM,False,889,Accepted
30754712,0340200,LEXINGTON POLICE DEPARTMENT,Accepted,FAYETTE,I 0075,,I75 N,,,,,I 0075,I75 N EXIT113 OFF RAMP TO US27,I 0064,I64 W,38.073715453,-84.45382372,112.707,10/29/2022 12:00:00 AM,2323.0,2,2,0,1,CLEAR,DRY,False,1 VEHICLE PARKED POSITION (NOT PARKING LOT/DRIVEWAY),SIDESWIPE-SAME DIRECTION,STRAIGHT & GRADE,DARK-HWY LIGHTED/ON,,,10/31/2022 1:45:41 AM,False,58960,Accepted
30755382,0220100,GRAYSON POLICE DEPARTMENT,Accepted,CARTER,KY0007,,CAROL MALONE,BLVD,S,,,,,,,38.32998215,-82.946178654,10.688,10/29/2022 12:00:00 AM,1856.0,2,2,0,0,CLEAR,DRY,False,OTHER ROADWAY OR MID-BLOCK COLLISION,OPPOSING LEFT TURN,STRAIGHT & LEVEL,DUSK,,,10/31/2022 6:35:12 AM,False,303,Accepted
30758241,KSP1200,KY STATE POLICE POST 12,Accepted,FRANKLIN,I 0064,,I64 W,,,,,,,,,38.158678663,-84.909857446,52.218,10/28/2022 12:00:00 AM,1818.0,1,1,0,0,CLEAR,DRY,False,OTHER ROADWAY OR MID-BLOCK COLLISION,SINGLE VEHICLE,STRAIGHT & LEVEL,DUSK,,,10/31/2022 5:02:35 PM,False,450,Accepted
30749781,0080000,BOONE COUNTY SHERIFF DEPT.,Accepted,BOONE,US0025,,DIXIE,HWY,,,,,DUFFEL,,SHORLAND,38.924557026,-84.627325004,5.277,10/28/2022 12:00:00 AM,649.0,2,2,0,1,CLEAR,DRY,False,HEAD-ON COLLISION,HEAD ON,STRAIGHT & LEVEL,DARK-HWY NOT LIGHTED,,,10/29/2022 8:50:29 AM,False,3701,Accepted
30755811,0568000,LOUISVILLE METRO POLICE DEPT,Accepted,JEFFERSON,I 0265,,I265 N,,,,,,,,,38.21979458,-85.505774681,25.277,10/28/2022 12:00:00 AM,1210.0,3,3,0,0,CLEAR,DRY,False,REAR END IN TRAFFIC LANES BOTH VEHICLES MOVING,REAR END,STRAIGHT & LEVEL,DAYLIGHT,,,10/31/2022 8:58:27 AM,False,7316,Accepted
30744590,0340200,LEXINGTON POLICE DEPARTMENT,Accepted,FAYETTE,I 0075,,I75 S,,,,,,,,,38.076006932,-84.456176115,112.916,10/27/2022 12:00:00 AM,1959.0,2,2,0,0,CLEAR,DRY,False,REAR END IN TRAFFIC LANES BOTH VEHICLES MOVING,REAR END,STRAIGHT & LEVEL,DAYLIGHT,,,10/28/2022 12:11:42 AM,False,56218,Accepted
30755804,0568000,LOUISVILLE METRO POLICE DEPT,Accepted,JEFFERSON,I 0265,,I265 N,,,,,I 0265,I265 N EXIT29 OFF RAMP TO KY3084,I 0265,I265 N EXIT27 ON RAMP FROM US60,38.264583187,-85.501378553,28.378,10/27/2022 12:00:00 AM,1612.0,3,3,0,1,CLEAR,DRY,False,REAR END IN TRAFFIC LANES BOTH VEHICLES MOVING,REAR END,STRAIGHT & LEVEL,DAYLIGHT,,,10/31/2022 8:57:33 AM,False,2109,Accepted
30796579,0680000,LEWIS COUNTY SHERIFF DEPT.,Accepted,LEWIS,,,QUICKS RUN,RD,,,MANLEY HOLLOW,,,,,38.625207718,-83.510628176,9.561,10/26/2022 12:00:00 AM,1000.0,2,2,0,0,CLOUDY,DRY,False,OPPOSITE DIRECTION - BOTH VEHICLES GOING STRAIGHT AHEAD,SIDESWIPE-OPPOSITE DIRECTION,CURVE & LEVEL,DAYLIGHT,,,11/9/2022 1:56:02 PM,False,105,Accepted
30744575,0080200,FLORENCE POLICE DEPARTMENT,Accepted,BOONE,I 0075,,,,,,,,,,,38.985141016,-84.642138345,1.199,10/26/2022 12:00:00 AM,1517.0,1,1,0,0,CLOUDY,WET,False,COLLISION WITH FIXED OBJECT NOT IN GORE ,SINGLE VEHICLE,CURVE & GRADE,DAYLIGHT,KY0018,I 0075,10/28/2022 12:06:54 AM,False,63,Accepted
30734207,0340200,LEXINGTON POLICE DEPARTMENT,Accepted,FAYETTE,I 0064,,I64 E,,,,,I 0075,I75 N EXIT111 RAMP TO I64 E,I 0064,I64 E EXIT87 OFF RAMP TO KY859,38.051194457,-84.349796172,85.891,10/25/2022 12:00:00 AM,1700.0,2,2,0,0,CLEAR,DRY,False,REAR END IN TRAFFIC LANES BOTH VEHICLES MOVING,REAR END,STRAIGHT & LEVEL,DAYLIGHT,,,10/25/2022 6:10:43 PM,False,42831,Accepted
30832953,0370200,KY STATE POLICE CVE,Accepted,ROCKCASTLE,US0025,,WILDERNESS,RD,N,,,,,,,37.51766255,-84.316848866,26.279,10/25/2022 12:00:00 AM,835.0,2,2,0,2,CLEAR,DRY,False,1 VEHICLE ENTERING/LEAVING ENTRANCE,ANGLE,STRAIGHT & GRADE,DAYLIGHT,,,11/18/2022 3:48:16 PM,False,C-54,Accepted
30738422,0850000,METCALFE COUNTY SHERIFF DEPT.,Accepted,METCALFE,LN9008,,LN9008 E,,,,,,,,,36.996049267,-85.669271467,26.827,10/25/2022 12:00:00 AM,2126.0,1,1,0,0,CLOUDY,WET,False,OTHER ROADWAY OR MID-BLOCK COLLISION,SINGLE VEHICLE,STRAIGHT & GRADE,DARK-HWY NOT LIGHTED,,,10/26/2022 4:47:15 PM,False,220,Accepted
30739194,1140000,WARREN COUNTY SHERIFF DEPT.,Accepted,WARREN,US0031W,8050,NASHVILLE,RD,,,,,,,,36.899082903,-86.518325161,5.31,10/25/2022 12:00:00 AM,1534.0,2,2,0,0,RAINING,WET,False,OTHER ROADWAY OR MID-BLOCK COLLISION,OPPOSING LEFT TURN,STRAIGHT & LEVEL,DAYLIGHT,,,10/26/2022 8:30:39 PM,False,485,Accepted
30732276,0340200,LEXINGTON POLICE DEPARTMENT,Accepted,FAYETTE,I 0064,,I64 E,,,,,I 0064,I64 E EXIT87 ON RAMP FROM KY859,,,38.042571635,-84.314409452,87.96,10/25/2022 12:00:00 AM,900.0,2,2,0,0,CLEAR,DRY,False,SIDESWIPE COLLISION - SAME DIRECTION,SIDESWIPE-SAME DIRECTION,STRAIGHT & LEVEL,DARK-HWY LIGHTED/ON,,,10/25/2022 10:52:45 AM,False,42831,Accepted
30740916,0340200,LEXINGTON POLICE DEPARTMENT,Accepted,FAYETTE,US0060,1511,VERSAILLES,RD,,,,,,,,38.050647038,-84.52959125,,10/24/2022 12:00:00 AM,1100.0,2,2,0,0,CLEAR,DRY,True,COLLISION IN PARKING LOT,BACKING,STRAIGHT & LEVEL,DAYLIGHT,,,10/27/2022 7:57:45 AM,False,56412,Accepted
30734266,KSP0400,KY STATE POLICE POST 04,Accepted,HARDIN,I 0065,,I65 S,,,,,,,,,37.592428851,-85.869683957,85.431,10/24/2022 12:00:00 AM,1429.0,2,2,0,0,CLEAR,DRY,False,SIDESWIPE COLLISION - SAME DIRECTION,SIDESWIPE-SAME DIRECTION,STRAIGHT & LEVEL,DAYLIGHT,,,10/25/2022 6:27:38 PM,False,518,Accepted
30750603,KSP0100,KY STATE POLICE POST 01,Accepted,CHRISTIAN,I 0024,,I24 W,,,,,,,,,36.680054512,-87.400246952,89.035,10/23/2022 12:00:00 AM,1308.0,3,3,0,2,CLEAR,DRY,False,REAR END IN TRAFFIC LANES BOTH VEHICLES MOVING,REAR END,STRAIGHT & LEVEL,DAYLIGHT,,,10/29/2022 4:49:44 PM,False,721,Accepted
30727172,KSP0200,KY STATE POLICE POST 02,Accepted,CHRISTIAN,I 0024,,I24 W,,,,,,,,,36.689599007,-87.420817887,87.711,10/23/2022 12:00:00 AM,1855.0,2,2,0,2,CLEAR,DRY,False,OTHER ROADWAY OR MID-BLOCK COLLISION,REAR TO REAR,CURVE & LEVEL,DARK-HWY LIGHTED/OFF,,,10/24/2022 10:02:54 AM,False,146,Accepted
30726476,0568000,LOUISVILLE METRO POLICE DEPT,Accepted,JEFFERSON,I 0265,,I265 N,,,I 0064,I64 W,,,,,38.222826075,-85.505474237,25.487,10/22/2022 12:00:00 AM,1900.0,2,2,0,0,CLEAR,DRY,False,OTHER INTERSECTION COLLISIONS,REAR END,STRAIGHT & LEVEL,DUSK,,,10/24/2022 7:46:07 AM,False,5228,Accepted
30769242,0050100,GLASGOW POLICE DEPARTMENT,Accepted,BARREN,LN9008,,LN9008 W,,,,,,,,,36.989343533,-85.888854229,14.541,10/22/2022 12:00:00 AM,2146.0,1,1,0,0,CLEAR,DRY,False,OTHER ROADWAY OR MID-BLOCK COLLISION,SINGLE VEHICLE,STRAIGHT & LEVEL,DARK-HWY NOT LIGHTED,,,11/3/2022 3:02:47 AM,False,2246,Accepted
30726401,0568000,LOUISVILLE METRO POLICE DEPT,Accepted,JEFFERSON,I 0265,,,,,,,,,,,38.285452347,-85.506884541,0.511,10/21/2022 12:00:00 AM,733.0,3,3,0,0,CLEAR,DRY,False,OTHER RAMP RELATED COLLISIONS NOT LISTED ABOVE,REAR END,STRAIGHT & LEVEL,DAYLIGHT,KY0146,I 0265,10/24/2022 7:38:37 AM,False,4903,Accepted
30733349,0340200,LEXINGTON POLICE DEPARTMENT,Accepted,FAYETTE,,,CLAYS MILL,RD,,,,,WACO,,NEAL,38.006083689,-84.542908805,1.875,10/21/2022 12:00:00 AM,1233.0,2,2,0,2,CLEAR,DRY,False,OTHER ROADWAY OR MID-BLOCK COLLISION,REAR END,STRAIGHT & LEVEL,DAYLIGHT,,,10/25/2022 3:20:18 PM,False,59771,Accepted
30727168,KSP0200,KY STATE POLICE POST 02,Accepted,CHRISTIAN,I 0024,,I24 W,,,,,,,,,36.645161771,-87.343315152,93.056,10/21/2022 12:00:00 AM,1509.0,2,2,0,0,CLEAR,DRY,False,SIDESWIPE COLLISION - SAME DIRECTION,SIDESWIPE-SAME DIRECTION,STRAIGHT & LEVEL,DAYLIGHT,,,10/24/2022 10:02:31 AM,False,146,Accepted
30714726,0080000,BOONE COUNTY SHERIFF DEPT.,Accepted,BOONE,KY0536,,MT ZION,RD,,,INVESTMENT,,,,,38.956255174,-84.628100091,13.718,10/19/2022 12:00:00 AM,1722.0,2,1,0,0,CLEAR,DRY,True,COLLISION WITH PEDESTRIAN IN INTERSECTION,SINGLE VEHICLE,STRAIGHT & LEVEL,DAYLIGHT,,,10/20/2022 6:19:29 PM,False,3751,Accepted
30711978,0568000,LOUISVILLE METRO POLICE DEPT,Accepted,JEFFERSON,US0031E,,BARDSTOWN,RD,,,,,BARTLEY,,BRENTLINGER,38.137932357,-85.581461918,4.654,10/19/2022 12:00:00 AM,1757.0,1,1,0,0,CLEAR,DRY,False,COLLISION WITH FIXED OBJECT NON - INTERSECTION - FIRST EVENT COLLISION 09 - 32 EXCLUDING 16,SINGLE VEHICLE,STRAIGHT & LEVEL,DAYLIGHT,,,10/20/2022 7:18:38 AM,False,7278,Accepted
30709674,0340200,LEXINGTON POLICE DEPARTMENT,Accepted,FAYETTE,I 0064,,I64 WB,,,,,,,,,38.054785294,-84.359454288,85.421,10/19/2022 12:00:00 AM,740.0,2,2,0,0,CLEAR,DRY,False,SIDESWIPE COLLISION - SAME DIRECTION,SIDESWIPE-SAME DIRECTION,STRAIGHT & LEVEL,DAYLIGHT,,,10/19/2022 5:19:45 PM,False,55323,Accepted
30712921,1140000,WARREN COUNTY SHERIFF DEPT.,Accepted,WARREN,US0031W,,NASHVILLE,RD,,,MCELWAIN,,,,,36.884673621,-86.524688914,4.243,10/19/2022 12:00:00 AM,1149.0,2,2,0,0,CLEAR,DRY,True,OTHER INTERSECTION COLLISIONS,REAR END,STRAIGHT & LEVEL,DAYLIGHT,,,10/20/2022 11:47:29 AM,False,418,Accepted
30728805,0470100,ELIZABETHTOWN POLICE DEPT.,Accepted,HARDIN,US0031W,,DIXIE,AVE,N,KY0361,CARDINAL,,,,,37.707193345,-85.872963177,17.877,10/19/2022 12:00:00 AM,1529.0,2,2,0,2,CLEAR,DRY,False,OPPOSING LEFT TURN,OPPOSING LEFT TURN,STRAIGHT & LEVEL,DAYLIGHT,,,10/24/2022 3:27:21 PM,False,0151,Accepted
30710934,0340200,LEXINGTON POLICE DEPARTMENT,Accepted,FAYETTE,KY0004,,NEW CIRCLE,RD,E,,,US0027,NICHOLASVILLE,KY0004,KY4 EXIT19 RAMP TO US27,37.99605481,-84.520253419,19.198,10/19/2022 12:00:00 AM,2028.0,2,2,0,0,CLEAR,DRY,False,OTHER ROADWAY OR MID-BLOCK COLLISION,REAR END,STRAIGHT & LEVEL,DARK-HWY LIGHTED/ON,,,10/20/2022 12:07:57 AM,False,58943,Accepted
30706762,0568000,LOUISVILLE METRO POLICE DEPT,Accepted,JEFFERSON,I 0265,,I265 S,,,,,,,,,38.279247066,-85.500323326,29.383,10/18/2022 12:00:00 AM,945.0,2,2,0,0,CLOUDY,DRY,False,SIDESWIPE COLLISION - SAME DIRECTION,SIDESWIPE-SAME DIRECTION,STRAIGHT & LEVEL,DAYLIGHT,,,10/19/2022 7:35:26 AM,False,7316,Accepted
30702239,0568000,LOUISVILLE METRO POLICE DEPT,Accepted,JEFFERSON,I 0265,,I265 E,,,,,,,,,38.21166991,-85.506383972,24.715,10/17/2022 12:00:00 AM,646.0,2,2,0,1,CLEAR,DRY,False,REAR END IN TRAFFIC LANES BOTH VEHICLES MOVING,REAR END,STRAIGHT & LEVEL,DAWN,,,10/18/2022 8:19:31 AM,False,4903,Accepted
30700783,0340200,LEXINGTON POLICE DEPARTMENT,Accepted,FAYETTE,I 0064,,I64 EB,,,,,,,,,38.043170732,-84.316587469,87.832,10/17/2022 12:00:00 AM,1728.0,3,3,0,0,CLOUDY,DRY,True,REAR END IN TRAFFIC LANES BOTH VEHICLES MOVING,REAR END,STRAIGHT & LEVEL,DAYLIGHT,,,10/17/2022 9:24:04 PM,False,55027,Accepted
30697204,0340200,LEXINGTON POLICE DEPARTMENT,Accepted,FAYETTE,KY0004,,NEW CIRCLE,RD,E,,,,,,,37.994207449,-84.514886583,18.889,10/17/2022 12:00:00 AM,15.0,2,2,0,2,CLEAR,WET,False,REAR END IN TRAFFIC LANES BOTH VEHICLES MOVING,REAR END,STRAIGHT & LEVEL,DARK-HWY LIGHTED/ON,,,10/17/2022 5:45:43 AM,False,58944,Accepted
30711984,0568000,LOUISVILLE METRO POLICE DEPT,Accepted,JEFFERSON,I 0064,,I64 EB,,,,,,,,,38.278199898,-85.821371825,0.215,10/16/2022 12:00:00 AM,1847.0,4,4,0,0,CLEAR,DRY,False,REAR END IN TRAFFIC LANES BOTH VEHICLES MOVING,REAR END,STRAIGHT & LEVEL,DUSK,,,10/20/2022 7:19:01 AM,False,5298,Accepted
30726171,1060100,SHELBYVILLE POLICE DEPARTMENT,Accepted,SHELBY,KY0053,,MT EDEN,RD,,US0060,FRANKFORT,,,,,38.2104795,-85.203685805,7.999,10/16/2022 12:00:00 AM,1958.0,2,2,0,0,CLEAR,DRY,False,VEHICLE BACKING IN INTERSECTION,BACKING,STRAIGHT & LEVEL,DARK-HWY NOT LIGHTED,,,10/24/2022 6:18:16 AM,False,256,Accepted
30763283,0540200,DAWSON SPRINGS POLICE DEPT.,Accepted,HOPKINS,I 0069,,I69 N,,,,,,,,,37.200366944,-87.538840948,100.946,10/15/2022 12:00:00 AM,120.0,1,1,0,0,CLEAR,DRY,False,COLLISION WITH ANIMAL NON INTERSECTION,SINGLE VEHICLE,STRAIGHT & GRADE,DARK-HWY NOT LIGHTED,,,11/1/2022 6:53:08 PM,False,203,Accepted
30736251,0340200,LEXINGTON POLICE DEPARTMENT,Accepted,FAYETTE,,,NATIONAL,AVE,,,,,ASHLAND,,WALTON,38.040296408,-84.478565352,0.102,10/14/2022 12:00:00 AM,2333.0,2,2,0,0,CLEAR,DRY,True,1 VEHICLE PARKED POSITION (NOT PARKING LOT/DRIVEWAY),BACKING,STRAIGHT & LEVEL,DARK-HWY NOT LIGHTED,,,10/26/2022 8:43:18 AM,False,58935,Accepted
30719666,0470000,HARDIN COUNTY SHERIFF DEPT.,Accepted,HARDIN,I 0065,,I65 S,,,,,,,,,37.591809062,-85.869824343,85.387,10/14/2022 12:00:00 AM,2215.0,2,2,0,0,CLEAR,DRY,False,1 VEHICLE PARKED POSITION (NOT PARKING LOT/DRIVEWAY),SIDESWIPE-SAME DIRECTION,STRAIGHT & LEVEL,DARK-HWY NOT LIGHTED,,,10/21/2022 10:44:29 PM,False,951,Accepted
30740200,0470100,ELIZABETHTOWN POLICE DEPT.,Accepted,HARDIN,US0031W,,DIXIE,AVE,N,,DIECKS,,,,,37.708732503,-85.874237963,18.032,10/14/2022 12:00:00 AM,1513.0,2,1,0,0,CLEAR,DRY,False,ANGLE COLLISION - OTHER,ANGLE,STRAIGHT & LEVEL,DAYLIGHT,,,10/27/2022 3:02:55 AM,False,0084,Accepted
30712291,1190000,WOLFE COUNTY SHERIFF DEPT.,Accepted,WOLFE,KY9000,,KY9000 E,,,,,,,,,37.780135347,-83.64114407,37.362,10/14/2022 12:00:00 AM,811.0,2,2,0,1,CLEAR,DRY,False,1 VEHICLE ENTERING/LEAVING ENTRANCE,ANGLE,STRAIGHT & LEVEL,DAYLIGHT,,,10/20/2022 9:11:59 AM,True,5,Accepted
30689907,0130000,BREATHITT COUNTY SHERIFF DEPT.,Accepted,BREATHITT,KY1110,,KY1110,,,,,,,,,37.474895369,-83.381358797,12.193,10/14/2022 12:00:00 AM,1430.0,1,1,0,0,CLEAR,DRY,False,OTHER ROADWAY OR MID-BLOCK COLLISION,SINGLE VEHICLE,STRAIGHT & LEVEL,DAYLIGHT,,,10/14/2022 3:51:44 PM,False,901,Accepted
30697622,0930400,OLDHAM COUNTY POLICE DEPT.,Accepted,OLDHAM,I 0071,,I71 S,,,,,,,,,38.341767086,-85.504183305,13.775,10/14/2022 12:00:00 AM,1638.0,1,1,0,0,CLEAR,DRY,False,OTHER COLLISIONS ON SHOULDER,SINGLE VEHICLE,CURVE & GRADE,DAYLIGHT,,,10/17/2022 7:31:24 AM,False,3077,Accepted
30697582,0568000,LOUISVILLE METRO POLICE DEPT,Accepted,JEFFERSON,I 0064,,I64 EB,,,,,,,,,38.280255342,-85.82366689,,10/14/2022 12:00:00 AM,1826.0,2,2,0,0,CLEAR,DRY,True,SIDESWIPE COLLISION - SAME DIRECTION,SIDESWIPE-SAME DIRECTION,STRAIGHT & LEVEL,DAYLIGHT,,,10/17/2022 7:28:34 AM,False,5285,Accepted
30698935,0561800,HERITAGE CREEK POLICE DEPT,Accepted,JEFFERSON,KY0864,,CEDAR CREEK,RD,,,,,,,,38.096543919,-85.614456357,1.304,10/13/2022 12:00:00 AM,910.0,2,2,0,1,CLEAR,DRY,False,SIDESWIPE COLLISION - SAME DIRECTION,SIDESWIPE-SAME DIRECTION,STRAIGHT & GRADE,DAYLIGHT,,,10/17/2022 11:50:38 AM,False,1264,Accepted
30686741,0300100,OWENSBORO POLICE DEPARTMENT,Accepted,DAVIESS,,200 BLK,WALNUT,ST,,,,,,,,37.774427214,-87.11817688,0.07,10/13/2022 12:00:00 AM,1610.0,1,1,0,0,CLEAR,DRY,False,OTHER ROADWAY OR MID-BLOCK COLLISION,SINGLE VEHICLE,STRAIGHT & LEVEL,DAYLIGHT,,,10/14/2022 12:04:07 AM,False,391,Accepted
30702533,0370000,FRANKLIN COUNTY SHERIFF,Accepted,FRANKLIN,I 0064,,I64 W,,,,,,,,,38.14891173,-84.96861642,48.927,10/13/2022 12:00:00 AM,1156.0,2,2,0,1,CLEAR,DRY,False,REAR END IN TRAFFIC LANES BOTH VEHICLES MOVING,REAR END,STRAIGHT & LEVEL,DAYLIGHT,,,10/18/2022 9:40:17 AM,False,1333,Accepted
30706960,KSP0200,KY STATE POLICE POST 02,Accepted,CHRISTIAN,I 0024,,I24 W,,,,,,,,,36.679629008,-87.399353189,89.093,10/13/2022 12:00:00 AM,2149.0,2,2,0,2,CLEAR,DRY,False,REAR END IN TRAFFIC LANES BOTH VEHICLES MOVING,REAR END,STRAIGHT & LEVEL,DARK-HWY NOT LIGHTED,,,10/19/2022 8:49:24 AM,False,430,Accepted
30687917,0340200,LEXINGTON POLICE DEPARTMENT,Accepted,FAYETTE,KY0004,,NEW CIRCLE,RD,W,,,,,,,38.012345993,-84.550492216,2.014,10/13/2022 12:00:00 AM,2120.0,2,2,0,0,CLEAR,DRY,False,SIDESWIPE COLLISION - SAME DIRECTION,SIDESWIPE-SAME DIRECTION,CURVE & LEVEL,DARK-HWY NOT LIGHTED,,,10/14/2022 7:44:49 AM,False,57499,Accepted
30684391,0340200,LEXINGTON POLICE DEPARTMENT,Accepted,FAYETTE,I 0064,,I64 W,,,,,I 0064,I64 W EXIT87 ON RAMP FROM KY859,I 0075,I64 W EXIT81 RAMP TO I75 S,38.058058526,-84.416763097,82.225,10/13/2022 12:00:00 AM,620.0,3,3,0,0,CLOUDY,WET,False,REAR END IN TRAFFIC LANES BOTH VEHICLES MOVING,REAR END,STRAIGHT & LEVEL,DARK-HWY NOT LIGHTED,,,10/13/2022 12:42:30 PM,False,54521,Accepted
30716707,KSP0300,KY STATE POLICE POST 03,Accepted,SIMPSON,I 0065,,I65 SB,,,,,,,,,36.790109493,-86.475359903,11.82,10/12/2022 12:00:00 AM,2042.0,1,1,1,0,CLEAR,WET,False,OTHER COLLISIONS ON SHOULDER,SINGLE VEHICLE,STRAIGHT & LEVEL,DARK-HWY LIGHTED/OFF,,,10/21/2022 8:27:05 AM,False,1170,Accepted
30683778,0180100,MURRAY POLICE DEPARTMENT,Accepted,CALLOWAY,US0641X,,4TH,ST,N,,,,,,,36.617224564,-88.302113852,2.141,10/12/2022 12:00:00 AM,1224.0,2,2,0,0,CLEAR,DRY,False,OTHER ROADWAY OR MID-BLOCK COLLISION,REAR END,STRAIGHT & GRADE,DAYLIGHT,,,10/13/2022 9:39:06 AM,False,129,Accepted
30688526,0730100,PADUCAH POLICE DEPARTMENT,Accepted,MCCRACKEN,,,FRIEDMAN,LN,,,,US0060,US60,,TECHNOLOGY,37.080375517,-88.674639721,0.009,10/12/2022 12:00:00 AM,1425.0,1,1,0,0,CLOUDY,WET,False,RAN OFF ROADWAY (1 VEHICLE WITH/EARTH EMBANKMENT/DITCH),SINGLE VEHICLE,STRAIGHT & LEVEL,DAYLIGHT,,,10/14/2022 11:06:08 AM,False,242,Accepted