IncidentID,AgencyORI,AgencyName,IncidentStatusDesc,County,RdwyNumber,Street,RoadwayName,StreetSfx,StreetDir,IntersectionRdwy,IntersectionRdwyName,BetweenStRdwy1,BetweenStRdwyName1,BetweenStRdwy2,BetweenStRdwyName2,Latitude,Longitude,Milepoint,CollisionDate,CollisionTime,UnitsInvolved,MotorVehiclesInvolved,NumberKilled,NumberInjured,Weather,RdwyConditionCode,HitandRun,DirAnalysisCode,MannerofCollision,RdwyCharacter,LightCondition,RampFromRdwyId,RampToRdwyId,AcceptedDate,IsSecondaryCollision,OwnerBadge,IncidentStatus
30682138,1070000,SIMPSON COUNTY SHERIFF DEPT.,Accepted,SIMPSON,KY0585,2700,GOLD CITY,RD,,,,,,,,36.739409136,-86.498928754,2.943,10/11/2022 12:00:00 AM,1202.0,1,1,0,0,CLEAR,DRY,False,COLLISION WITH FIXED OBJECT NON - INTERSECTION - FIRST EVENT COLLISION 09 - 32 EXCLUDING 16,SINGLE VEHICLE,STRAIGHT & HILLCREST,DAYLIGHT,,,10/12/2022 9:58:09 PM,False,109,Accepted
30672321,0100100,ASHLAND POLICE DEPARTMENT,Accepted,BOYD,,,RIVER HILL,DR,,,,,CENTRAL,US0023,US23,38.483269852,-82.660014876,0.274,10/10/2022 12:00:00 AM,1211.0,2,2,0,0,CLEAR,DRY,False,OTHER ROADWAY OR MID-BLOCK COLLISION,REAR END,CURVE & GRADE,DAYLIGHT,,,10/10/2022 6:03:41 PM,False,1515,Accepted
30703899,0820100,BRANDENBURG POLICE DEPARTMENT,Accepted,MEADE,KY0313,,KY79 SPUR,,,,,,,,,38.0174459,-86.196979835,0.304,10/10/2022 12:00:00 AM,1732.0,2,2,0,0,CLEAR,DRY,False,REAR END IN TRAFFIC LANES BOTH VEHICLES MOVING,REAR END,STRAIGHT & LEVEL,DAYLIGHT,,,10/18/2022 2:32:11 PM,False,942,Accepted
30674493,0568000,LOUISVILLE METRO POLICE DEPT,Accepted,JEFFERSON,US0031E,,MAIN,ST,E,,,,1ST,,BROOK,38.255929905,-85.750699858,17.742,10/10/2022 12:00:00 AM,1640.0,2,2,0,2,CLEAR,DRY,False,1 VEHICLE ENTERING/LEAVING ENTRANCE,ANGLE,STRAIGHT & LEVEL,DAYLIGHT,,,10/11/2022 7:30:09 AM,False,6360,Accepted
30670366,KSP0400,KY STATE POLICE POST 04,Accepted,BULLITT,I 0065,,I65 N,,,,,,,,,37.819841817,-85.732091235,103.895,10/9/2022 12:00:00 AM,1313.0,2,2,0,0,CLEAR,DRY,False,REAR END IN TRAFFIC LANES BOTH VEHICLES MOVING,REAR END,STRAIGHT & LEVEL,DAYLIGHT,,,10/10/2022 11:52:34 AM,False,497,Accepted
30699496,KSP0200,KY STATE POLICE POST 02,Accepted,CHRISTIAN,I 0024,,I24 W,,,,,,,,,36.642225092,-87.339960071,93.333,10/9/2022 12:00:00 AM,1611.0,4,4,0,2,CLEAR,DRY,False,REAR END IN TRAFFIC LANES BOTH VEHICLES MOVING,REAR END,STRAIGHT & LEVEL,DAYLIGHT,,,10/17/2022 2:38:48 PM,False,430,Accepted
30699497,KSP0200,KY STATE POLICE POST 02,Accepted,CHRISTIAN,I 0024,,I24 W,,,,,,,,,36.660290265,-87.373607785,91.055,10/9/2022 12:00:00 AM,950.0,2,2,0,0,CLEAR,DRY,False,REAR END IN TRAFFIC LANES BOTH VEHICLES MOVING,REAR END,STRAIGHT & HILLCREST,DAYLIGHT,,,10/17/2022 2:38:54 PM,False,146,Accepted
30669319,0568000,LOUISVILLE METRO POLICE DEPT,Accepted,JEFFERSON,I 0264,,I264 W,,,,,,,,,38.205001468,-85.681557893,14.965,10/8/2022 12:00:00 AM,1800.0,3,3,0,0,CLEAR,DRY,False,REAR END IN TRAFFIC LANES BOTH VEHICLES MOVING,REAR END,STRAIGHT & LEVEL,DAYLIGHT,,,10/10/2022 8:12:59 AM,False,6813,Accepted
30698823,0760100,BEREA POLICE DEPARTMENT,Accepted,MADISON,,,SHORT LINE,PIKE,,,,,,,,37.565587863,-84.25694027,1.742,10/8/2022 12:00:00 AM,1140.0,2,2,0,0,CLEAR,DRY,False,REAR END IN TRAFFIC LANES BOTH VEHICLES MOVING,REAR END,STRAIGHT & LEVEL,DAYLIGHT,,,10/17/2022 11:14:55 AM,False,5344ED,Accepted
30702090,0340200,LEXINGTON POLICE DEPARTMENT,Accepted,FAYETTE,I 0064,,I64 WB,,,,,,,,,38.045988531,-84.326583401,87.36,10/8/2022 12:00:00 AM,1101.0,2,2,0,0,CLEAR,DRY,False,SIDESWIPE COLLISION - SAME DIRECTION,SIDESWIPE-SAME DIRECTION,STRAIGHT & LEVEL,DAYLIGHT,,,10/18/2022 7:13:35 AM,False,58716,Accepted
30666057,0930400,OLDHAM COUNTY POLICE DEPT.,Accepted,OLDHAM,I 0071,,I71 N,,,,,I 0071,I71 N REST AREA13 ON RAMP,I 0071,I71 N REST AREA13 OFF RAMP,38.338183298,-85.517538155,12.936,10/8/2022 12:00:00 AM,714.0,3,3,0,0,CLEAR,DRY,False,SIDESWIPE COLLISION - SAME DIRECTION,SIDESWIPE-SAME DIRECTION,STRAIGHT & GRADE,DAWN,,,10/9/2022 10:10:45 AM,False,3071,Accepted
30670034,KSP0400,KY STATE POLICE POST 04,Accepted,HARDIN,I 0065,,I65 S,,,,,,,,,37.810190321,-85.742195687,103.03,10/8/2022 12:00:00 AM,1026.0,2,2,0,0,CLEAR,DRY,False,SIDESWIPE COLLISION - SAME DIRECTION,SIDESWIPE-SAME DIRECTION,STRAIGHT & LEVEL,DAYLIGHT,,,10/10/2022 10:28:23 AM,False,434,Accepted
30669329,0568000,LOUISVILLE METRO POLICE DEPT,Accepted,JEFFERSON,I 0264,,I264 W,,,,,I 0264,I264 W EXIT16 ON RAMP FROM US31E,I 0264,I264 W EXIT15A OFF RAMP TO KY1703 N,38.205562629,-85.680458841,15.036,10/8/2022 12:00:00 AM,2250.0,3,3,0,0,CLEAR,DRY,True,SIDESWIPE COLLISION - SAME DIRECTION,SIDESWIPE-SAME DIRECTION,STRAIGHT & GRADE,DARK-HWY NOT LIGHTED,,,10/10/2022 8:13:56 AM,False,2816,Accepted
30659647,0190600,NEWPORT POLICE DEPARTMENT,Accepted,CAMPBELL,,,BRIGHTON,ST,,KY0009,12TH,,,,,39.080048389,-84.495139521,,10/7/2022 12:00:00 AM,730.0,2,2,0,0,CLEAR,DRY,True,SIDESWIPE-SAME DIRECTION,SIDESWIPE-SAME DIRECTION,STRAIGHT & LEVEL,DAYLIGHT,,,10/7/2022 10:18:27 AM,False,0254,Accepted
30688848,0100000,BOYD COUNTY SHERIFF DEPARTMENT,Accepted,BOYD,KY0180,,KY180,,,,,,,,,38.381466649,-82.715423192,2.128,10/7/2022 12:00:00 AM,1659.0,1,1,0,0,CLEAR,DRY,False,OTHER ROADWAY OR MID-BLOCK COLLISION,SINGLE VEHICLE,STRAIGHT & LEVEL,DAYLIGHT,,,10/14/2022 12:27:02 PM,False,236,Accepted
30669192,0568000,LOUISVILLE METRO POLICE DEPT,Accepted,JEFFERSON,I 0265,,I265 N,,,,,,,,,38.280949973,-85.499969326,29.532,10/7/2022 12:00:00 AM,1455.0,2,2,0,1,CLEAR,DRY,False,SIDESWIPE COLLISION - SAME DIRECTION,SIDESWIPE-SAME DIRECTION,CURVE & LEVEL,DAYLIGHT,,,10/10/2022 8:06:30 AM,False,7316,Accepted
30669189,0568000,LOUISVILLE METRO POLICE DEPT,Accepted,JEFFERSON,I 0265,,I265 E,,,,,,,,,38.213320819,-85.506408249,24.828,10/7/2022 12:00:00 AM,955.0,3,3,0,0,CLEAR,DRY,False,REAR END IN TRAFFIC LANES BOTH VEHICLES MOVING,REAR END,STRAIGHT & LEVEL,DAYLIGHT,,,10/10/2022 8:06:18 AM,False,7316,Accepted
30666058,0930400,OLDHAM COUNTY POLICE DEPT.,Accepted,OLDHAM,I 0071,,I71 S,,,,,I 0071,I71 S REST AREA13 OFF RAMP,I 0071,I71 S EXIT14 ON RAMP FROM KY329,38.34333707,-85.500516244,13.938,10/7/2022 12:00:00 AM,1536.0,2,2,0,0,CLEAR,DRY,False,REAR END IN TRAFFIC LANES BOTH VEHICLES MOVING,REAR END,STRAIGHT & LEVEL,DAYLIGHT,,,10/9/2022 10:10:50 AM,False,3071,Accepted
30665125,0080000,BOONE COUNTY SHERIFF DEPT.,Accepted,BOONE,KY0338,,RICHWOOD,RD,,I 0075,I75 S EXIT175 OFF RAMP TO  RICHWOOD DR,,,,,38.91740583,-84.630410736,0.345,10/7/2022 12:00:00 AM,1639.0,2,2,0,1,CLEAR,DRY,False,ANGLE COLLISION - OTHER,ANGLE,STRAIGHT & LEVEL,DAYLIGHT,,,10/9/2022 1:49:54 AM,False,3729,Accepted
30694788,0060100,OWINGSVILLE POLICE DEPARTMENT,Accepted,BATH,KY0036,,SLATE,AVE,,,DAVID,,,,,38.13065506,-83.756794805,12.911,10/6/2022 12:00:00 AM,1656.0,2,2,0,0,CLEAR,DRY,False,ANGLE COLLISION - ONE VEHICLE TURNING LEFT,ANGLE,STRAIGHT & LEVEL,DAYLIGHT,,,10/16/2022 9:58:28 AM,False,466,Accepted
30699491,KSP0200,KY STATE POLICE POST 02,Accepted,CHRISTIAN,I 0024,,I24 W,,,,,,,,,36.645172319,-87.343324231,93.055,10/6/2022 12:00:00 AM,1450.0,2,2,0,0,CLEAR,DRY,False,REAR END IN TRAFFIC LANES BOTH VEHICLES MOVING,REAR END,STRAIGHT & LEVEL,DAYLIGHT,,,10/17/2022 2:38:25 PM,False,146,Accepted
30657835,0340200,LEXINGTON POLICE DEPARTMENT,Accepted,FAYETTE,I 0064,,I64 W,,,,,I 0064,I64 W EXIT87 OFF RAMP TO KY859,I 0064,I64 W EXIT87 ON RAMP FROM KY859,38.044422942,-84.321226469,87.671,10/6/2022 12:00:00 AM,615.0,1,1,0,0,CLEAR,DRY,False,OTHER ROADWAY OR MID-BLOCK COLLISION,SINGLE VEHICLE,STRAIGHT & LEVEL,DAWN,,,10/6/2022 10:37:35 PM,False,40593,Accepted
30659145,0568000,LOUISVILLE METRO POLICE DEPT,Accepted,JEFFERSON,US0031E,,BARDSTOWN,RD,,I 0265,I265 E EXIT17 OFF RAMP TO US31E,,,,,38.139352764,-85.582226778,4.756,10/6/2022 12:00:00 AM,1446.0,2,2,0,0,CLOUDY,DRY,False,SIDESWIPE-SAME DIRECTION,SIDESWIPE-SAME DIRECTION,STRAIGHT & LEVEL,DAYLIGHT,,,10/7/2022 7:19:48 AM,False,2324,Accepted
30803907,0660000,LESLIE COUNTY SHERIFF DEPT.,Accepted,LESLIE,US0421,,US421,,,,,,,,,36.974821789,-83.398049653,4.257,10/5/2022 12:00:00 AM,1342.0,2,1,0,0,CLEAR,DRY,False,SIDESWIPE COLLISION - SAME DIRECTION,SIDESWIPE-SAME DIRECTION,CURVE & LEVEL,DAYLIGHT,,,11/11/2022 3:05:46 AM,False,SO1,Accepted
30654929,0760200,RICHMOND POLICE DEPARTMENT,Accepted,MADISON,,,IRVINE,ST,E,,,,MADISON,,COLLINS,37.747355461,-84.291865181,0.11,10/5/2022 12:00:00 AM,1528.0,2,2,0,0,CLEAR,DRY,False,VEHICLE BACKING NON INTERSECTION,BACKING,STRAIGHT & LEVEL,DAYLIGHT,,,10/6/2022 9:07:08 AM,False,9316,Accepted
30654691,0568000,LOUISVILLE METRO POLICE DEPT,Accepted,JEFFERSON,,,EVERGREEN,RD,,KY0146,RIDGE,,,,,38.263426727,-85.538371872,1.398,10/5/2022 12:00:00 AM,2151.0,1,1,0,0,CLEAR,DRY,False,COLLISION WITH FIXED OBJECT IN INTERSECTION - FIRST EVENT COLLISION 09 - 32,SINGLE VEHICLE,STRAIGHT & LEVEL,DARK (UNKNOWN ROADWAY LIGHTING),,,10/6/2022 7:42:23 AM,False,7336,Accepted
30653595,0340200,LEXINGTON POLICE DEPARTMENT,Accepted,FAYETTE,US0027,,NICHOLASVILLE,RD,,,,,,,,37.997779353,-84.521479647,2.509,10/5/2022 12:00:00 AM,2032.0,2,2,0,0,CLEAR,DRY,False,OTHER ROADWAY OR MID-BLOCK COLLISION,OPPOSING LEFT TURN,STRAIGHT & LEVEL,DARK-HWY LIGHTED/ON,,,10/6/2022 12:04:33 AM,False,56233,Accepted
30650180,0568000,LOUISVILLE METRO POLICE DEPT,Accepted,JEFFERSON,US0031E,,BARDSTOWN,RD,,,BARTLEY,,,,,38.138039947,-85.581497691,4.662,10/4/2022 12:00:00 AM,2043.0,3,3,0,0,CLEAR,DRY,False,ANGLE COLLISION - OTHER,ANGLE,STRAIGHT & LEVEL,DARK-HWY NOT LIGHTED,,,10/5/2022 7:28:14 AM,False,2775,Accepted
30670778,KSP0900,KY STATE POLICE POST 09,Accepted,FLOYD,KY1428,,KY1428,,,,,,,,,37.569863625,-82.754388992,0.808,10/4/2022 12:00:00 AM,1947.0,1,1,0,3,CLEAR,DRY,False,OTHER COLLISIONS ON SHOULDER,SINGLE VEHICLE,STRAIGHT & GRADE,DARK-HWY NOT LIGHTED,,,10/10/2022 1:18:17 PM,False,698,Accepted
30652907,0340200,LEXINGTON POLICE DEPARTMENT,Accepted,FAYETTE,,,LAKESHORE,DR,,,,,VON LIST,,BIXBY,38.014258583,-84.472945517,0.529,10/4/2022 12:00:00 AM,1308.0,2,2,0,0,CLEAR,DRY,False,REAR END IN TRAFFIC LANES BOTH VEHICLES MOVING,REAR END,CURVE & GRADE,DAYLIGHT,,,10/5/2022 6:47:17 PM,False,57918,Accepted
30650142,0568000,LOUISVILLE METRO POLICE DEPT,Accepted,JEFFERSON,I 0265,,I265 N,,,,,,,,,38.242366628,-85.503618061,26.839,10/4/2022 12:00:00 AM,909.0,2,2,0,0,CLEAR,DRY,False,SIDESWIPE COLLISION - SAME DIRECTION,SIDESWIPE-SAME DIRECTION,STRAIGHT & LEVEL,DAYLIGHT,,,10/5/2022 7:24:55 AM,False,4903,Accepted
30699488,KSP0200,KY STATE POLICE POST 02,Accepted,CHRISTIAN,I 0024,,I24 W,,,,,,,,,36.644539382,-87.342495912,93.118,10/4/2022 12:00:00 AM,1548.0,2,2,0,0,CLEAR,DRY,False,SIDESWIPE COLLISION - SAME DIRECTION,SIDESWIPE-SAME DIRECTION,STRAIGHT & LEVEL,DAYLIGHT,,,10/17/2022 2:38:12 PM,False,709,Accepted
30646800,KSP0200,KY STATE POLICE POST 02,Accepted,CHRISTIAN,I 0024,,I24 W,,,,,,,,,36.69148352,-87.425341255,87.428,10/4/2022 12:00:00 AM,918.0,3,3,0,0,CLEAR,DRY,False,OTHER ROADWAY OR MID-BLOCK COLLISION,REAR END,STRAIGHT & LEVEL,DAYLIGHT,,,10/4/2022 12:20:39 PM,False,268,Accepted
30651323,0080200,FLORENCE POLICE DEPARTMENT,Accepted,BOONE,US0042,,US42,,,,,I 0075,I75 S EXIT180 OFF RAMP TO US42,I 0075,I75 N EXIT180 ON RAMP FROM US42,38.98456783,-84.642626045,13.926,10/3/2022 12:00:00 AM,1333.0,2,2,0,0,CLEAR,DRY,False,SIDESWIPE COLLISION - SAME DIRECTION,SIDESWIPE-SAME DIRECTION,STRAIGHT & LEVEL,DAYLIGHT,,,10/5/2022 12:06:13 PM,False,27,Accepted
30669130,0810000,MASON COUNTY SHERIFF,Accepted,MASON,US0068,,US68,,,,,,,,,38.49769955,-83.85330642,3.188,10/3/2022 12:00:00 AM,1522.0,2,2,0,0,CLEAR,DRY,False,REAR END IN TRAFFIC LANES BOTH VEHICLES MOVING,REAR END,STRAIGHT & LEVEL,DAYLIGHT,,,10/10/2022 7:57:17 AM,False,71,Accepted
30645675,0568000,LOUISVILLE METRO POLICE DEPT,Accepted,JEFFERSON,I 0265,,I265 N,,,,,,,,,38.220972834,-85.505673687,25.358,10/3/2022 12:00:00 AM,2356.0,1,1,0,0,CLEAR,DRY,False,OTHER ROADWAY OR MID-BLOCK COLLISION,SINGLE VEHICLE,STRAIGHT & LEVEL,DARK-HWY LIGHTED/ON,,,10/4/2022 7:36:04 AM,False,5329,Accepted
30646008,0591100,TAYLOR MILL POLICE DEPARTMENT,Accepted,KENTON,KY0016,,PRIDE,PKWY,,,MAGELLAN,,,,,39.029135955,-84.512623555,13.511,10/3/2022 12:00:00 AM,1515.0,2,2,0,0,CLEAR,DRY,False,OTHER INTERSECTION COLLISIONS,REAR END,CURVE & HILLCREST,DAYLIGHT,,,10/4/2022 9:31:37 AM,False,TM03,Accepted
30646107,KSP0200,KY STATE POLICE POST 02,Accepted,CHRISTIAN,I 0024,,I24 W,,,,,,,,,36.657381907,-87.369631905,91.357,10/2/2022 12:00:00 AM,818.0,2,2,0,0,CLEAR,DRY,False,1 VEHICLE PARKED POSITION (NOT PARKING LOT/DRIVEWAY),SIDESWIPE-SAME DIRECTION,STRAIGHT & GRADE,DAYLIGHT,,,10/4/2022 9:59:56 AM,False,96,Accepted
30645930,KSP0200,KY STATE POLICE POST 02,Accepted,CHRISTIAN,I 0024,,I24 E,,,,,,,,,36.644416,-87.342691975,93.119,10/1/2022 12:00:00 AM,1155.0,2,2,0,0,CLEAR,DRY,False,SIDESWIPE COLLISION - SAME DIRECTION,SIDESWIPE-SAME DIRECTION,CURVE & LEVEL,DAYLIGHT,,,10/4/2022 9:01:55 AM,False,185,Accepted
30640873,0568000,LOUISVILLE METRO POLICE DEPT,Accepted,JEFFERSON,US0031E,,BARDSTOWN,RD,,,,,BARTLEY,,BRENTLINGER,38.137037929,-85.581041709,4.588,10/1/2022 12:00:00 AM,943.0,1,1,0,0,CLEAR,DRY,False,COLLISION WITH FIXED OBJECT NON - INTERSECTION - FIRST EVENT COLLISION 09 - 32 EXCLUDING 16,SINGLE VEHICLE,STRAIGHT & LEVEL,DAYLIGHT,,,10/3/2022 7:47:07 AM,False,7278,Accepted
30646843,0100000,BOYD COUNTY SHERIFF DEPARTMENT,Accepted,BOYD,I 0064,,I64 E,,,I 0064,I64 E EXIT191 ON RAMP FROM US23,,,,,38.38023982,-82.604518122,190.924,9/30/2022 12:00:00 AM,1213.0,2,2,0,0,CLEAR,DRY,False,SIDESWIPE-SAME DIRECTION,SIDESWIPE-SAME DIRECTION,STRAIGHT & LEVEL,DAYLIGHT,,,10/4/2022 12:29:34 PM,False,224,Accepted
30640848,0568000,LOUISVILLE METRO POLICE DEPT,Accepted,JEFFERSON,I 0265,,I265 SB,,,,,I 0265,I265 SB EXIT27 ON RAMP FROM US60,I 0064,I265 SB EXIT25B RAMP TO I64 WB,38.226683671,-85.505511648,25.744,9/30/2022 12:00:00 AM,1521.0,2,2,0,0,CLEAR,DRY,False,REAR END IN TRAFFIC LANES BOTH VEHICLES MOVING,REAR END,STRAIGHT & LEVEL,DAYLIGHT,,,10/3/2022 7:45:21 AM,False,7751,Accepted
30645928,KSP0200,KY STATE POLICE POST 02,Accepted,CHRISTIAN,I 0024,,I24 W,,,,,,,,,36.662186039,-87.376235361,90.858,9/30/2022 12:00:00 AM,1244.0,2,2,0,0,CLEAR,DRY,False,REAR END IN TRAFFIC LANES BOTH VEHICLES MOVING,REAR END,STRAIGHT & LEVEL,DAYLIGHT,,,10/4/2022 9:01:42 AM,False,146,Accepted
30641063,0568000,LOUISVILLE METRO POLICE DEPT,Accepted,JEFFERSON,I 0265,,I265 SB,,,,,I 0265,I265 SB EXIT27 ON RAMP FROM US60,I 0064,I265 SB EXIT25B RAMP TO I64 WB,38.226683671,-85.505511648,25.744,9/30/2022 12:00:00 AM,1521.0,3,1,0,0,CLEAR,DRY,True,REAR END IN TRAFFIC LANES BOTH VEHICLES MOVING,REAR END,STRAIGHT & LEVEL,DAYLIGHT,,,10/3/2022 8:43:02 AM,False,7751,Accepted
30687238,0430000,GRAYSON COUNTY SHERIFF DEPT.,Accepted,GRAYSON,KY0737,,LILAC,RD,,,,,,,,37.528117607,-86.334543783,3.627,9/29/2022 12:00:00 AM,1247.0,3,1,0,1,CLEAR,DRY,False,REAR END IN TRAFFIC LANES BOTH VEHICLES MOVING,REAR END,STRAIGHT & GRADE,DAYLIGHT,,,10/14/2022 3:03:01 AM,False,102,Accepted
30673322,1140000,WARREN COUNTY SHERIFF DEPT.,Accepted,WARREN,US0031W,,NASHVILLE,RD,,,MCLELLAN,,,,,36.917253997,-86.50666493,6.742,9/29/2022 12:00:00 AM,1602.0,2,2,0,0,CLEAR,DRY,False,OTHER INTERSECTION COLLISIONS,REAR END,STRAIGHT & LEVEL,DAYLIGHT,,,10/10/2022 11:56:32 PM,False,435,Accepted
31418946,KSP0800,KY STATE POLICE POST 08,Accepted,LEWIS,KY0009,,AA,HWY,,,,,,,,38.552789512,-83.580652421,28.127,9/29/2022 12:00:00 AM,848.0,2,1,1,0,CLOUDY,DRY,False,COLLISION WITH PEDESTRIAN NON - INTERSECTION,SINGLE VEHICLE,STRAIGHT & LEVEL,DAYLIGHT,,,3/28/2023 9:02:19 AM,False,989,Accepted
30645927,KSP0200,KY STATE POLICE POST 02,Accepted,CHRISTIAN,I 0024,,I24 W,,,,,,,,,36.645707752,-87.3441224,92.997,9/29/2022 12:00:00 AM,1356.0,2,2,0,0,CLEAR,DRY,False,SIDESWIPE COLLISION - SAME DIRECTION,SIDESWIPE-SAME DIRECTION,STRAIGHT & LEVEL,DAYLIGHT,,,10/4/2022 9:01:35 AM,False,146,Accepted
30625839,0568000,LOUISVILLE METRO POLICE DEPT,Accepted,JEFFERSON,I 0265,,I265 S,,,,,,,,,38.255066147,-85.502637955,27.682,9/28/2022 12:00:00 AM,1055.0,3,3,0,0,CLEAR,DRY,False,SIDESWIPE COLLISION - SAME DIRECTION,SIDESWIPE-SAME DIRECTION,STRAIGHT & LEVEL,DAYLIGHT,,,9/29/2022 8:23:20 AM,False,7316,Accepted
30642719,0830000,MENIFEE COUNTY SHERIFF DEPT.,Accepted,MENIFEE,KY1274,,KY1274,,,,,,,,,37.973380609,-83.57214671,2.529,9/28/2022 12:00:00 AM,841.0,2,2,0,0,CLEAR,DRY,False,1 VEHICLE PARKED POSITION (NOT PARKING LOT/DRIVEWAY),REAR END,CURVE & LEVEL,DAYLIGHT,,,10/3/2022 2:43:04 PM,False,304,Accepted
30699489,KSP0200,KY STATE POLICE POST 02,Accepted,CHRISTIAN,I 0024,,I24 W,,,,,,,,,36.683900009,-87.408541732,88.514,9/28/2022 12:00:00 AM,1703.0,2,2,0,0,CLEAR,DRY,False,SIDESWIPE COLLISION - SAME DIRECTION,SIDESWIPE-SAME DIRECTION,STRAIGHT & LEVEL,DAYLIGHT,,,10/17/2022 2:38:19 PM,False,449,Accepted
30632743,1060100,SHELBYVILLE POLICE DEPARTMENT,Accepted,SHELBY,US0060,,FRANKFORT,RD,,,,KY0053,KY53 TURN LANE,US0060,MAIN,38.210291478,-85.20509508,11.309,9/28/2022 12:00:00 AM,1527.0,2,2,0,0,CLEAR,DRY,False,1 VEHICLE ENTERING/LEAVING ENTRANCE,ANGLE,STRAIGHT & LEVEL,DAYLIGHT,,,9/30/2022 3:22:21 PM,False,236,Accepted
30645929,KSP0200,KY STATE POLICE POST 02,Accepted,CHRISTIAN,I 0024,,I24 W,,,,,,,,,36.663776382,-87.378424796,90.694,9/28/2022 12:00:00 AM,1320.0,3,3,0,1,CLEAR,DRY,False,REAR END IN TRAFFIC LANES BOTH VEHICLES MOVING,REAR END,STRAIGHT & GRADE,DAYLIGHT,,,10/4/2022 9:01:47 AM,False,727,Accepted
30627106,KSP0200,KY STATE POLICE POST 02,Accepted,CHRISTIAN,I 0024,,I24 E,,,,,,,,,36.647737734,-87.349517934,92.678,9/28/2022 12:00:00 AM,149.0,2,2,0,0,CLEAR,DRY,True,SIDESWIPE COLLISION - SAME DIRECTION,SIDESWIPE-SAME DIRECTION,CURVE & LEVEL,DARK-HWY LIGHTED/ON,,,9/29/2022 1:14:06 PM,False,288,Accepted
30624807,1140000,WARREN COUNTY SHERIFF DEPT.,Accepted,WARREN,WN9007,,WN9007 N,,,,,,,,,36.910592917,-86.432818151,2.123,9/27/2022 12:00:00 AM,553.0,2,2,0,2,CLEAR,DRY,False,1 VEHICLE ENTERING/LEAVING ENTRANCE,ANGLE,STRAIGHT & LEVEL,DARK-HWY LIGHTED/ON,,,9/29/2022 2:19:06 AM,False,432,Accepted
30620998,0568000,LOUISVILLE METRO POLICE DEPT,Accepted,JEFFERSON,US0060,,FRANKFORT,AVE,,,,,RESERVOIR,,SACRED HEART,38.254453135,-85.679432768,2.241,9/27/2022 12:00:00 AM,802.0,3,1,0,0,CLOUDY,DRY,False,COLLISION WITH PEDESTRIAN NON - INTERSECTION,SINGLE VEHICLE,STRAIGHT & LEVEL,DAYLIGHT,,,9/28/2022 8:11:32 AM,True,7793,Accepted
30942094,KSP0200,KY STATE POLICE POST 02,Accepted,CHRISTIAN,I 0024,,I24 W,,,,,,,,,36.648552237,-87.351075287,92.562,9/27/2022 12:00:00 AM,1145.0,2,2,0,0,CLEAR,DRY,False,OTHER ROADWAY OR MID-BLOCK COLLISION,REAR END,STRAIGHT & GRADE,DAYLIGHT,,,12/16/2022 8:57:30 AM,False,748,Accepted
30652468,0150000,BULLITT COUNTY SHERIFF DEPT.,Accepted,BULLITT,I 0065,103MM,I65 NB,,,,,,,,,37.813985862,-85.73817454,103.373,9/26/2022 12:00:00 AM,1245.0,2,2,0,0,CLEAR,DRY,True,SIDESWIPE COLLISION - SAME DIRECTION,SIDESWIPE-SAME DIRECTION,STRAIGHT & LEVEL,DAYLIGHT,,,10/5/2022 4:50:25 PM,False,1143,Accepted
30621121,KSP1100,KY STATE POLICE POST 11,Accepted,PULASKI,KY0461,,KY461,,,,,,,,,37.193118387,-84.468922271,2.83,9/26/2022 12:00:00 AM,1145.0,1,1,0,0,CLEAR,DRY,False,COLLISION WITH NON-FIXED OBJECT ,SINGLE VEHICLE,STRAIGHT & LEVEL,DAYLIGHT,,,9/28/2022 8:38:22 AM,False,388,Accepted
30617162,0530000,HICKMAN COUNTY SHERIFF DEPT.,Accepted,HICKMAN,KY1686,,KY1686,,E,,,,HICKMAN COUNTY LINE,,RICHARD,36.767374703,-88.837711874,1.614,9/25/2022 12:00:00 AM,1030.0,1,1,0,0,CLEAR,DRY,False,OTHER ROADWAY OR MID-BLOCK COLLISION,SINGLE VEHICLE,STRAIGHT & LEVEL,DAYLIGHT,,,9/27/2022 12:07:06 PM,False,HC-1,Accepted
30638042,KSP0400,KY STATE POLICE POST 04,Accepted,HARDIN,I 0065,,I65 N,,,,,,,,,37.803723892,-85.747756415,102.489,9/25/2022 12:00:00 AM,1503.0,3,3,0,0,CLEAR,DRY,False,OTHER ROADWAY OR MID-BLOCK COLLISION,REAR END,STRAIGHT & LEVEL,DAYLIGHT,,,10/2/2022 12:17:33 PM,False,511,Accepted
30638043,KSP0400,KY STATE POLICE POST 04,Accepted,HARDIN,I 0065,,I65 N,,,,,,,,,37.80358371,-85.747916487,102.475,9/25/2022 12:00:00 AM,1503.0,3,3,0,0,CLEAR,DRY,False,OTHER ROADWAY OR MID-BLOCK COLLISION,REAR END,STRAIGHT & LEVEL,DAYLIGHT,,,10/2/2022 12:17:42 PM,False,511,Accepted
30616237,0240000,CHRISTIAN COUNTY SHERIFF OFFICE,Accepted,CHRISTIAN,I 0024,,I24 W,,,I 0024,I24 W EXIT89 OFF RAMP TO KY115,,,,,36.680326429,-87.40097342,88.99,9/25/2022 12:00:00 AM,1530.0,2,2,0,0,CLEAR,DRY,False,OTHER INTERSECTION COLLISIONS,REAR END,STRAIGHT & LEVEL,DAYLIGHT,,,9/27/2022 8:34:23 AM,False,631,Accepted