IncidentID,AgencyORI,AgencyName,IncidentStatusDesc,County,RdwyNumber,Street,RoadwayName,StreetSfx,StreetDir,IntersectionRdwy,IntersectionRdwyName,BetweenStRdwy1,BetweenStRdwyName1,BetweenStRdwy2,BetweenStRdwyName2,Latitude,Longitude,Milepoint,CollisionDate,CollisionTime,UnitsInvolved,MotorVehiclesInvolved,NumberKilled,NumberInjured,Weather,RdwyConditionCode,HitandRun,DirAnalysisCode,MannerofCollision,RdwyCharacter,LightCondition,RampFromRdwyId,RampToRdwyId,AcceptedDate,IsSecondaryCollision,OwnerBadge,IncidentStatus
30451103,0568000,LOUISVILLE METRO POLICE DEPT,Accepted,JEFFERSON,,,CHARLOTTE ANN,DR,,,TARA GALE,,,,,38.18740744,-85.844130396,0.085,8/18/2022 12:00:00 AM,1446.0,2,2,0,0,CLEAR,DRY,False,COLLISION WITH PARKED VEHICLE,SIDESWIPE-SAME DIRECTION,STRAIGHT & LEVEL,DAYLIGHT,,,8/19/2022 7:16:18 AM,False,5208,Accepted
30452053,0240000,CHRISTIAN COUNTY SHERIFF OFFICE,Accepted,CHRISTIAN,I 0024,,I24 E,,,,,,,,,36.698954152,-87.444577375,86.24,8/18/2022 12:00:00 AM,2140.0,2,2,0,0,CLEAR,DRY,True,REAR END IN TRAFFIC LANES BOTH VEHICLES MOVING,REAR END,STRAIGHT & LEVEL,DARK-HWY LIGHTED/ON,,,8/19/2022 12:33:26 PM,False,609,Accepted
30447336,0180000,CALLOWAY COUNTY SHERIFF DEPT.,Accepted,CALLOWAY,US0641,,US641,,N,,,,,,,36.653570039,-88.306617491,10.733,8/17/2022 12:00:00 AM,1630.0,2,2,0,0,CLEAR,DRY,False,SIDESWIPE COLLISION - SAME DIRECTION,SIDESWIPE-SAME DIRECTION,STRAIGHT & LEVEL,DAYLIGHT,,,8/18/2022 10:52:57 AM,False,18,Accepted
30440532,0340200,LEXINGTON POLICE DEPARTMENT,Accepted,FAYETTE,I 0075,,I75 N,,,,,,,,,38.058482882,-84.433726171,111.185,8/16/2022 12:00:00 AM,1911.0,2,2,0,0,CLEAR,DRY,False,REAR END IN TRAFFIC LANES BOTH VEHICLES MOVING,REAR END,STRAIGHT & LEVEL,DAYLIGHT,,,8/17/2022 12:52:58 AM,False,56675,Accepted
30451943,0100000,BOYD COUNTY SHERIFF DEPARTMENT,Accepted,BOYD,I 0064,,,,,,,,,,,38.366009608,-82.706343588,0.372,8/16/2022 12:00:00 AM,1137.0,2,2,0,0,CLEAR,DRY,False,OTHER RAMP RELATED COLLISIONS NOT LISTED ABOVE,REAR END,STRAIGHT & LEVEL,DAYLIGHT,KY0180,I 0064,8/19/2022 11:55:23 AM,False,224,Accepted
30442010,KSP0300,KY STATE POLICE POST 03,Accepted,HART,I 0065,,I65 S,,,,,,,,,37.207191188,-85.936985693,58.041,8/15/2022 12:00:00 AM,1840.0,2,2,0,0,CLEAR,DRY,False,REAR END IN TRAFFIC LANES BOTH VEHICLES MOVING,REAR END,STRAIGHT & LEVEL,DAYLIGHT,,,8/17/2022 9:44:33 AM,False,411,Accepted
30442234,0100000,BOYD COUNTY SHERIFF DEPARTMENT,Accepted,BOYD,I 0064,191,I64 E,,,,,,,,,38.380268557,-82.603380074,190.987,8/15/2022 12:00:00 AM,1900.0,2,2,0,0,CLEAR,DRY,False,REAR END IN TRAFFIC LANES BOTH VEHICLES MOVING,REAR END,STRAIGHT & LEVEL,DAYLIGHT,,,8/17/2022 10:51:35 AM,False,235,Accepted
30445303,0980100,PIKEVILLE POLICE DEPARTMENT,Accepted,PIKE,US0023,,US23,,,,,,,,,37.492181603,-82.53470793,25.411,8/15/2022 12:00:00 AM,1043.0,2,2,0,0,CLOUDY,WET,False,REAR END IN TRAFFIC LANES BOTH VEHICLES MOVING,REAR END,STRAIGHT & LEVEL,DAYLIGHT,,,8/17/2022 11:55:02 PM,False,106,Accepted
30445301,0980100,PIKEVILLE POLICE DEPARTMENT,Accepted,PIKE,US0023,,US23,,,,,,,,,37.491830981,-82.535112159,25.379,8/14/2022 12:00:00 AM,1401.0,2,2,0,0,CLEAR,DRY,False,REAR END IN TRAFFIC LANES BOTH VEHICLES MOVING,REAR END,STRAIGHT & LEVEL,DAYLIGHT,,,8/17/2022 11:54:57 PM,False,106,Accepted
30520867,1180000,WHITLEY COUNTY SHERIFF DEPT.,Accepted,WHITLEY,US0025W,,US25W,,S,,,,,,,36.653712645,-84.132868301,5.098,8/14/2022 12:00:00 AM,1218.0,2,2,0,3,CLEAR,DRY,False,REAR END IN TRAFFIC LANES BOTH VEHICLES MOVING,REAR END,STRAIGHT & LEVEL,DAYLIGHT,,,9/4/2022 11:33:02 PM,False,161,Accepted
30451483,KSP0300,KY STATE POLICE POST 03,Accepted,HART,I 0065,,I65 S,,,,,,,,,37.217425319,-85.934919714,58.75,8/14/2022 12:00:00 AM,1308.0,3,3,0,2,CLEAR,DRY,False,SIDESWIPE COLLISION - SAME DIRECTION,SIDESWIPE-SAME DIRECTION,STRAIGHT & LEVEL,DAYLIGHT,,,8/19/2022 9:22:21 AM,False,632,Accepted
30445175,0410000,GRANT COUNTY SHERIFF DEPT.,Accepted,GRANT,I 0075,,I75 N,,,,,,,,,38.482513179,-84.580354619,143.832,8/13/2022 12:00:00 AM,1430.0,2,2,0,0,CLEAR,DRY,False,REAR END IN TRAFFIC LANES BOTH VEHICLES MOVING,REAR END,STRAIGHT & LEVEL,DAYLIGHT,,,8/17/2022 10:54:52 PM,False,927,Accepted
30431724,0568000,LOUISVILLE METRO POLICE DEPT,Accepted,JEFFERSON,I 0265,,I265 N,,,,,,,,,38.262780504,-85.501508526,28.253,8/13/2022 12:00:00 AM,519.0,2,2,0,1,CLEAR,DRY,False,SIDESWIPE COLLISION - SAME DIRECTION,SIDESWIPE-SAME DIRECTION,STRAIGHT & LEVEL,DARK-HWY LIGHTED/ON,,,8/15/2022 8:39:40 AM,False,5329,Accepted
30431661,0240000,CHRISTIAN COUNTY SHERIFF OFFICE,Accepted,CHRISTIAN,I 0024,,I24 E,,,,,,,,,36.698026388,-87.443436943,86.325,8/13/2022 12:00:00 AM,2054.0,1,1,0,0,CLEAR,DRY,False,OTHER ROADWAY OR MID-BLOCK COLLISION,SINGLE VEHICLE,STRAIGHT & LEVEL,DARK-HWY NOT LIGHTED,,,8/15/2022 8:34:11 AM,False,612,Accepted
30512991,1160000,WAYNE COUNTY SHERIFF DEPT.,Accepted,WAYNE,KY0090,,KY90,,,,,,,,,36.926281423,-84.759802245,19.375,8/12/2022 12:00:00 AM,1506.0,2,2,0,0,CLEAR,DRY,False,OTHER ROADWAY OR MID-BLOCK COLLISION,OPPOSING LEFT TURN,STRAIGHT & LEVEL,DAYLIGHT,,,9/2/2022 9:35:05 AM,False,1557,Accepted
30431958,1060000,SHELBY COUNTY SHERIFF DEPT.,Accepted,SHELBY,I 0064,,I64 W,,,,,,,,,38.148218703,-85.02606627,45.756,8/12/2022 12:00:00 AM,1922.0,2,2,0,0,CLEAR,DRY,False,REAR END IN TRAFFIC LANES BOTH VEHICLES MOVING,REAR END,STRAIGHT & LEVEL,DAYLIGHT,,,8/15/2022 9:16:10 AM,False,43,Accepted
30461376,0090000,BOURBON COUNTY SHERIFF DEPT.,Accepted,BOURBON,US0460,,MIDDLETOWN,RD,N,,,,,,,38.180653535,-84.164614022,14.522,8/12/2022 12:00:00 AM,1020.0,1,1,0,0,CLEAR,DRY,False,OTHER ROADWAY OR MID-BLOCK COLLISION,SINGLE VEHICLE,CURVE & HILLCREST,DAYLIGHT,,,8/22/2022 8:19:58 AM,False,806,Accepted
31666735,0020000,ALLEN COUNTY SHERIFF DEPT.,Accepted,ALLEN,KY1332,893,POPE,RD,,,,,HALFWAY,,HICKORY,36.777066464,-86.30229634,4.56,8/11/2022 12:00:00 AM,1357.0,1,1,0,0,CLEAR,DRY,False,RAN OFF ROADWAY (1 VEHICLE WITH/EARTH EMBANKMENT/DITCH),SINGLE VEHICLE,CURVE & GRADE,DAYLIGHT,,,5/23/2023 1:53:53 PM,False,40,Accepted
30480837,0470100,ELIZABETHTOWN POLICE DEPT.,Accepted,HARDIN,US0031W,,DIXIE,AVE,N,,,,FAIRVIEW,,FREEMAN LAKE PARK,37.714181282,-85.87698698,18.438,8/11/2022 12:00:00 AM,1047.0,2,1,0,0,CLEAR,DRY,False,SIDESWIPE COLLISION - SAME DIRECTION,SIDESWIPE-SAME DIRECTION,STRAIGHT & LEVEL,DAYLIGHT,,,8/26/2022 3:02:56 AM,False,0084,Accepted
30443896,0480200,HARLAN POLICE DEPARTMENT,Accepted,HARLAN,US0421,,US421,,S,,,,,,,36.816604108,-83.315513959,13.887,8/11/2022 12:00:00 AM,1650.0,4,4,0,4,CLEAR,DRY,False,OTHER ROADWAY OR MID-BLOCK COLLISION,REAR END,STRAIGHT & LEVEL,DAYLIGHT,,,8/17/2022 4:30:41 PM,False,234,Accepted
30421610,0080000,BOONE COUNTY SHERIFF DEPT.,Accepted,BOONE,US0025,,DIXIE,HWY,,,,,,,,38.909910698,-84.619043043,4.162,8/11/2022 12:00:00 AM,1031.0,2,2,0,0,CLEAR,DRY,False,1 VEHICLE ENTERING/LEAVING ENTRANCE,ANGLE,STRAIGHT & LEVEL,DAYLIGHT,,,8/12/2022 10:32:06 AM,False,3750,Accepted
30457129,0370000,FRANKLIN COUNTY SHERIFF,Accepted,FRANKLIN,I 0064,,I64 W,,,,,,,,,38.147200357,-84.978687992,48.368,8/10/2022 12:00:00 AM,1830.0,2,1,0,0,RAINING,WET,False,SIDESWIPE COLLISION - SAME DIRECTION,SIDESWIPE-SAME DIRECTION,CURVE & LEVEL,DAYLIGHT,,,8/21/2022 3:03:41 AM,False,821,Accepted
30419312,0250000,CLARK COUNTY SHERIFF DEPT.,Accepted,CLARK,I 0064,,I64 E,,,,,,,I 0064,I64 E EXIT94 OFF RAMP TO KY627 BYP,38.035403118,-84.278532567,90.025,8/10/2022 12:00:00 AM,1655.0,2,2,0,0,RAINING,WET,True,SIDESWIPE COLLISION - SAME DIRECTION,SIDESWIPE-SAME DIRECTION,STRAIGHT & LEVEL,DAYLIGHT,,,8/11/2022 9:08:00 PM,False,617,Accepted
30411060,0340200,LEXINGTON POLICE DEPARTMENT,Accepted,FAYETTE,,,CLAYS MILL,RD,,,SHERIDAN,,,,,38.019717253,-84.534505645,0.824,8/9/2022 12:00:00 AM,1055.0,2,1,0,1,CLEAR,DRY,True,COLLISION WITH PEDESTRIAN IN INTERSECTION,SINGLE VEHICLE,STRAIGHT & LEVEL,DAYLIGHT,,,8/10/2022 8:07:16 AM,False,56481,Accepted
30769601,0980100,PIKEVILLE POLICE DEPARTMENT,Accepted,PIKE,US0023,,US23,,,,,,,,,37.510311621,-82.541601069,27.016,8/9/2022 12:00:00 AM,1631.0,2,2,0,0,CLEAR,DRY,True,SIDESWIPE COLLISION - SAME DIRECTION,SIDESWIPE-SAME DIRECTION,STRAIGHT & LEVEL,DAYLIGHT,,,11/3/2022 6:07:50 AM,False,122,Accepted
30408148,1060100,SHELBYVILLE POLICE DEPARTMENT,Accepted,SHELBY,KY0053,,MT EDEN,RD,,,,,,CS1176,UNDALATA FRONTAGE,38.188656306,-85.211775985,6.305,8/9/2022 12:00:00 AM,817.0,2,2,0,0,CLEAR,DRY,False,1 VEHICLE ENTERING/LEAVING ENTRANCE,ANGLE,STRAIGHT & LEVEL,DAYLIGHT,,,8/9/2022 3:40:52 PM,False,232,Accepted
30408222,1100100,ELKTON POLICE DEPARTMENT,Accepted,TODD,US0068,,RUSSELLVILLE,RD,,KY0181,GREENVILLE,,,,,36.824194643,-87.151066419,8.724,8/9/2022 12:00:00 AM,1011.0,2,2,0,0,CLEAR,DRY,False,ANGLE COLLISION - OTHER,ANGLE,STRAIGHT & LEVEL,DAYLIGHT,,,8/9/2022 3:59:00 PM,False,101,Accepted
30417273,0760200,RICHMOND POLICE DEPARTMENT,Accepted,MADISON,US0025,,ROBERT R MARTIN,BYP,,KY1986,TROOPER CUNNINGHAM MEMORIAL,,,,,37.772524274,-84.287751753,18.696,8/9/2022 12:00:00 AM,1237.0,2,2,0,0,CLEAR,DRY,False,OPPOSING LEFT TURN,OPPOSING LEFT TURN,STRAIGHT & LEVEL,DAYLIGHT,,,8/11/2022 12:36:41 PM,False,9316,Accepted
30411066,0340200,LEXINGTON POLICE DEPARTMENT,Accepted,FAYETTE,US0025,,GEORGETOWN,RD,,,,,KEARNEY RIDGE,KY2886,KEARNEY,38.114470776,-84.520780962,19.008,8/9/2022 12:00:00 AM,825.0,2,2,0,3,CLEAR,DRY,False,OTHER ROADWAY OR MID-BLOCK COLLISION,REAR END,CURVE & HILLCREST,DAYLIGHT,,,8/10/2022 8:07:56 AM,False,56412,Accepted
30421074,0568000,LOUISVILLE METRO POLICE DEPT,Accepted,JEFFERSON,I 0064,,I64 W,,,,,,,,,38.276596833,-85.819732055,0.368,8/9/2022 12:00:00 AM,2232.0,3,3,0,5,CLEAR,DRY,False,REAR END IN TRAFFIC LANES BOTH VEHICLES MOVING,REAR END,STRAIGHT & LEVEL,DARK-HWY LIGHTED/ON,,,8/12/2022 8:09:16 AM,False,5250,Accepted
30430570,0930400,OLDHAM COUNTY POLICE DEPT.,Accepted,OLDHAM,I 0071,,I71 N,,,,,,,,,38.341414943,-85.501750253,13.82,8/9/2022 12:00:00 AM,2339.0,1,1,0,0,CLEAR,DRY,False,COLLISION WITH FIXED OBJECT NON - INTERSECTION - FIRST EVENT COLLISION 09 - 32 EXCLUDING 16,SINGLE VEHICLE,CURVE & GRADE,DARK-HWY NOT LIGHTED,,,8/15/2022 3:02:03 AM,False,3104,Accepted
30406065,0590100,COVINGTON POLICE DEPARTMENT,Accepted,KENTON,,,HIGHLAND,AVE,,,BENTON,,,,,39.064585318,-84.515991389,0.739,8/8/2022 12:00:00 AM,2200.0,1,1,0,0,CLEAR,DRY,False,COLLISION WITH FIXED OBJECT IN INTERSECTION - FIRST EVENT COLLISION 09 - 32,SINGLE VEHICLE,STRAIGHT & LEVEL,DARK-HWY LIGHTED/ON,,,8/9/2022 8:47:56 AM,False,0322,Accepted
30409364,0760200,RICHMOND POLICE DEPARTMENT,Accepted,MADISON,US0025,,ROBERT R MARTIN,BYP,,,,KY0388,RED HOUSE,KY1986,TROOPER CUNNINGHAM MEMORIAL,37.771393542,-84.284582101,18.507,8/8/2022 12:00:00 AM,1519.0,3,3,0,2,CLEAR,DRY,False,OTHER ROADWAY OR MID-BLOCK COLLISION,REAR END,CURVE & GRADE,DAYLIGHT,,,8/9/2022 8:53:57 PM,False,9368,Accepted
30408269,0980100,PIKEVILLE POLICE DEPARTMENT,Accepted,PIKE,US0023,,US23,,,,,,,,,37.494102343,-82.532550544,25.588,8/8/2022 12:00:00 AM,1239.0,2,2,0,0,CLEAR,DRY,False,REAR END IN TRAFFIC LANES BOTH VEHICLES MOVING,REAR END,STRAIGHT & LEVEL,DAYLIGHT,,,8/9/2022 4:05:27 PM,False,106,Accepted
30406091,1060000,SHELBY COUNTY SHERIFF DEPT.,Accepted,SHELBY,I 0064,,I64 E,,,,,,,,,38.156418449,-85.080970479,42.684,8/8/2022 12:00:00 AM,1143.0,2,2,0,0,CLEAR,DRY,False,REAR END IN TRAFFIC LANES BOTH VEHICLES MOVING,REAR END,STRAIGHT & LEVEL,DAYLIGHT,,,8/9/2022 8:52:37 AM,False,25,Accepted
30406206,0470000,HARDIN COUNTY SHERIFF DEPT.,Accepted,HARDIN,I 0065,,I65 N,,,,,,,,,37.810330444,-85.741838377,103.05,8/8/2022 12:00:00 AM,1444.0,2,2,0,0,CLEAR,DRY,False,SIDESWIPE COLLISION - SAME DIRECTION,SIDESWIPE-SAME DIRECTION,STRAIGHT & LEVEL,DAYLIGHT,,,8/9/2022 9:13:58 AM,False,958,Accepted
30412479,0100000,BOYD COUNTY SHERIFF DEPARTMENT,Accepted,BOYD,I 0064,,I64 E,,,I 0064,I64 E EXIT191 ON RAMP FROM US23,,,,,38.380234566,-82.604464663,190.927,8/7/2022 12:00:00 AM,1315.0,2,2,0,0,CLEAR,DRY,False,SIDESWIPE-SAME DIRECTION,SIDESWIPE-SAME DIRECTION,STRAIGHT & LEVEL,DAYLIGHT,,,8/10/2022 1:42:51 PM,False,224,Accepted
30411641,0150000,BULLITT COUNTY SHERIFF DEPT.,Accepted,BULLITT,I 0065,104MM,I65 NB,,,,,,,,,37.818385585,-85.733628925,103.765,8/7/2022 12:00:00 AM,1240.0,7,7,0,3,CLEAR,DRY,False,REAR END IN TRAFFIC LANES BOTH VEHICLES MOVING,REAR END,STRAIGHT & LEVEL,DAYLIGHT,,,8/10/2022 10:32:30 AM,False,1247,Accepted
30432259,KSP0300,KY STATE POLICE POST 03,Accepted,BARREN,I 0065,,I65 N,,,,,,,,,37.135477984,-85.978000297,52.418,8/7/2022 12:00:00 AM,1612.0,3,3,0,0,RAINING,WET,False,REAR END IN TRAFFIC LANES BOTH VEHICLES MOVING,REAR END,STRAIGHT & LEVEL,DAYLIGHT,,,8/15/2022 10:30:01 AM,False,632,Accepted
30421363,0240000,CHRISTIAN COUNTY SHERIFF OFFICE,Accepted,CHRISTIAN,I 0024,,I24 W,,,,,,,,,36.648597201,-87.351171183,92.556,8/6/2022 12:00:00 AM,1902.0,3,3,0,0,CLOUDY,DRY,False,REAR END IN TRAFFIC LANES BOTH VEHICLES MOVING,REAR END,STRAIGHT & LEVEL,DAYLIGHT,,,8/12/2022 9:15:21 AM,False,612,Accepted
30411426,0470100,ELIZABETHTOWN POLICE DEPT.,Accepted,HARDIN,US0031W,,DIXIE,AVE,N,,FREEMAN LAKE PARK,,,,,37.717924865,-85.878955136,18.725,8/6/2022 12:00:00 AM,1332.0,2,2,0,0,CLEAR,DRY,False,ANGLE COLLISION - OTHER,ANGLE,STRAIGHT & LEVEL,DAYLIGHT,,,8/10/2022 9:44:11 AM,False,0067,Accepted
30418673,0240000,CHRISTIAN COUNTY SHERIFF OFFICE,Accepted,CHRISTIAN,I 0024,,I24 WB,,,,,,,,,36.650627755,-87.356435415,0.651,8/6/2022 12:00:00 AM,1650.0,2,2,0,0,CLEAR,DRY,False,REAR END IN TRAFFIC LANES BOTH VEHICLES MOVING,REAR END,STRAIGHT & LEVEL,DAYLIGHT,,,8/11/2022 5:19:41 PM,False,609,Accepted
30403262,KSP1200,KY STATE POLICE POST 12,Accepted,FRANKLIN,I 0064,,I64 E,,,,,,,,,38.144101958,-84.994760637,47.501,8/6/2022 12:00:00 AM,1318.0,1,1,0,0,RAINING,WET,False,OTHER COLLISIONS ON SHOULDER,SINGLE VEHICLE,STRAIGHT & LEVEL,DAYLIGHT,,,8/8/2022 5:12:56 PM,False,274,Accepted
30872611,0150200,LEBANON JUNCTION POLICE DEPT.,Accepted,BULLITT,I 0065,,I65 S,,,,,,,,,37.834913456,-85.717571187,105.224,8/5/2022 12:00:00 AM,1930.0,2,2,0,0,CLOUDY,DRY,False,REAR END IN TRAFFIC LANES BOTH VEHICLES MOVING,REAR END,STRAIGHT & LEVEL,DAYLIGHT,,,11/29/2022 2:35:06 PM,False,607,Accepted
30418546,0591100,TAYLOR MILL POLICE DEPARTMENT,Accepted,KENTON,KY0016,,PRIDE,PKWY,,,,,PROMONTORY,,PROMONTORY,39.031291528,-84.511783138,13.669,8/5/2022 12:00:00 AM,915.0,2,2,0,1,RAINING,WET,False,HEAD-ON COLLISION,HEAD ON,CURVE & GRADE,DAYLIGHT,,,8/11/2022 4:54:13 PM,False,TM07,Accepted
30397394,KSP0300,KY STATE POLICE POST 03,Accepted,HART,I 0065,,I65 NB,,,,,,,,,37.220344634,-85.933461162,58.957,8/5/2022 12:00:00 AM,2102.0,2,2,0,0,CLEAR,DRY,False,SIDESWIPE COLLISION - SAME DIRECTION,SIDESWIPE-SAME DIRECTION,STRAIGHT & LEVEL,DARK-HWY NOT LIGHTED,,,8/7/2022 10:51:42 AM,False,421,Accepted
30402894,0510100,HENDERSON POLICE DEPARTMENT,Accepted,HENDERSON,KY2084,,KY2084,,S,KY0812,AIRLINE,,,,,37.820135025,-87.569341821,2.137,8/4/2022 12:00:00 AM,646.0,3,2,0,1,CLEAR,DRY,False,ANGLE COLLISION - OTHER,ANGLE,STRAIGHT & LEVEL,DAYLIGHT,,,8/8/2022 4:27:21 PM,False,17,Accepted
30414506,1070000,SIMPSON COUNTY SHERIFF DEPT.,Accepted,SIMPSON,I 0065,,I65 S,,,,,,,,,36.695734763,-86.53302061,4.467,8/4/2022 12:00:00 AM,515.0,2,2,0,1,CLEAR,DRY,False,SIDESWIPE COLLISION - SAME DIRECTION,SIDESWIPE-SAME DIRECTION,STRAIGHT & LEVEL,DAWN,,,8/10/2022 9:47:26 PM,False,138,Accepted
30387839,0250000,CLARK COUNTY SHERIFF DEPT.,Accepted,CLARK,I 0064,,I64 W,,,,,,,,,38.014096681,-84.216952084,93.708,8/3/2022 12:00:00 AM,2306.0,1,1,0,0,CLEAR,DRY,False,COLLISION WITH FIXED OBJECT NON - INTERSECTION - FIRST EVENT COLLISION 09 - 32 EXCLUDING 16,SINGLE VEHICLE,CURVE & LEVEL,DARK-HWY LIGHTED/ON,,,8/4/2022 4:15:52 PM,False,616,Accepted
30387442,0370200,KY STATE POLICE CVE,Accepted,WHITLEY,I 0075,,I75 S,,,,,,,,,36.930962466,-84.126637979,25.572,8/2/2022 12:00:00 AM,1508.0,3,3,0,0,CLEAR,DRY,False,REAR END IN TRAFFIC LANES BOTH VEHICLES MOVING,REAR END,STRAIGHT & LEVEL,DAYLIGHT,,,8/4/2022 3:01:53 PM,False,C-355,Accepted
30372795,0100000,BOYD COUNTY SHERIFF DEPARTMENT,Accepted,BOYD,I 0064,,I64 EB,,,,,,,,,38.380350943,-82.603477813,190.982,8/1/2022 12:00:00 AM,656.0,2,2,0,0,CLOUDY,DRY,True,RAN OFF ROADWAY (1 VEHICLE WITH/EARTH EMBANKMENT/DITCH),SIDESWIPE-SAME DIRECTION,STRAIGHT & LEVEL,DAYLIGHT,,,8/1/2022 11:24:40 AM,False,218,Accepted
30391272,1140000,WARREN COUNTY SHERIFF DEPT.,Accepted,WARREN,US0031W,7400,NASHVILLE,RD,,,,,,,,36.908216836,-86.514024663,5.985,8/1/2022 12:00:00 AM,1345.0,4,1,0,1,CLEAR,DRY,False,OTHER ROADWAY OR MID-BLOCK COLLISION,REAR END,STRAIGHT & LEVEL,DAYLIGHT,,,8/5/2022 10:42:56 AM,False,422,Accepted
30371400,0565000,LYNDON POLICE DEPARTMENT,Accepted,JEFFERSON,KY0146,,NEW LA GRANGE,RD,,,WOOD,,,,,38.258676626,-85.603766155,0.981,7/30/2022 12:00:00 AM,5.0,2,2,0,0,CLEAR,DRY,True,OTHER INTERSECTION COLLISIONS,REAR END,STRAIGHT & LEVEL,DARK-HWY LIGHTED/ON,,,8/1/2022 6:28:00 AM,False,1386,Accepted
30743157,0565000,LYNDON POLICE DEPARTMENT,Accepted,JEFFERSON,KY0146,,NEW LA GRANGE,RD,,,WILLOW SPRINGS,,,,,38.264453889,-85.594633537,1.62,7/30/2022 12:00:00 AM,311.0,2,2,0,0,CLEAR,DRY,False,OPPOSITE DIRECTION - BOTH VEHICLES GOING STRAIGHT AHEAD,SIDESWIPE-OPPOSITE DIRECTION,STRAIGHT & LEVEL,DARK-HWY LIGHTED/ON,,,10/27/2022 4:59:10 PM,False,1386,Accepted
30370434,0470100,ELIZABETHTOWN POLICE DEPT.,Accepted,HARDIN,KY3005,,RING,RD,,,,KY3005,RING,,WALMART,37.728321118,-85.883945406,6.553,7/30/2022 12:00:00 AM,1508.0,2,2,0,0,CLEAR,DRY,False,COLLISION WITH FIXED OBJECT NON - INTERSECTION - FIRST EVENT COLLISION 09 - 32 EXCLUDING 16,ANGLE,STRAIGHT & LEVEL,DAYLIGHT,,,8/1/2022 1:16:49 AM,False,0133,Accepted
30417008,0970000,PERRY COUNTY SHERIFF,Accepted,PERRY,KY1440,,UPPER SECOND CREEK,RD,,,,,,,,37.274507056,-83.172941652,1.339,7/29/2022 12:00:00 AM,1347.0,2,2,0,0,CLEAR,DRY,False,VEHICLE BACKING NON INTERSECTION,BACKING,CURVE & LEVEL,DAYLIGHT,,,8/11/2022 11:30:35 AM,False,513,Accepted
30371401,0565000,LYNDON POLICE DEPARTMENT,Accepted,JEFFERSON,KY0146,,NEW LA GRANGE,RD,,,WOOD,,,,,38.258315575,-85.604531637,0.902,7/29/2022 12:00:00 AM,2135.0,2,2,0,0,CLEAR,DRY,True,OPPOSITE DIRECTION - BOTH VEHICLES GOING STRAIGHT AHEAD,SIDESWIPE-OPPOSITE DIRECTION,STRAIGHT & LEVEL,DARK-HWY LIGHTED/ON,,,8/1/2022 6:28:06 AM,False,1399,Accepted
30402214,0510000,HENDERSON COUNTY SHERIFF DEPT.,Accepted,HENDERSON,US0041,,US41,,N,,,,,,,37.901748971,-87.551760603,19.463,7/28/2022 12:00:00 AM,1138.0,3,3,0,3,CLEAR,DRY,False,OTHER ROADWAY OR MID-BLOCK COLLISION,REAR END,STRAIGHT & GRADE,DAYLIGHT,,,8/8/2022 2:12:00 PM,False,136,Accepted
30432677,1110000,TRIGG COUNTY SHERIFF DEPT.,Accepted,TRIGG,I 0024,,I24 W,,,,,,,,,36.868552687,-87.712709495,66.914,7/28/2022 12:00:00 AM,430.0,1,1,0,0,CLOUDY,DRY,False,COLLISION WITH NON-FIXED OBJECT ,SINGLE VEHICLE,STRAIGHT & LEVEL,DARK-HWY NOT LIGHTED,,,8/15/2022 12:33:30 PM,False,206,Accepted
30377082,0110100,DANVILLE POLICE DEPARTMENT,Accepted,BOYLE,US0127B,,DANVILLE,BYP,S,,,,STEWARTS,US0127B,US127 BYP,37.626892308,-84.796922405,1.647,7/28/2022 12:00:00 AM,1208.0,2,2,0,0,CLOUDY,WET,False,REAR END IN TRAFFIC LANES BOTH VEHICLES MOVING,REAR END,STRAIGHT & LEVEL,DAYLIGHT,,,8/2/2022 10:15:43 AM,False,801,Accepted
30368801,1140000,WARREN COUNTY SHERIFF DEPT.,Accepted,WARREN,,1600,CLAYPOOL BOYCE,RD,,,,,,,,36.86266651,-86.30647831,1.685,7/28/2022 12:00:00 AM,757.0,2,2,0,0,CLOUDY,WET,False,1 VEHICLE PARKED POSITION (NOT PARKING LOT/DRIVEWAY),SIDESWIPE-OPPOSITE DIRECTION,CURVE & LEVEL,DAYLIGHT,,,7/31/2022 9:01:31 AM,False,422,Accepted
30358819,0340200,LEXINGTON POLICE DEPARTMENT,Accepted,FAYETTE,,,LANE ALLEN,RD,,,,US0068,HARRODSBURG,,MITCHELL,38.026301268,-84.534735384,0.225,7/27/2022 12:00:00 AM,1110.0,2,2,0,0,CLOUDY,DRY,False,SIDESWIPE COLLISION - SAME DIRECTION,SIDESWIPE-SAME DIRECTION,STRAIGHT & LEVEL,DAYLIGHT,,,7/28/2022 11:39:09 AM,False,55323,Accepted
30360736,0080000,BOONE COUNTY SHERIFF DEPT.,Accepted,BOONE,KY0018,,BURLINGTON,PIKE,,,,,LIMABURG,,TAYLOR,39.018941305,-84.687693315,12.553,7/27/2022 12:00:00 AM,2045.0,2,2,0,0,CLEAR,DRY,False,OTHER ROADWAY OR MID-BLOCK COLLISION,REAR END,STRAIGHT & GRADE,DAYLIGHT,,,7/28/2022 10:09:53 PM,False,3302,Accepted