IncidentID,AgencyORI,AgencyName,IncidentStatusDesc,County,RdwyNumber,Street,RoadwayName,StreetSfx,StreetDir,IntersectionRdwy,IntersectionRdwyName,BetweenStRdwy1,BetweenStRdwyName1,BetweenStRdwy2,BetweenStRdwyName2,Latitude,Longitude,Milepoint,CollisionDate,CollisionTime,UnitsInvolved,MotorVehiclesInvolved,NumberKilled,NumberInjured,Weather,RdwyConditionCode,HitandRun,DirAnalysisCode,MannerofCollision,RdwyCharacter,LightCondition,RampFromRdwyId,RampToRdwyId,AcceptedDate,IsSecondaryCollision,OwnerBadge,IncidentStatus
30203652,0150100,SHEPHERDSVILLE POLICE DEPT.,Accepted,BULLITT,I 0065,,I65 S,,,,,I 0065,I65 S EXIT116 ON RAMP FROM KY480,I 0065,I65 S REST AREA113 OFF RAMP,37.973437018,-85.696178907,115.19,6/17/2022 12:00:00 AM,1554.0,2,2,0,0,CLEAR,DRY,True,SIDESWIPE COLLISION - SAME DIRECTION,SIDESWIPE-SAME DIRECTION,STRAIGHT & LEVEL,DAYLIGHT,,,6/20/2022 8:10:07 AM,False,026,Accepted
30193604,0410000,GRANT COUNTY SHERIFF DEPT.,Accepted,GRANT,I 0075,,I75 N,,,,,,,,,38.475674764,-84.579527503,143.355,6/16/2022 12:00:00 AM,1211.0,2,2,0,0,CLEAR,DRY,False,SIDESWIPE COLLISION - SAME DIRECTION,SIDESWIPE-SAME DIRECTION,STRAIGHT & LEVEL,DAYLIGHT,,,6/17/2022 1:31:36 AM,False,927,Accepted
30192938,0240100,HOPKINSVILLE POLICE DEPARTMENT,Accepted,CHRISTIAN,US0041,721,MAIN,ST,N,,,,,,,36.879081392,-87.482396024,13.478,6/16/2022 12:00:00 AM,1030.0,2,2,0,1,CLEAR,DRY,False,REAR END IN TRAFFIC LANES BOTH VEHICLES MOVING,REAR END,STRAIGHT & LEVEL,DAYLIGHT,,,6/16/2022 9:06:02 PM,False,473,Accepted
30238496,0340200,LEXINGTON POLICE DEPARTMENT,Accepted,FAYETTE,I 0075,,I75 SB,,,,,I 0075,I75 SB EXIT113 ON RAMP FROM US27,I 0064,I75 SB EXIT111 RAMP TO I64 EB,38.07711706,-84.457060217,113.005,6/16/2022 12:00:00 AM,2315.0,2,2,0,0,CLEAR,DRY,True,OTHER ROADWAY OR MID-BLOCK COLLISION,REAR END,STRAIGHT & GRADE,DARK-HWY LIGHTED/ON,,,6/28/2022 5:50:07 PM,False,49744,Accepted
30201800,0470000,HARDIN COUNTY SHERIFF DEPT.,Accepted,HARDIN,I 0065,,,,,,,,,,,37.807128736,-85.74554291,0.085,6/16/2022 12:00:00 AM,59.0,1,1,0,0,CLEAR,DRY,False,COLLISION WITH FIXED OBJECT NOT IN GORE ,SINGLE VEHICLE,STRAIGHT & LEVEL,DARK-HWY LIGHTED/ON,I 0065,KY0313,6/19/2022 7:10:56 PM,False,974,Accepted
30204188,0568000,LOUISVILLE METRO POLICE DEPT,Accepted,JEFFERSON,US0031E,,BARDSTOWN,RD,,,SCHLATTER,,,,,38.106018222,-85.56634589,2.296,6/15/2022 12:00:00 AM,1.0,1,1,0,0,CLEAR,DRY,True,OTHER INTERSECTION COLLISIONS,SINGLE VEHICLE,STRAIGHT & LEVEL,DARK-HWY NOT LIGHTED,,,6/20/2022 10:20:34 AM,False,5169,Accepted
30190373,0080000,BOONE COUNTY SHERIFF DEPT.,Accepted,BOONE,I 0075,,I75 N,,,,,,,,,38.895172608,-84.626732938,173.881,6/15/2022 12:00:00 AM,945.0,2,2,0,0,CLEAR,DRY,False,REAR END IN TRAFFIC LANES BOTH VEHICLES MOVING,REAR END,STRAIGHT & LEVEL,DAYLIGHT,,,6/16/2022 8:55:18 AM,False,3744,Accepted
30195539,0080000,BOONE COUNTY SHERIFF DEPT.,Accepted,BOONE,I 0071,,I71 N,,,,,,,,,38.814087744,-84.708134188,70.389,6/15/2022 12:00:00 AM,1428.0,2,2,0,0,CLEAR,DRY,False,REAR END IN TRAFFIC LANES BOTH VEHICLES MOVING,REAR END,CURVE & GRADE,DAYLIGHT,,,6/17/2022 1:49:13 PM,False,3761,Accepted
30447358,0750000,MCLEAN COUNTY SHERIFF DEPT.,Accepted,MCLEAN,KY0081,,KY81,,,,,,MCELWAIN,,POND DRAIN,37.490713049,-87.245006163,8.374,6/15/2022 12:00:00 AM,1200.0,1,1,0,1,CLEAR,DRY,False,COLLISION WITH FIXED OBJECT NON - INTERSECTION - FIRST EVENT COLLISION 09 - 32 EXCLUDING 16,SINGLE VEHICLE,CURVE & LEVEL,DAYLIGHT,,,8/18/2022 10:56:21 AM,False,279,Accepted
30187069,0080000,BOONE COUNTY SHERIFF DEPT.,Accepted,BOONE,I 0075,,I75 N,,,,,,,,,38.934604785,-84.631316911,176.554,6/14/2022 12:00:00 AM,1143.0,1,1,0,0,CLEAR,DRY,False,COLLISION WITH FIXED OBJECT NON - INTERSECTION - FIRST EVENT COLLISION 09 - 32 EXCLUDING 16,SINGLE VEHICLE,STRAIGHT & LEVEL,DAYLIGHT,,,6/15/2022 2:59:55 PM,False,3774,Accepted
30186673,0050100,GLASGOW POLICE DEPARTMENT,Accepted,BARREN,US0031E,,L ROGERS WELLS,BLVD,S,,,,CAVALRY,US0031EX,GREEN,36.984625637,-85.931676399,12.969,6/14/2022 12:00:00 AM,1556.0,2,2,0,0,CLEAR,DRY,False,SIDESWIPE COLLISION - SAME DIRECTION,SIDESWIPE-SAME DIRECTION,STRAIGHT & LEVEL,DAYLIGHT,,,6/15/2022 1:09:58 PM,False,2277,Accepted
30191294,0240000,CHRISTIAN COUNTY SHERIFF OFFICE,Accepted,CHRISTIAN,I 0024,91MM,I24 W,,,,,,,,,36.67050517,-87.386968887,90.028,6/14/2022 12:00:00 AM,1631.0,2,2,0,0,CLEAR,DRY,False,OTHER ROADWAY OR MID-BLOCK COLLISION,REAR END,STRAIGHT & LEVEL,DAYLIGHT,,,6/16/2022 1:47:34 PM,False,628,Accepted
30185641,0080000,BOONE COUNTY SHERIFF DEPT.,Accepted,BOONE,KY0020,,PETERSBURG,RD,,,FISTER PLACE,,,,,39.068142874,-84.724676587,15.443,6/14/2022 12:00:00 AM,1154.0,2,2,0,0,CLEAR,DRY,False,ANGLE COLLISION - OTHER,ANGLE,STRAIGHT & LEVEL,DAYLIGHT,,,6/15/2022 8:52:09 AM,False,3721,Accepted
30183143,0340200,LEXINGTON POLICE DEPARTMENT,Accepted,FAYETTE,,1732,WYATT,PKWY,,,,,,,,38.036559001,-84.459315194,0.301,6/14/2022 12:00:00 AM,1423.0,2,2,0,0,CLEAR,DRY,False,1 VEHICLE PARKED POSITION (NOT PARKING LOT/DRIVEWAY),BACKING,STRAIGHT & LEVEL,DAYLIGHT,,,6/14/2022 5:06:53 PM,False,39970,Accepted
30195611,0280100,MARION POLICE DEPARTMENT,Accepted,CRITTENDEN,,,PIPPI HARDEN,BLVD,,,,,,,,37.350590529,-88.067297697,0.369,6/13/2022 12:00:00 AM,1252.0,2,2,0,0,BLOWING SAND/SOIL/DIRT/SNOW,OTHER,False,COLLISION IN PARKING LOT,BACKING,STRAIGHT & LEVEL,DAYLIGHT,,,6/17/2022 2:12:28 PM,False,102,Accepted
30179445,0930100,LAGRANGE POLICE DEPARTMENT,Accepted,OLDHAM,KY0053,,1ST,AVE,S,,,,,,,38.401155406,-85.37552263,6.492,6/13/2022 12:00:00 AM,1515.0,2,2,0,0,CLEAR,DRY,False,SIDESWIPE COLLISION - SAME DIRECTION,SIDESWIPE-SAME DIRECTION,STRAIGHT & LEVEL,DAYLIGHT,,,6/13/2022 10:37:19 PM,False,2057,Accepted
30180808,0730100,PADUCAH POLICE DEPARTMENT,Accepted,MCCRACKEN,US0045X,,US45 BUS,,,,HARRISON,,,,,37.090818333,-88.600799247,2.416,6/13/2022 12:00:00 AM,1408.0,1,1,0,1,CLEAR,DRY,False,OTHER INTERSECTION COLLISIONS,SINGLE VEHICLE,CURVE & LEVEL,DAYLIGHT,,,6/14/2022 8:05:00 AM,False,242,Accepted
30179496,0080000,BOONE COUNTY SHERIFF DEPT.,Accepted,BOONE,I 0075,,I75 N,,,,,,,,,38.899702409,-84.626970165,174.193,6/13/2022 12:00:00 AM,112.0,2,2,0,0,CLEAR,DRY,True,VEHICLE BACKING NON INTERSECTION,BACKING,STRAIGHT & GRADE,DARK-HWY LIGHTED/ON,,,6/13/2022 10:50:56 PM,False,3723,Accepted
30199082,KSP0100,KY STATE POLICE POST 01,Accepted,LYON,I 0024,,I24 W,,,,,,,,,36.995015573,-87.948461327,51.133,6/12/2022 12:00:00 AM,1515.0,2,2,0,0,CLEAR,DRY,False,SIDESWIPE COLLISION - SAME DIRECTION,SIDESWIPE-SAME DIRECTION,STRAIGHT & LEVEL,DAYLIGHT,,,6/18/2022 6:38:21 PM,False,991,Accepted
30182629,0150000,BULLITT COUNTY SHERIFF DEPT.,Accepted,BULLITT,I 0065,121MM,I65 SB,,,,,,,,,38.055261715,-85.698847398,121.056,6/12/2022 12:00:00 AM,1319.0,2,2,0,0,CLEAR,DRY,True,SIDESWIPE COLLISION - SAME DIRECTION,SIDESWIPE-SAME DIRECTION,STRAIGHT & LEVEL,DAYLIGHT,,,6/14/2022 3:20:44 PM,False,1226,Accepted
30176501,0080000,BOONE COUNTY SHERIFF DEPT.,Accepted,BOONE,I 0075,,I75 SB,,,,,,,,,38.917440145,-84.629213933,175.361,6/12/2022 12:00:00 AM,1251.0,2,2,0,0,CLOUDY,DRY,False,SIDESWIPE COLLISION - SAME DIRECTION,SIDESWIPE-SAME DIRECTION,STRAIGHT & LEVEL,DAYLIGHT,,,6/13/2022 8:33:43 AM,False,3750,Accepted
30176686,KSP0400,KY STATE POLICE POST 04,Accepted,HARDIN,I 0065,,I65 N,,,,,,,,,37.81265199,-85.739427623,103.258,6/12/2022 12:00:00 AM,1436.0,2,2,0,0,CLEAR,DRY,False,REAR END IN TRAFFIC LANES BOTH VEHICLES MOVING,REAR END,STRAIGHT & LEVEL,DAYLIGHT,,,6/13/2022 8:59:15 AM,False,511,Accepted
30173458,0080000,BOONE COUNTY SHERIFF DEPT.,Accepted,BOONE,,1077,STURGEON,RD,,,,,,,,38.875003315,-84.657058268,0.064,6/11/2022 12:00:00 AM,658.0,2,2,0,0,CLOUDY,DRY,False,VEHICLE BACKING NON INTERSECTION,BACKING,CURVE & LEVEL,DAYLIGHT,,,6/12/2022 8:04:50 AM,False,3743,Accepted
30171177,0150000,BULLITT COUNTY SHERIFF DEPT.,Accepted,BULLITT,I 0065,122,I65 S,,,,,,,,,38.085165716,-85.701181489,123.101,6/11/2022 12:00:00 AM,630.0,2,2,0,0,CLEAR,DRY,True,REAR END IN TRAFFIC LANES BOTH VEHICLES MOVING,REAR END,STRAIGHT & LEVEL,DAYLIGHT,,,6/11/2022 3:07:04 PM,False,1007,Accepted
30181277,0470000,HARDIN COUNTY SHERIFF DEPT.,Accepted,HARDIN,I 0065,,I65 N,,,,,,,,,37.79776538,-85.751771533,101.983,6/10/2022 12:00:00 AM,1504.0,2,2,0,1,CLEAR,DRY,False,REAR END IN TRAFFIC LANES BOTH VEHICLES MOVING,REAR END,STRAIGHT & GRADE,DAYLIGHT,,,6/14/2022 10:11:03 AM,False,965,Accepted
30199270,0080000,BOONE COUNTY SHERIFF DEPT.,Accepted,BOONE,KY1292,1077,BEAVER,RD,,,,,,,,38.875609126,-84.656453121,2.384,6/10/2022 12:00:00 AM,1725.0,1,1,0,0,CLEAR,DRY,False,RAN OFF ROADWAY (1 VEHICLE WITH/EARTH EMBANKMENT/DITCH),SINGLE VEHICLE,STRAIGHT & LEVEL,DAYLIGHT,,,6/18/2022 8:18:45 PM,False,3711,Accepted
30167283,KSP0400,KY STATE POLICE POST 04,Accepted,BULLITT,I 0065,,I65 N,,,,,,,,,37.823096994,-85.727196557,104.245,6/9/2022 12:00:00 AM,1650.0,1,1,0,0,CLEAR,DRY,False,OTHER COLLISIONS ON SHOULDER,SINGLE VEHICLE,STRAIGHT & LEVEL,DAYLIGHT,,,6/10/2022 9:08:21 AM,False,571,Accepted
30171361,KSP0300,KY STATE POLICE POST 03,Accepted,WARREN,I 0065,,I65 N,,,,,,,,,36.881491201,-86.444378424,18.424,6/9/2022 12:00:00 AM,1901.0,1,1,0,0,CLEAR,DRY,False,OTHER ROADWAY OR MID-BLOCK COLLISION,SINGLE VEHICLE,STRAIGHT & LEVEL,DAYLIGHT,,,6/11/2022 4:16:04 PM,False,295,Accepted
30167282,KSP0400,KY STATE POLICE POST 04,Accepted,HARDIN,I 0065,,I65 S,,,,,,,,,37.80658486,-85.74573699,102.715,6/9/2022 12:00:00 AM,1020.0,2,2,0,0,CLEAR,DRY,False,SIDESWIPE COLLISION - SAME DIRECTION,SIDESWIPE-SAME DIRECTION,STRAIGHT & LEVEL,DAYLIGHT,,,6/10/2022 9:08:14 AM,False,905,Accepted
30164386,0540100,MADISONVILLE POLICE DEPT.,Accepted,HOPKINS,,,PARK,AVE,,,PRICE,,,,,37.326615302,-87.486110464,0.068,6/9/2022 12:00:00 AM,1351.0,2,2,0,0,CLEAR,DRY,False,OTHER INTERSECTION COLLISIONS,REAR END,STRAIGHT & GRADE,DAYLIGHT,,,6/9/2022 4:21:40 PM,False,66,Accepted
30167120,0080000,BOONE COUNTY SHERIFF DEPT.,Accepted,BOONE,I 0075,,I75 NB,,,KY0338,RICHWOOD,,,,,38.917500565,-84.628943489,175.403,6/9/2022 12:00:00 AM,1503.0,3,3,0,0,CLEAR,DRY,False,OTHER INTERSECTION COLLISIONS,REAR END,STRAIGHT & LEVEL,DAYLIGHT,,,6/10/2022 8:51:41 AM,False,3776,Accepted
30171561,1060100,SHELBYVILLE POLICE DEPARTMENT,Accepted,SHELBY,KY0053,,MOUNT EDEN,RD,,US0060,FRANKFORT,,,,,38.210224876,-85.20369021,7.979,6/9/2022 12:00:00 AM,1355.0,2,2,0,1,CLEAR,DRY,False,COLLISION WITH PARKED VEHICLE,ANGLE,STRAIGHT & LEVEL,DAYLIGHT,,,6/11/2022 5:09:10 PM,False,212,Accepted
30176685,KSP0400,KY STATE POLICE POST 04,Accepted,HARDIN,I 0065,,I65 S,,,,,,,,,37.808788547,-85.743625692,102.906,6/9/2022 12:00:00 AM,43.0,3,3,0,0,CLEAR,DRY,False,REAR END IN TRAFFIC LANES BOTH VEHICLES MOVING,REAR END,STRAIGHT & LEVEL,DARK-HWY NOT LIGHTED,,,6/13/2022 8:59:09 AM,False,1190,Accepted
30163253,0080000,BOONE COUNTY SHERIFF DEPT.,Accepted,BOONE,I 0075,,I75 S,,,,,,,,,38.910713112,-84.628484213,174.9,6/8/2022 12:00:00 AM,1950.0,2,2,0,0,RAINING,FLOODED,False,1 VEHICLE ENTERING/LEAVING ENTRANCE,ANGLE,STRAIGHT & LEVEL,DAYLIGHT,,,6/9/2022 12:11:02 PM,False,3205,Accepted
30162446,0930400,OLDHAM COUNTY POLICE DEPT.,Accepted,OLDHAM,I 0071,,I71 N,,,,,I 0071,I71 N REST AREA13 ON RAMP,I 0071,I71 N EXIT14 OFF RAMP TO KY329,38.339175938,-85.512109138,13.237,6/8/2022 12:00:00 AM,1539.0,2,2,0,0,CLEAR,DRY,False,REAR END IN TRAFFIC LANES BOTH VEHICLES MOVING,REAR END,STRAIGHT & LEVEL,DAYLIGHT,,,6/9/2022 7:22:08 AM,False,3071,Accepted
30154381,0080000,BOONE COUNTY SHERIFF DEPT.,Accepted,BOONE,KY0338,,RICHWOOD,RD,,,FROGTOWN CONN,,,,,38.916440355,-84.632454659,0.475,6/6/2022 12:00:00 AM,2007.0,2,2,0,0,CLOUDY,WET,False,VEHICLE BACKING IN INTERSECTION,BACKING,STRAIGHT & HILLCREST,DAYLIGHT,,,6/7/2022 12:49:56 PM,False,3729,Accepted
30153923,0080000,BOONE COUNTY SHERIFF DEPT.,Accepted,BOONE,KY1925,11461,BIG BONE,RD,,,,,,,,38.9177227,-84.720395378,2.832,6/6/2022 12:00:00 AM,1218.0,2,2,0,0,CLOUDY,WET,False,1 VEHICLE PARKED POSITION (NOT PARKING LOT/DRIVEWAY),SIDESWIPE-SAME DIRECTION,STRAIGHT & HILLCREST,DAYLIGHT,,,6/7/2022 10:14:09 AM,False,3720,Accepted
30224222,1140000,WARREN COUNTY SHERIFF DEPT.,Accepted,WARREN,KY0884,8000,THREE SPRINGS,RD,,,,,,,,36.872952409,-86.508704984,2.479,6/6/2022 12:00:00 AM,1659.0,2,2,0,0,RAINING,WET,True,1 VEHICLE PARKED POSITION (NOT PARKING LOT/DRIVEWAY),SIDESWIPE-SAME DIRECTION,STRAIGHT & LEVEL,DAYLIGHT,,,6/24/2022 6:03:29 PM,False,435,Accepted
30200173,0260000,CLAY COUNTY SHERIFF DEPT.,Accepted,CLAY,HR9006,,HR9006,,,,,,,,,37.143520599,-83.807732331,18.085,6/6/2022 12:00:00 AM,2019.0,1,1,0,1,RAINING,WET,False,OTHER COLLISIONS ON SHOULDER,SINGLE VEHICLE,CURVE & LEVEL,DAYLIGHT,,,6/19/2022 3:03:52 AM,False,1109,Accepted
30196276,0150000,BULLITT COUNTY SHERIFF DEPT.,Accepted,BULLITT,I 0065,,I65 N,,,,,,,,,37.815211856,-85.736969343,103.48,6/5/2022 12:00:00 AM,1345.0,9,9,0,0,CLEAR,DRY,False,1 VEHICLE ENTERING/LEAVING ENTRANCE,ANGLE,STRAIGHT & LEVEL,DAYLIGHT,,,6/17/2022 5:29:40 PM,False,1033,Accepted
30179550,0630000,LAUREL COUNTY SHERIFF DEPT.,Accepted,LAUREL,I 0075,48,I75 N,,,,,,,,,37.214992053,-84.199005582,47.923,6/5/2022 12:00:00 AM,1907.0,2,2,0,2,CLEAR,DRY,False,1 VEHICLE ENTERING/LEAVING ENTRANCE,ANGLE,STRAIGHT & LEVEL,DAYLIGHT,,,6/13/2022 11:22:12 PM,False,1136,Accepted
30148831,0568000,LOUISVILLE METRO POLICE DEPT,Accepted,JEFFERSON,I 0064,,I64 E,,,,,,,,,38.278411388,-85.821883981,0.18,6/5/2022 12:00:00 AM,1652.0,2,2,0,0,CLEAR,DRY,False,REAR END IN TRAFFIC LANES BOTH VEHICLES MOVING,REAR END,STRAIGHT & LEVEL,DAYLIGHT,,,6/6/2022 8:50:52 AM,False,5355,Accepted
30409668,0370200,KY STATE POLICE CVE,Accepted,BULLITT,I 0065,,I65 S,,,,,,,,,37.833658734,-85.717807778,105.136,6/5/2022 12:00:00 AM,1624.0,3,3,0,0,CLEAR,DRY,True,SIDESWIPE COLLISION - SAME DIRECTION,SIDESWIPE-SAME DIRECTION,CURVE & HILLCREST,DAYLIGHT,,,8/9/2022 11:10:29 PM,False,C-358,Accepted
30148185,0570100,NICHOLASVILLE POLICE DEPT.,Accepted,JESSAMINE,US0027,,NICHOLASVILLE,BYP,,,,,KEENECENTRE,US0027,US27,37.895873122,-84.587550739,9.305,6/5/2022 12:00:00 AM,2130.0,3,3,0,0,CLEAR,DRY,False,REAR END IN TRAFFIC LANES BOTH VEHICLES MOVING,REAR END,STRAIGHT & LEVEL,DARK-HWY NOT LIGHTED,,,6/6/2022 5:12:29 AM,False,548,Accepted
30150682,0470000,HARDIN COUNTY SHERIFF DEPT.,Accepted,HARDIN,I 0065,,,,,,,,,,,37.804191708,-85.747431486,0.018,6/5/2022 12:00:00 AM,1349.0,6,6,0,0,CLEAR,DRY,False,OTHER RAMP RELATED COLLISIONS NOT LISTED ABOVE,REAR END,STRAIGHT & LEVEL,DAYLIGHT,KY0313,I 0065,6/6/2022 4:16:31 PM,False,988,Accepted
30622439,0610000,KNOX COUNTY SHERIFF DEPARTMENT,Accepted,KNOX,US0025E,,US25E,,S,,PANTHER,,,,,36.867681178,-83.836658129,7.449,6/3/2022 12:00:00 AM,1735.0,3,3,0,1,CLEAR,DRY,False,OTHER INTERSECTION COLLISIONS,REAR END,STRAIGHT & GRADE,DAYLIGHT,,,9/28/2022 2:49:12 PM,False,105,Accepted
30142293,0340200,LEXINGTON POLICE DEPARTMENT,Accepted,FAYETTE,US0027,,BROADWAY,,S,,,US0025,VINE,US0060,HIGH,38.048046519,-84.50116358,6.404,6/3/2022 12:00:00 AM,2349.0,2,2,0,0,CLEAR,DRY,False,SIDESWIPE COLLISION - SAME DIRECTION,SIDESWIPE-SAME DIRECTION,STRAIGHT & HILLCREST,DARK-HWY LIGHTED/ON,,,6/4/2022 3:41:17 AM,False,58542,Accepted
30188757,1060100,SHELBYVILLE POLICE DEPARTMENT,Accepted,SHELBY,US0060,,MAIN,ST,,,,,10TH,,9TH,38.211471507,-85.223812013,10.323,6/3/2022 12:00:00 AM,1654.0,2,2,0,0,CLEAR,DRY,False,REAR END IN TRAFFIC LANES BOTH VEHICLES MOVING,REAR END,STRAIGHT & LEVEL,DAYLIGHT,,,6/15/2022 10:43:26 PM,False,244,Accepted
30141594,0080000,BOONE COUNTY SHERIFF DEPT.,Accepted,BOONE,KY0338,,RICHWOOD,RD,,,,I 0075,I75 S EXIT175 ON RAMP FROM  RICHWOOD DR,I 0075,I75 N EXIT175 ON RAMP FROM  RICHWOOD DR,38.917569844,-84.62953394,0.294,6/2/2022 12:00:00 AM,1728.0,3,3,0,0,CLOUDY,DRY,False,REAR END IN TRAFFIC LANES BOTH VEHICLES MOVING,REAR END,STRAIGHT & LEVEL,DAYLIGHT,,,6/3/2022 11:16:23 PM,False,3713,Accepted
30321063,0150200,LEBANON JUNCTION POLICE DEPT.,Accepted,BULLITT,I 0065,,I65 S,,,,,,,,,37.846460619,-85.715413947,106.033,6/2/2022 12:00:00 AM,1600.0,2,2,0,0,CLOUDY,DRY,False,SIDESWIPE COLLISION - SAME DIRECTION,SIDESWIPE-SAME DIRECTION,STRAIGHT & LEVEL,DAYLIGHT,,,7/19/2022 3:38:05 PM,False,601,Accepted
30136172,0370200,KY STATE POLICE CVE,Accepted,LAUREL,I 0075,,I75 N,,,,,,,,,37.151727249,-84.111993741,41.077,6/2/2022 12:00:00 AM,1402.0,2,2,0,0,CLEAR,DRY,True,SIDESWIPE COLLISION - SAME DIRECTION,SIDESWIPE-SAME DIRECTION,STRAIGHT & LEVEL,DAYLIGHT,,,6/2/2022 6:50:49 PM,False,C-362,Accepted
30128923,0150200,LEBANON JUNCTION POLICE DEPT.,Accepted,BULLITT,I 0065,,I65 N,,,,,,,,,37.81636355,-85.735686276,103.586,6/1/2022 12:00:00 AM,815.0,1,1,0,0,CLEAR,DRY,False,OTHER ROADWAY OR MID-BLOCK COLLISION,SINGLE VEHICLE,STRAIGHT & LEVEL,DAYLIGHT,,,6/1/2022 9:55:10 AM,False,601,Accepted
30125991,0590300,ERLANGER POLICE DEPARTMENT,Accepted,KENTON,KY0236,,STEVENSON,RD,,,,,,,,39.004137092,-84.584312926,0.156,5/31/2022 12:00:00 AM,1421.0,2,2,0,0,CLEAR,DRY,False,SIDESWIPE COLLISION - OPPOSITE DIRECTION,SIDESWIPE-OPPOSITE DIRECTION,CURVE & GRADE,DAYLIGHT,,,5/31/2022 5:45:51 PM,False,182,Accepted
30162623,KSP0600,KY STATE POLICE POST 06,Accepted,BOONE,I 0075,,I75 N,,,,,,,,,38.913978171,-84.628486404,175.181,5/31/2022 12:00:00 AM,2208.0,2,2,0,0,CLEAR,DRY,True,SIDESWIPE COLLISION - SAME DIRECTION,SIDESWIPE-SAME DIRECTION,STRAIGHT & LEVEL,DARK-HWY NOT LIGHTED,,,6/9/2022 8:25:14 AM,False,122,Accepted
30120289,0150000,BULLITT COUNTY SHERIFF DEPT.,Accepted,BULLITT,I 0065,,I65 N,,,,,I 0065,I65 N EXIT105 OFF RAMP TO KY61,I 0065,I65 TURN AROUND104,37.824111219,-85.725440385,104.364,5/30/2022 12:00:00 AM,1139.0,3,3,0,0,CLEAR,DRY,False,REAR END IN TRAFFIC LANES BOTH VEHICLES MOVING,REAR END,STRAIGHT & LEVEL,DAYLIGHT,,,5/30/2022 5:36:30 PM,False,1113,Accepted
30124877,0470000,HARDIN COUNTY SHERIFF DEPT.,Accepted,HARDIN,I 0065,,I65 N,,,,,,,,,37.793664951,-85.754557715,101.636,5/30/2022 12:00:00 AM,1427.0,2,2,0,0,CLEAR,DRY,False,REAR END IN TRAFFIC LANES BOTH VEHICLES MOVING,REAR END,STRAIGHT & LEVEL,DAYLIGHT,,,5/31/2022 2:57:02 PM,False,958,Accepted
30124870,0470000,HARDIN COUNTY SHERIFF DEPT.,Accepted,HARDIN,I 0065,,I65 N,,,,,,,,,37.789057407,-85.764502531,101.01,5/27/2022 12:00:00 AM,1315.0,2,2,0,0,CLEAR,DRY,False,REAR END IN TRAFFIC LANES BOTH VEHICLES MOVING,REAR END,STRAIGHT & LEVEL,DAYLIGHT,,,5/31/2022 2:56:40 PM,False,961,Accepted
30111101,0150000,BULLITT COUNTY SHERIFF DEPT.,Accepted,BULLITT,I 0065,,I65 N,,,,,,,,,37.828686519,-85.72006441,104.797,5/27/2022 12:00:00 AM,944.0,2,2,0,0,CLOUDY,DRY,False,SIDESWIPE COLLISION - SAME DIRECTION,SIDESWIPE-SAME DIRECTION,CURVE & LEVEL,DAYLIGHT,,,5/27/2022 5:36:41 PM,False,1232,Accepted
30115866,0730000,MCCRACKEN COUNTY SHERIFF DEPT.,Accepted,MCCRACKEN,,,HOVEKAMP,RD,W,,,,,,,37.045966639,-88.589283779,0.223,5/27/2022 12:00:00 AM,1409.0,1,1,0,0,CLEAR,DRY,False,RAN OFF ROADWAY (1 VEHICLE WITH/EARTH EMBANKMENT/DITCH),SINGLE VEHICLE,CURVE & LEVEL,DAYLIGHT,,,5/29/2022 8:57:48 AM,False,32,Accepted
31538417,0980200,ELKHORN CITY POLICE DEPARTMENT,Accepted,PIKE,KY0080,,KY80,,,,CEDAR HILL,,,,,37.314695913,-82.36004871,2.111,5/26/2022 12:00:00 AM,1722.0,2,2,0,0,CLOUDY,WET,False,SIDESWIPE-SAME DIRECTION,SIDESWIPE-SAME DIRECTION,STRAIGHT & LEVEL,DAYLIGHT,,,4/24/2023 12:42:57 PM,False,4125,Accepted
30106762,0150000,BULLITT COUNTY SHERIFF DEPT.,Accepted,BULLITT,I 0065,,I65 S,,,,,I 0065,I65 S EXIT105 ON RAMP FROM KY61,I 0065,I65 TURN AROUND104,37.82759347,-85.72150439,104.665,5/26/2022 12:00:00 AM,734.0,2,2,0,0,RAINING,WET,False,REAR END IN TRAFFIC LANES BOTH VEHICLES MOVING,REAR END,CURVE & GRADE,DAYLIGHT,,,5/26/2022 3:51:18 PM,False,1113,Accepted
30148984,0150200,LEBANON JUNCTION POLICE DEPT.,Accepted,BULLITT,I 0065,,I65 S,,,,,,,,,37.873715594,-85.703299454,108.051,5/26/2022 12:00:00 AM,1830.0,2,2,0,1,CLEAR,DRY,False,REAR END IN TRAFFIC LANES BOTH VEHICLES MOVING,REAR END,STRAIGHT & LEVEL,DAYLIGHT,,,6/6/2022 9:28:22 AM,False,601,Accepted
30109671,0790000,MARSHALL COUNTY SHERIFF DEPT.,Accepted,MARSHALL,US0062,,US62,,,,,,HOWARDS GROVE,,RAINBOW,37.004806328,-88.383668063,5.558,5/26/2022 12:00:00 AM,1129.0,2,2,0,1,CLEAR,DRY,False,1 VEHICLE ENTERING/LEAVING ENTRANCE,ANGLE,STRAIGHT & LEVEL,DAYLIGHT,,,5/27/2022 10:47:58 AM,False,42,Accepted
30107663,0080000,BOONE COUNTY SHERIFF DEPT.,Accepted,BOONE,KY0237,,BEND,RD,N,I 0275,I275 E EXIT7 ON RAMP FROM KY237,,,,,39.082884208,-84.710108984,10.683,5/26/2022 12:00:00 AM,120.0,2,2,0,0,CLEAR,DRY,False,OPPOSING LEFT TURN,OPPOSING LEFT TURN,STRAIGHT & LEVEL,DARK-HWY LIGHTED/ON,,,5/26/2022 8:37:40 PM,False,3703,Accepted