IncidentID,AgencyORI,AgencyName,IncidentStatusDesc,County,RdwyNumber,Street,RoadwayName,StreetSfx,StreetDir,IntersectionRdwy,IntersectionRdwyName,BetweenStRdwy1,BetweenStRdwyName1,BetweenStRdwy2,BetweenStRdwyName2,Latitude,Longitude,Milepoint,CollisionDate,CollisionTime,UnitsInvolved,MotorVehiclesInvolved,NumberKilled,NumberInjured,Weather,RdwyConditionCode,HitandRun,DirAnalysisCode,MannerofCollision,RdwyCharacter,LightCondition,RampFromRdwyId,RampToRdwyId,AcceptedDate,IsSecondaryCollision,OwnerBadge,IncidentStatus
30099888,0570100,NICHOLASVILLE POLICE DEPT.,Accepted,JESSAMINE,US0027,,NICHOLASVILLE,BYP,,,,,,,,37.901450058,-84.58207535,9.731,5/24/2022 12:00:00 AM,426.0,3,2,0,2,CLOUDY,OTHER,False,SIDESWIPE COLLISION - SAME DIRECTION,SIDESWIPE-SAME DIRECTION,STRAIGHT & LEVEL,DARK-HWY NOT LIGHTED,,,5/25/2022 2:45:55 AM,True,510,Accepted
30108309,0340200,LEXINGTON POLICE DEPARTMENT,Accepted,FAYETTE,,,LANE ALLEN,RD,,,ROSEMONT,,,,,38.023866228,-84.532215522,0.001,5/24/2022 12:00:00 AM,1043.0,2,2,0,0,CLOUDY,DRY,False,ANGLE COLLISION - OTHER,ANGLE,STRAIGHT & LEVEL,DAYLIGHT,,,5/27/2022 1:20:50 AM,False,56412,Accepted
30098135,0100100,ASHLAND POLICE DEPARTMENT,Accepted,BOYD,,1700,39TH,ST,,,,,,,,38.456978673,-82.631505969,1.124,5/24/2022 12:00:00 AM,806.0,1,1,0,0,CLOUDY,DRY,False,OTHER ROADWAY OR MID-BLOCK COLLISION,SINGLE VEHICLE,CURVE & GRADE,DAYLIGHT,,,5/24/2022 5:24:54 PM,False,1520,Accepted
30097888,0080200,FLORENCE POLICE DEPARTMENT,Accepted,BOONE,I 0075,,,,,,,,,,,38.957948577,-84.635987162,0.311,5/24/2022 12:00:00 AM,918.0,2,2,0,0,CLEAR,DRY,False,SIDESWIPE COLLISION - SAME DIRECTION,SIDESWIPE-SAME DIRECTION,STRAIGHT & LEVEL,DAYLIGHT,,,5/24/2022 4:42:51 PM,False,61,Accepted
30098483,1060100,SHELBYVILLE POLICE DEPARTMENT,Accepted,SHELBY,KY0053,,MT EDEN,RD,,US0060,FRANKFORT,,,,,38.210575974,-85.203711714,8.006,5/23/2022 12:00:00 AM,735.0,2,2,0,0,CLOUDY,DRY,False,OTHER INTERSECTION COLLISIONS,REAR TO REAR,STRAIGHT & LEVEL,DAYLIGHT,,,5/24/2022 6:54:55 PM,False,216,Accepted
30095896,KSP0400,KY STATE POLICE POST 04,Accepted,HARDIN,US0031W,,DIXIE,HWY,S,,,,,,,37.519844737,-85.880159045,4.176,5/23/2022 12:00:00 AM,900.0,2,2,0,0,RAINING,WET,False,REAR END IN TRAFFIC LANES BOTH VEHICLES MOVING,REAR END,STRAIGHT & LEVEL,DAYLIGHT,,,5/24/2022 8:23:57 AM,False,905,Accepted
30099074,KSP0100,KY STATE POLICE POST 01,Accepted,MARSHALL,I 0024,,I24 W,,,,,,,,,37.023536766,-88.288919526,29.104,5/23/2022 12:00:00 AM,1201.0,2,2,0,0,CLEAR,DRY,False,REAR END IN TRAFFIC LANES BOTH VEHICLES MOVING,REAR END,STRAIGHT & LEVEL,DAYLIGHT,,,5/24/2022 10:05:01 PM,False,405,Accepted
30273446,0470100,ELIZABETHTOWN POLICE DEPT.,Accepted,HARDIN,US0031W,,DIXIE,AVE,N,,,,NALLS,,COMMUNICARE,37.726578811,-85.883408952,19.357,5/22/2022 12:00:00 AM,1234.0,2,2,0,0,CLOUDY,OTHER,False,REAR END IN TRAFFIC LANES BOTH VEHICLES MOVING,REAR END,STRAIGHT & LEVEL,DAYLIGHT,,,7/7/2022 9:54:01 AM,False,0118,Accepted
30109805,0100000,BOYD COUNTY SHERIFF DEPARTMENT,Accepted,BOYD,,,OLD BUCKLEY,RD,,,,,,,,38.472931011,-82.676366098,1.875,5/22/2022 12:00:00 AM,1804.0,1,1,0,0,CLEAR,DRY,False,RAN OFF ROADWAY (1 VEHICLE WITH/EARTH EMBANKMENT/DITCH),SINGLE VEHICLE,STRAIGHT & LEVEL,DAYLIGHT,,,5/27/2022 11:38:43 AM,False,223,Accepted
30094990,0190500,HIGHLAND HEIGHTS POLICE DEPT.,Accepted,CAMPBELL,,257,SUNSET,DR,,,,,,,,39.038066314,-84.460999275,0.264,5/21/2022 12:00:00 AM,1618.0,1,1,0,0,CLEAR,DRY,False,OTHER ROADWAY OR MID-BLOCK COLLISION,SINGLE VEHICLE,STRAIGHT & LEVEL,DAYLIGHT,,,5/24/2022 1:39:42 AM,False,510,Accepted
30621223,0810000,MASON COUNTY SHERIFF,Accepted,MASON,KY0010,,MASON LEWIS,RD,,,,,,,,38.635604953,-83.714145474,6.397,5/21/2022 12:00:00 AM,1735.0,2,2,0,2,CLEAR,DRY,False,SIDESWIPE COLLISION - SAME DIRECTION,SIDESWIPE-SAME DIRECTION,CURVE & GRADE,DAYLIGHT,,,9/28/2022 9:09:00 AM,False,62,Accepted
30100727,0470000,HARDIN COUNTY SHERIFF DEPT.,Accepted,HARDIN,WK9001,,WK9001 E,,,,,,,,,37.580823851,-86.015072793,124.798,5/21/2022 12:00:00 AM,930.0,2,2,0,1,CLEAR,DRY,False,SIDESWIPE COLLISION - SAME DIRECTION,SIDESWIPE-SAME DIRECTION,STRAIGHT & LEVEL,DAYLIGHT,,,5/25/2022 8:19:47 AM,False,961,Accepted
30083545,0340200,LEXINGTON POLICE DEPARTMENT,Accepted,FAYETTE,,,CLAYS MILL,RD,,,MITCHELL,,,,,38.022798359,-84.532792253,0.592,5/20/2022 12:00:00 AM,804.0,2,2,0,0,CLOUDY,DRY,True,ANGLE COLLISION - OTHER,ANGLE,STRAIGHT & LEVEL,DAYLIGHT,,,5/20/2022 5:21:31 PM,False,56413,Accepted
30085377,0080000,BOONE COUNTY SHERIFF DEPT.,Accepted,BOONE,,,BEST PAL,DR,,KY0338,RICHWOOD,,,,,38.918287767,-84.625873805,0.004,5/19/2022 12:00:00 AM,734.0,2,2,0,0,CLOUDY,OTHER,False,SIDESWIPE-SAME DIRECTION,SIDESWIPE-SAME DIRECTION,STRAIGHT & LEVEL,DAYLIGHT,,,5/21/2022 8:07:39 AM,False,3734,Accepted
30103698,0470100,ELIZABETHTOWN POLICE DEPT.,Accepted,HARDIN,US0031W,1300,DIXIE,AVE,N,,,,HIDDEN,US0031WB,US31W BYP S TURN LANE,37.720692469,-85.880586354,18.928,5/19/2022 12:00:00 AM,56.0,1,1,0,0,CLEAR,DRY,False,OTHER COLLISIONS ON SHOULDER,SINGLE VEHICLE,STRAIGHT & LEVEL,DARK-HWY LIGHTED/ON,,,5/25/2022 10:03:26 PM,False,0153,Accepted
30097208,0470300,VINE GROVE POLICE DEPARTMENT,Accepted,HARDIN,,,MILL,ST,S,KY0144,MAIN,,,,,37.810081601,-85.980840337,0.57,5/18/2022 12:00:00 AM,1112.0,1,1,0,0,CLEAR,DRY,False,OTHER INTERSECTION COLLISIONS,SINGLE VEHICLE,CURVE & GRADE,DAYLIGHT,,,5/24/2022 2:27:31 PM,False,807,Accepted
30078372,0370000,FRANKLIN COUNTY SHERIFF,Accepted,FRANKLIN,I 0064,,I64 W,,,,,,,,,38.153131754,-84.943603653,50.325,5/18/2022 12:00:00 AM,1433.0,1,1,0,1,CLOUDY,DRY,False,OTHER ROADWAY OR MID-BLOCK COLLISION,SINGLE VEHICLE,STRAIGHT & LEVEL,DAYLIGHT,,,5/19/2022 12:38:22 PM,False,907,Accepted
30078634,0590100,COVINGTON POLICE DEPARTMENT,Accepted,KENTON,US0025,,PIKE,ST,,I 0075,I75 N EXIT191 ON RAMP FROM US25,,,,,39.077371765,-84.5196838,12.755,5/17/2022 12:00:00 AM,1008.0,2,2,0,0,CLEAR,DRY,False,ANGLE COLLISION - ONE VEHICLE TURNING LEFT,ANGLE,STRAIGHT & LEVEL,DAYLIGHT,,,5/19/2022 1:40:44 PM,False,0245,Accepted
30073350,0590100,COVINGTON POLICE DEPARTMENT,Accepted,KENTON,KY0017,,MADISON,PIKE,,KY3148,OLD MADISON,,,,,39.017802825,-84.529997073,17.746,5/17/2022 12:00:00 AM,1516.0,2,2,0,0,CLEAR,DRY,False,OTHER INTERSECTION COLLISIONS,REAR END,STRAIGHT & LEVEL,DAYLIGHT,,,5/18/2022 9:11:48 AM,False,0328,Accepted
30089216,0630000,LAUREL COUNTY SHERIFF DEPT.,Accepted,LAUREL,KY0030,5000,KY30,,E,,,,,,,37.233630661,-84.045820799,7.18,5/16/2022 12:00:00 AM,1402.0,3,3,0,0,CLEAR,DRY,False,1 VEHICLE ENTERING/LEAVING ENTRANCE,ANGLE,STRAIGHT & LEVEL,DAYLIGHT,,,5/22/2022 11:03:42 PM,False,1136,Accepted
30101046,KSP0300,KY STATE POLICE POST 03,Accepted,SIMPSON,I 0065,,I65 N,,,,,,,,,36.777193894,-86.479992581,10.894,5/16/2022 12:00:00 AM,2130.0,3,3,0,1,CLEAR,DRY,True,SIDESWIPE COLLISION - SAME DIRECTION,SIDESWIPE-SAME DIRECTION,STRAIGHT & HILLCREST,DARK-HWY NOT LIGHTED,,,5/25/2022 10:08:33 AM,False,632,Accepted
30063863,KSP0400,KY STATE POLICE POST 04,Accepted,HARDIN,I 0065,,I65 S,,,,,,,,,37.798001088,-85.751602266,102.032,5/16/2022 12:00:00 AM,145.0,2,2,0,0,CLEAR,DRY,True,SIDESWIPE COLLISION - SAME DIRECTION,SIDESWIPE-SAME DIRECTION,CURVE & LEVEL,DARK-HWY NOT LIGHTED,,,5/16/2022 9:07:44 AM,False,782,Accepted
30067702,0570100,NICHOLASVILLE POLICE DEPT.,Accepted,JESSAMINE,US0027,,NICHOLASVILLE,BYP,,,,,ETTER,US0027,US27 N RAMP FROM KY29 S,37.886614094,-84.59212478,8.62,5/16/2022 12:00:00 AM,2218.0,2,2,0,1,CLEAR,DRY,False,HEAD-ON COLLISION,HEAD ON,STRAIGHT & LEVEL,DARK-HWY NOT LIGHTED,,,5/17/2022 4:19:50 AM,False,576,Accepted
30070717,0080000,BOONE COUNTY SHERIFF DEPT.,Accepted,BOONE,I 0075,,,,,,,,,,,38.855681793,-84.622812215,0.231,5/16/2022 12:00:00 AM,1651.0,2,2,0,0,CLEAR,DRY,False,OTHER RAMP RELATED COLLISIONS NOT LISTED ABOVE,REAR END,STRAIGHT & LEVEL,DAYLIGHT,MARY GRUBBS HWY,I 0075,5/17/2022 6:01:33 PM,False,3704,Accepted
30070190,0590100,COVINGTON POLICE DEPARTMENT,Accepted,KENTON,KY0017,,MADISON,PIKE,,,ROLLING HILLS,,,,,39.014650508,-84.529052689,17.532,5/16/2022 12:00:00 AM,1653.0,2,2,0,2,CLEAR,DRY,False,OPPOSING LEFT TURN,OPPOSING LEFT TURN,STRAIGHT & LEVEL,DAYLIGHT,,,5/17/2022 4:17:36 PM,False,0328,Accepted
30063283,0190200,CAMPBELL COUNTY POLICE DEPT.,Accepted,CAMPBELL,KY0009,,AA,HWY,,,,,POPLAR RIDGE,,ENZWEILER,38.981888259,-84.380460172,11.2,5/15/2022 12:00:00 AM,2139.0,2,1,0,1,CLEAR,DRY,False,COLLISION WITH PEDESTRIAN NON - INTERSECTION,SINGLE VEHICLE,STRAIGHT & LEVEL,DARK-HWY NOT LIGHTED,,,5/16/2022 7:07:12 AM,False,7,Accepted
30082418,KSP0400,KY STATE POLICE POST 04,Accepted,HARDIN,I 0065,,I65 NB,,,,,,,,,37.796569199,-85.752501009,101.884,5/15/2022 12:00:00 AM,1436.0,3,3,0,0,CLEAR,DRY,False,REAR END IN TRAFFIC LANES BOTH VEHICLES MOVING,REAR END,STRAIGHT & LEVEL,DAYLIGHT,,,5/20/2022 11:47:02 AM,False,391,Accepted
30064587,KSP0300,KY STATE POLICE POST 03,Accepted,SIMPSON,I 0065,,I65 S,,,,,,,,,36.757479822,-86.488313364,9.457,5/15/2022 12:00:00 AM,653.0,2,2,0,0,CLOUDY,DRY,True,SIDESWIPE COLLISION - SAME DIRECTION,SIDESWIPE-SAME DIRECTION,STRAIGHT & LEVEL,DAYLIGHT,,,5/16/2022 11:15:42 AM,False,446,Accepted
30061409,0150000,BULLITT COUNTY SHERIFF DEPT.,Accepted,BULLITT,I 0065,,I65 N,,,,,,,,,37.816551138,-85.735492464,103.603,5/15/2022 12:00:00 AM,1130.0,2,2,0,0,CLEAR,DRY,False,SIDESWIPE COLLISION - SAME DIRECTION,SIDESWIPE-SAME DIRECTION,STRAIGHT & LEVEL,DAYLIGHT,,,5/15/2022 6:26:04 PM,False,1055,Accepted
30060650,0730100,PADUCAH POLICE DEPARTMENT,Accepted,MCCRACKEN,,,BROADWAY,,,,,,13TH,,HIGH,37.081544353,-88.610862924,1.685,5/14/2022 12:00:00 AM,1630.0,2,2,0,0,CLEAR,DRY,False,SIDESWIPE COLLISION - SAME DIRECTION,SIDESWIPE-SAME DIRECTION,STRAIGHT & LEVEL,DAYLIGHT,,,5/15/2022 12:44:54 PM,False,395,Accepted
30060931,0150000,BULLITT COUNTY SHERIFF DEPT.,Accepted,BULLITT,I 0065,,I65 S,,,,,,,,,37.871229252,-85.704039419,107.873,5/14/2022 12:00:00 AM,1450.0,2,2,0,0,RAINING,WET,False,REAR END IN TRAFFIC LANES BOTH VEHICLES MOVING,REAR END,STRAIGHT & LEVEL,DAYLIGHT,,,5/15/2022 3:41:01 PM,False,1232,Accepted
30059538,0080200,FLORENCE POLICE DEPARTMENT,Accepted,BOONE,KY0536,,MT ZION,RD,,I 0075,I75 S EXIT178 OFF RAMP TO  MT ZION RD,,,,,38.956702514,-84.636203961,13.28,5/13/2022 12:00:00 AM,2025.0,2,2,0,0,CLEAR,DRY,False,OTHER INTERSECTION COLLISIONS,REAR END,STRAIGHT & LEVEL,DAYLIGHT,,,5/15/2022 12:27:43 AM,False,55,Accepted
30065571,0561500,UNIV. OF LOUISVILLE POLICE,Accepted,JEFFERSON,,,FLOYD,ST,S,,HAHN,,,,,38.212059117,-85.7554971,3.006,5/13/2022 12:00:00 AM,1132.0,2,2,0,0,CLEAR,DRY,False,ANGLE COLLISION - OTHER,ANGLE,STRAIGHT & LEVEL,DAYLIGHT,,,5/16/2022 3:27:39 PM,False,5618,Accepted
30060604,0080000,BOONE COUNTY SHERIFF DEPT.,Accepted,BOONE,I 0075,,I75 S,,,,,,,,,38.919542977,-84.629238443,175.504,5/13/2022 12:00:00 AM,1740.0,2,2,0,0,CLEAR,DRY,False,SIDESWIPE COLLISION - SAME DIRECTION,SIDESWIPE-SAME DIRECTION,STRAIGHT & LEVEL,DAYLIGHT,,,5/15/2022 11:50:43 AM,False,3738,Accepted
30077603,0060000,BATH COUNTY SHERIFF DEPARTMENT,Accepted,BATH,KY1331,,KY1331,,,,,,,,,38.061872314,-83.77823507,1.981,5/13/2022 12:00:00 AM,1315.0,2,2,0,0,CLEAR,DRY,True,1 VEHICLE PARKED POSITION (NOT PARKING LOT/DRIVEWAY),SIDESWIPE-OPPOSITE DIRECTION,CURVE & LEVEL,DAYLIGHT,,,5/19/2022 8:38:35 AM,False,269,Accepted
30062046,KSP0100,KY STATE POLICE POST 01,Accepted,LIVINGSTON,US0060,,US60,,,,,,,,,37.035540307,-88.522472088,0.188,5/13/2022 12:00:00 AM,1542.0,2,2,0,0,CLEAR,DRY,False,REAR END IN TRAFFIC LANES BOTH VEHICLES MOVING,REAR END,STRAIGHT & GRADE,DAYLIGHT,,,5/15/2022 11:28:06 PM,False,440,Accepted
30059359,0150000,BULLITT COUNTY SHERIFF DEPT.,Accepted,BULLITT,I 0065,105MM,I65 SB,,,,,,,,,37.835813251,-85.717382666,105.306,5/13/2022 12:00:00 AM,1610.0,2,2,0,0,CLEAR,DRY,False,OTHER COLLISIONS ON SHOULDER,SIDESWIPE-SAME DIRECTION,STRAIGHT & HILLCREST,DAYLIGHT,,,5/14/2022 11:17:37 PM,False,1226,Accepted
30063514,0568000,LOUISVILLE METRO POLICE DEPT,Accepted,JEFFERSON,,,MAPLE FOREST,DR,,KY1447,WESTPORT,,,,,38.302278301,-85.516533934,0.001,5/13/2022 12:00:00 AM,1245.0,2,2,0,0,CLEAR,DRY,False,COLLISION WITH PARKED VEHICLE,BACKING,STRAIGHT & LEVEL,DAYLIGHT,,,5/16/2022 8:24:42 AM,False,7316,Accepted
30055985,0080000,BOONE COUNTY SHERIFF DEPT.,Accepted,BOONE,I 0075,,I75 SOUTH EXIT OFF TO RICHWOOD RD,,,,,,,,,38.91768155,-84.630595899,0.236,5/12/2022 12:00:00 AM,1728.0,2,2,0,0,CLEAR,DRY,False,OTHER RAMP RELATED COLLISIONS NOT LISTED ABOVE,REAR END,STRAIGHT & GRADE,DAYLIGHT,I 0075,RICHWOOD DR,5/13/2022 5:12:07 PM,False,3719,Accepted
30060606,0080000,BOONE COUNTY SHERIFF DEPT.,Accepted,BOONE,KY0237,,BEND,RD,N,I 0275,I275 W EXIT7B OFF RAMP TO KY237,,,,,39.081131804,-84.709038282,10.548,5/12/2022 12:00:00 AM,2215.0,2,2,0,1,CLEAR,DRY,False,OPPOSING LEFT TURN,OPPOSING LEFT TURN,STRAIGHT & LEVEL,DARK-HWY LIGHTED/ON,,,5/15/2022 11:50:54 AM,False,3738,Accepted
30054853,0080000,BOONE COUNTY SHERIFF DEPT.,Accepted,BOONE,,,BEST PAL,DR,,,,,,,,38.918982516,-84.626243384,0.055,5/12/2022 12:00:00 AM,749.0,2,2,0,1,CLEAR,DRY,False,OTHER ROADWAY OR MID-BLOCK COLLISION,REAR END,STRAIGHT & LEVEL,DAYLIGHT,,,5/13/2022 12:16:41 PM,False,3761,Accepted
30054216,0080000,BOONE COUNTY SHERIFF DEPT.,Accepted,BOONE,I 0075,,I75 S,,,,,,,,,38.942958216,-84.632798963,177.123,5/12/2022 12:00:00 AM,756.0,2,2,0,0,CLEAR,DRY,False,SIDESWIPE COLLISION - SAME DIRECTION,SIDESWIPE-SAME DIRECTION,STRAIGHT & LEVEL,DAYLIGHT,,,5/13/2022 9:07:07 AM,False,3705,Accepted
30054850,0080000,BOONE COUNTY SHERIFF DEPT.,Accepted,BOONE,I 0075,,I75 S,,,,,,,,,38.917444991,-84.629347135,175.362,5/12/2022 12:00:00 AM,930.0,2,2,0,0,CLEAR,DRY,True,SIDESWIPE COLLISION - SAME DIRECTION,SIDESWIPE-SAME DIRECTION,STRAIGHT & LEVEL,DAYLIGHT,,,5/13/2022 12:16:27 PM,False,3765,Accepted
30053363,0191200,WILDER POLICE DEPARTMENT,Accepted,CAMPBELL,KY1998,,POOLES CREEK,RD,,,,,,,,39.011347175,-84.468160414,0.107,5/12/2022 12:00:00 AM,1143.0,2,1,0,1,CLEAR,DRY,False,COLLISION WITH PEDESTRIAN NON - INTERSECTION,SINGLE VEHICLE,STRAIGHT & LEVEL,DAYLIGHT,,,5/13/2022 4:01:49 AM,False,1208,Accepted
30054168,1060000,SHELBY COUNTY SHERIFF DEPT.,Accepted,SHELBY,I 0064,,I64 E,,,,,,,,,38.156366851,-85.08124006,42.67,5/12/2022 12:00:00 AM,630.0,1,1,0,0,CLEAR,DRY,False,OTHER ROADWAY OR MID-BLOCK COLLISION,SINGLE VEHICLE,STRAIGHT & LEVEL,DAYLIGHT,,,5/13/2022 8:49:31 AM,False,25,Accepted
30050449,0080000,BOONE COUNTY SHERIFF DEPT.,Accepted,BOONE,I 0075,,I75 S,,,,,,,,,38.919955148,-84.629580253,175.535,5/11/2022 12:00:00 AM,1356.0,2,2,0,0,CLOUDY,DRY,False,SIDESWIPE COLLISION - SAME DIRECTION,SIDESWIPE-SAME DIRECTION,STRAIGHT & LEVEL,DAYLIGHT,,,5/12/2022 12:31:27 PM,False,3774,Accepted
30048206,0300100,OWENSBORO POLICE DEPARTMENT,Accepted,DAVIESS,,,7TH,ST,W,,CASTLEN,,,,,37.768709809,-87.127486423,0.71,5/11/2022 12:00:00 AM,1429.0,2,2,0,0,CLEAR,DRY,False,COLLISION IN PARKING LOT,REAR TO REAR,STRAIGHT & LEVEL,DAYLIGHT,,,5/11/2022 11:16:50 PM,False,393,Accepted
30065345,0510000,HENDERSON COUNTY SHERIFF DEPT.,Accepted,HENDERSON,US0060,,KY331,,,,,,,,,37.763577887,-87.698092964,4.847,5/11/2022 12:00:00 AM,1541.0,2,2,0,0,CLEAR,DRY,False,REAR END IN TRAFFIC LANES BOTH VEHICLES MOVING,REAR END,STRAIGHT & GRADE,DAYLIGHT,,,5/16/2022 2:27:36 PM,False,135,Accepted
30057706,0080000,BOONE COUNTY SHERIFF DEPT.,Accepted,BOONE,I 0275,,I275 E,,,,,,,,,39.087046193,-84.785005216,11.185,5/11/2022 12:00:00 AM,511.0,3,3,0,0,CLEAR,DRY,False,REAR END IN TRAFFIC LANES BOTH VEHICLES MOVING,REAR END,STRAIGHT & LEVEL,DARK-HWY LIGHTED/ON,,,5/14/2022 6:17:25 AM,False,3308,Accepted
30134486,1040000,RUSSELL COUNTY SHERIFF DEPT.,Accepted,RUSSELL,LN9008,,LN9008 E,,,,,,,,,37.084305625,-84.933512666,70.579,5/10/2022 12:00:00 AM,1054.0,2,2,0,0,CLEAR,DRY,False,REAR END IN TRAFFIC LANES BOTH VEHICLES MOVING,REAR END,STRAIGHT & LEVEL,DAYLIGHT,,,6/2/2022 12:25:20 PM,False,1443,Accepted
30050446,0080000,BOONE COUNTY SHERIFF DEPT.,Accepted,BOONE,I 0075,,I75 S,,,,,,,,,38.917417751,-84.629201745,175.359,5/10/2022 12:00:00 AM,1509.0,3,3,0,0,CLEAR,DRY,False,REAR END IN TRAFFIC LANES BOTH VEHICLES MOVING,REAR END,STRAIGHT & LEVEL,DAYLIGHT,,,5/12/2022 12:31:11 PM,False,3765,Accepted
30062040,KSP0100,KY STATE POLICE POST 01,Accepted,LIVINGSTON,I 0024,,I24 W,,,,,,,,,37.034268403,-88.27664951,30.114,5/10/2022 12:00:00 AM,1301.0,2,2,0,0,CLEAR,DRY,False,REAR END IN TRAFFIC LANES BOTH VEHICLES MOVING,REAR END,STRAIGHT & GRADE,DAYLIGHT,,,5/15/2022 11:27:45 PM,False,520,Accepted
30070315,1140100,BOWLING GREEN POLICE,Accepted,WARREN,US0068,,VETERANS MEMORIAL,LN,,,NEW BOND,,,,,36.985359912,-86.48628519,10.576,5/9/2022 12:00:00 AM,1422.0,2,2,0,1,CLEAR,DRY,False,OTHER INTERSECTION COLLISIONS,REAR END,STRAIGHT & LEVEL,DAYLIGHT,,,5/17/2022 4:37:45 PM,False,153,Accepted
30036202,0340200,LEXINGTON POLICE DEPARTMENT,Accepted,FAYETTE,,606,JUDY,LN,,,,,ALLEN,,CHYLEEN,38.084068419,-84.45928109,0.581,5/9/2022 12:00:00 AM,1036.0,2,2,0,0,CLOUDY,DRY,False,1 VEHICLE PARKED POSITION (NOT PARKING LOT/DRIVEWAY),BACKING,STRAIGHT & LEVEL,DAYLIGHT,,,5/9/2022 4:11:26 PM,False,53302,Accepted
30078400,0630000,LAUREL COUNTY SHERIFF DEPT.,Accepted,LAUREL,US0025E,00,CUMBERLAND GAP,PKWY,E,,,,,,,36.966606518,-84.084927305,0.311,5/9/2022 12:00:00 AM,1427.0,2,2,0,0,CLEAR,DRY,False,1 VEHICLE ENTERING/LEAVING ENTRANCE,ANGLE,STRAIGHT & LEVEL,DAYLIGHT,,,5/19/2022 12:48:41 PM,False,1136,Accepted
30038575,0080200,FLORENCE POLICE DEPARTMENT,Accepted,BOONE,I 0075,,I75 S,,,,,,,,,38.948527102,-84.63354455,177.504,5/9/2022 12:00:00 AM,1316.0,3,3,0,0,CLEAR,DRY,True,SIDESWIPE COLLISION - SAME DIRECTION,SIDESWIPE-SAME DIRECTION,STRAIGHT & LEVEL,DAYLIGHT,,,5/10/2022 6:47:33 AM,False,57,Accepted
30044018,0080000,BOONE COUNTY SHERIFF DEPT.,Accepted,BOONE,I 0075,,I75 SB,,,,,,,,,38.925851039,-84.630374639,175.939,5/9/2022 12:00:00 AM,2208.0,2,2,0,0,CLEAR,DRY,True,SIDESWIPE COLLISION - SAME DIRECTION,SIDESWIPE-SAME DIRECTION,STRAIGHT & LEVEL,DARK-HWY LIGHTED/ON,,,5/10/2022 10:36:49 PM,False,3750,Accepted
30204835,KSP1300,KY STATE POLICE POST 13,Accepted,PERRY,HR9006,,HR9006,,,,,,,,,37.26650041,-83.246273416,56.972,5/8/2022 12:00:00 AM,2203.0,2,2,0,2,CLEAR,DRY,False,HEAD-ON COLLISION,HEAD ON,STRAIGHT & LEVEL,DARK-HWY LIGHTED/ON,,,6/20/2022 1:19:16 PM,False,1116,Accepted
30032698,0890200,CENTRAL CITY POLICE DEPARTMENT,Accepted,MUHLENBERG,US0062,,EVERLY BROTHERS,BLVD,,,,,,,,37.288459494,-87.120388907,17.87,5/8/2022 12:00:00 AM,1249.0,2,2,0,0,CLEAR,DRY,False,1 VEHICLE ENTERING/LEAVING ENTRANCE,ANGLE,STRAIGHT & LEVEL,DAYLIGHT,,,5/8/2022 11:28:21 PM,False,160,Accepted
30045407,KSP0400,KY STATE POLICE POST 04,Accepted,HARDIN,I 0065,,I65 N,,,,,,,,,37.800856297,-85.749732662,102.244,5/8/2022 12:00:00 AM,1315.0,2,2,0,0,CLEAR,DRY,False,REAR END IN TRAFFIC LANES BOTH VEHICLES MOVING,REAR END,STRAIGHT & LEVEL,DAYLIGHT,,,5/11/2022 8:23:29 AM,False,1031,Accepted
30024733,0568000,LOUISVILLE METRO POLICE DEPT,Accepted,JEFFERSON,I 0265,,I265 N,,,,,,,,,38.223677488,-85.50565327,25.513,5/6/2022 12:00:00 AM,420.0,2,2,0,0,RAINING,WET,False,SIDESWIPE COLLISION - SAME DIRECTION,SIDESWIPE-SAME DIRECTION,STRAIGHT & LEVEL,DARK-HWY LIGHTED/ON,,,5/6/2022 7:20:39 AM,False,5329,Accepted
30028255,0080200,FLORENCE POLICE DEPARTMENT,Accepted,BOONE,I 0075,180,I75 S,,,,,,,,,38.985281458,-84.641959551,180.053,5/5/2022 12:00:00 AM,102.0,1,1,0,0,CLEAR,DRY,False,OTHER COLLISIONS ON SHOULDER,SINGLE VEHICLE,STRAIGHT & LEVEL,DARK-HWY LIGHTED/ON,,,5/7/2022 5:45:11 AM,False,55,Accepted
30023088,0080000,BOONE COUNTY SHERIFF DEPT.,Accepted,BOONE,I 0075,,I75 S,,,,,,,,,38.917061936,-84.629134319,175.335,5/5/2022 12:00:00 AM,342.0,2,2,0,0,CLOUDY,DRY,False,SIDESWIPE COLLISION - SAME DIRECTION,SIDESWIPE-SAME DIRECTION,STRAIGHT & LEVEL,DARK-HWY LIGHTED/ON,,,5/5/2022 7:23:50 PM,False,3753,Accepted
30041229,0080000,BOONE COUNTY SHERIFF DEPT.,Accepted,BOONE,I 0075,,,,,,,,,,,38.917298675,-84.627900373,0.197,5/5/2022 12:00:00 AM,1449.0,2,2,0,0,CLEAR,DRY,False,OTHER RAMP RELATED COLLISIONS NOT LISTED ABOVE,REAR END,STRAIGHT & GRADE,DAYLIGHT,I 0075,RICHWOOD DR,5/10/2022 10:28:39 AM,False,3761,Accepted