IncidentID,AgencyORI,AgencyName,IncidentStatusDesc,County,RdwyNumber,Street,RoadwayName,StreetSfx,StreetDir,IntersectionRdwy,IntersectionRdwyName,BetweenStRdwy1,BetweenStRdwyName1,BetweenStRdwy2,BetweenStRdwyName2,Latitude,Longitude,Milepoint,CollisionDate,CollisionTime,UnitsInvolved,MotorVehiclesInvolved,NumberKilled,NumberInjured,Weather,RdwyConditionCode,HitandRun,DirAnalysisCode,MannerofCollision,RdwyCharacter,LightCondition,RampFromRdwyId,RampToRdwyId,AcceptedDate,IsSecondaryCollision,OwnerBadge,IncidentStatus
29906135,0370200,KY STATE POLICE CVE,Accepted,METCALFE,LN9008,,LN9008 E,,,,,,,,,36.996601166,-85.648075776,28.001,4/5/2022 12:00:00 AM,555.0,2,2,0,0,CLOUDY,WET,False,REAR END IN TRAFFIC LANES BOTH VEHICLES MOVING,REAR END,STRAIGHT & LEVEL,DARK-HWY NOT LIGHTED,,,4/6/2022 11:56:44 AM,False,C-327,Accepted
29991787,0630000,LAUREL COUNTY SHERIFF DEPT.,Accepted,LAUREL,US0025E,,CUMBERLAND GAP,PKWY,W,,,,,,,36.967700686,-84.086096165,0.426,4/5/2022 12:00:00 AM,1525.0,2,2,0,2,CLOUDY,WET,False,OTHER ROADWAY OR MID-BLOCK COLLISION,REAR END,STRAIGHT & LEVEL,DAYLIGHT,,,4/27/2022 10:22:08 PM,False,1123,Accepted
29923409,KSP0900,KY STATE POLICE POST 09,Accepted,MAGOFFIN,KY9009,,KY9009,,,,,,,,,37.742380154,-83.211580658,65.04,4/5/2022 12:00:00 AM,911.0,2,2,0,0,CLOUDY,WET,False,OTHER ROADWAY OR MID-BLOCK COLLISION,REAR END,STRAIGHT & LEVEL,DAYLIGHT,,,4/11/2022 9:35:41 AM,False,736,Accepted
29906279,0370200,KY STATE POLICE CVE,Accepted,TAYLOR,US0068,,NEW LEBANON,RD,,,,,,,,37.426924824,-85.281956456,12.898,4/5/2022 12:00:00 AM,828.0,2,1,0,1,CLOUDY,WET,False,SIDESWIPE COLLISION - OPPOSITE DIRECTION,SIDESWIPE-OPPOSITE DIRECTION,STRAIGHT & GRADE,DAYLIGHT,,,4/6/2022 11:43:42 AM,False,C-111,Accepted
29923181,0340200,LEXINGTON POLICE DEPARTMENT,Accepted,FAYETTE,,,CLAYS MILL,RD,,,LAMONT,,,,,38.011012968,-84.539504875,1.485,4/5/2022 12:00:00 AM,744.0,3,3,0,0,RAINING,WET,True,OTHER INTERSECTION COLLISIONS,REAR END,STRAIGHT & LEVEL,DAYLIGHT,,,4/11/2022 9:02:31 AM,False,40247,Accepted
29915633,0470100,ELIZABETHTOWN POLICE DEPT.,Accepted,HARDIN,US0031W,,DIXIE,AVE,N,US0031WB,31W,,,,,37.71932423,-85.87982542,18.825,4/4/2022 12:00:00 AM,1518.0,2,2,0,0,CLEAR,DRY,False,OTHER INTERSECTION COLLISIONS,REAR END,STRAIGHT & LEVEL,DAYLIGHT,,,4/8/2022 6:24:55 PM,False,0152,Accepted
30102039,0070100,MIDDLESBORO POLICE DEPARTMENT,Accepted,BELL,US0025E,,12TH,ST,N,,,,,,,36.627664256,-83.703379648,3.095,4/4/2022 12:00:00 AM,1309.0,2,2,0,1,CLEAR,DRY,False,1 VEHICLE ENTERING/LEAVING ENTRANCE,ANGLE,STRAIGHT & LEVEL,DAYLIGHT,,,5/25/2022 2:43:24 PM,False,594,Accepted
29910509,0920000,OHIO COUNTY SHERIFF DEPT.,Accepted,OHIO,WN9007,56000,WN9007 N,,,,,,,,,37.521607586,-86.919341972,54.85,4/4/2022 12:00:00 AM,1230.0,2,1,0,0,CLEAR,DRY,False,1 VEHICLE ENTERING/LEAVING ENTRANCE,ANGLE,STRAIGHT & LEVEL,DAYLIGHT,,,4/7/2022 11:41:26 AM,False,1107,Accepted
29953782,KSP1200,KY STATE POLICE POST 12,Accepted,FRANKLIN,I 0064,,I64 WB,,,,,,,,,38.1587776,-84.909454471,52.266,4/3/2022 12:00:00 AM,1500.0,6,6,0,2,CLEAR,DRY,False,SIDESWIPE COLLISION - SAME DIRECTION,SIDESWIPE-SAME DIRECTION,STRAIGHT & LEVEL,DAYLIGHT,,,4/18/2022 6:39:48 PM,False,254,Accepted
29892273,0080000,BOONE COUNTY SHERIFF DEPT.,Accepted,BOONE,I 0075,,I75 N,,,,,,,,,38.904088316,-84.627544117,174.497,4/1/2022 12:00:00 AM,2240.0,2,2,0,0,CLEAR,DRY,False,REAR END IN TRAFFIC LANES BOTH VEHICLES MOVING,REAR END,STRAIGHT & LEVEL,DARK-HWY LIGHTED/ON,,,4/3/2022 12:28:58 AM,False,3711,Accepted
29886712,0568000,LOUISVILLE METRO POLICE DEPT,Accepted,JEFFERSON,I 0265,,I265 N,,,,,,,,,38.272103337,-85.500656649,28.898,3/31/2022 12:00:00 AM,955.0,2,2,0,2,CLOUDY,WET,False,SIDESWIPE COLLISION - SAME DIRECTION,SIDESWIPE-SAME DIRECTION,STRAIGHT & LEVEL,DAYLIGHT,,,4/1/2022 8:05:50 AM,False,7316,Accepted
29869254,0470000,HARDIN COUNTY SHERIFF DEPT.,Accepted,HARDIN,I 0065,,I65 S,,,,,I 0065,I65 S EXIT102 ON RAMP FROM KY313 S,I 0065,I65 S EXIT102 OFF RAMP TO KY313 N,37.805177047,-85.746907416,102.599,3/26/2022 12:00:00 AM,734.0,4,4,0,5,CLEAR,DRY,False,OTHER ROADWAY OR MID-BLOCK COLLISION,REAR TO REAR,STRAIGHT & LEVEL,DAYLIGHT,,,3/28/2022 9:24:40 AM,False,961,Accepted
29864098,0150000,BULLITT COUNTY SHERIFF DEPT.,Accepted,BULLITT,I 0065,,I65 N,,,,,,,,,37.826996011,-85.721482694,104.718,3/26/2022 12:00:00 AM,605.0,2,2,0,1,CLEAR,DRY,False,REAR END IN TRAFFIC LANES BOTH VEHICLES MOVING,REAR END,CURVE & GRADE,DARK-HWY LIGHTED/OFF,,,3/26/2022 5:34:30 PM,False,1033,Accepted
29864100,0150000,BULLITT COUNTY SHERIFF DEPT.,Accepted,BULLITT,I 0065,105,I65 N,,,I 0065,I65 N EXIT105 OFF RAMP TO KY61,,,,,37.827294699,-85.721180621,104.697,3/26/2022 12:00:00 AM,554.0,2,2,0,0,CLEAR,DRY,False,OTHER INTERSECTION COLLISIONS,REAR END,STRAIGHT & LEVEL,DARK-HWY LIGHTED/OFF,,,3/26/2022 5:34:39 PM,False,1113,Accepted
29869357,0920000,OHIO COUNTY SHERIFF DEPT.,Accepted,OHIO,WN9007,,WN9007 S,,,,,,,,,37.379502564,-86.80621813,42.916,3/25/2022 12:00:00 AM,525.0,2,2,0,2,CLEAR,DRY,False,REAR END IN TRAFFIC LANES BOTH VEHICLES MOVING,REAR END,STRAIGHT & LEVEL,DARK-HWY LIGHTED/ON,,,3/28/2022 9:47:14 AM,False,1106,Accepted
29863302,0920100,HARTFORD POLICE DEPARTMENT,Accepted,OHIO,,,69N,,,,,,,,,37.457728735,-86.881957228,,3/25/2022 12:00:00 AM,355.0,1,1,0,0,CLOUDY,DRY,False,COLLISION WITH FIXED OBJECT NON - INTERSECTION - FIRST EVENT COLLISION 09 - 32 EXCLUDING 16,SINGLE VEHICLE,CURVE & GRADE,DARK-HWY LIGHTED/ON,,,3/26/2022 9:33:43 AM,False,16,Accepted
29869958,KSP1600,KY STATE POLICE POST 16,Accepted,OHIO,WN9007,,WN9007 S,,,,,,,,,37.380197306,-86.806620293,42.971,3/25/2022 12:00:00 AM,1230.0,2,2,0,0,CLOUDY,DRY,False,SIDESWIPE COLLISION - SAME DIRECTION,SIDESWIPE-SAME DIRECTION,STRAIGHT & LEVEL,DAYLIGHT,,,3/28/2022 11:41:42 AM,False,407,Accepted
29882897,0920100,HARTFORD POLICE DEPARTMENT,Accepted,OHIO,KY0069,,KY69,,,,,,,,,37.456487347,-86.884024234,14.872,3/24/2022 12:00:00 AM,1119.0,2,2,0,2,CLEAR,DRY,False,1 VEHICLE ENTERING/LEAVING ENTRANCE,ANGLE,STRAIGHT & LEVEL,DAYLIGHT,,,3/31/2022 10:23:02 AM,False,18,Accepted
29860022,0920000,OHIO COUNTY SHERIFF DEPT.,Accepted,OHIO,KY0069,,KY69,,,,,,,,,37.456479814,-86.884129129,14.868,3/23/2022 12:00:00 AM,1332.0,2,2,0,0,CLOUDY,DRY,True,SIDESWIPE COLLISION - OPPOSITE DIRECTION,SIDESWIPE-OPPOSITE DIRECTION,STRAIGHT & GRADE,DAYLIGHT,,,3/25/2022 11:35:12 AM,False,1115,Accepted
29929393,0590100,COVINGTON POLICE DEPARTMENT,Accepted,KENTON,I 0075,,I75 S,,,,,,,,,39.078719981,-84.521855452,190.647,3/22/2022 12:00:00 AM,1625.0,2,2,0,0,CLEAR,DRY,True,SIDESWIPE COLLISION - SAME DIRECTION,SIDESWIPE-SAME DIRECTION,CURVE & GRADE,DAYLIGHT,,,4/12/2022 2:47:50 PM,False,0322,Accepted
29847466,0340200,LEXINGTON POLICE DEPARTMENT,Accepted,FAYETTE,US0060,,VERSAILLES,RD,,,,KY1968,PARKERS MILL,,ALEXANDRIA,38.046547973,-84.554023545,5.287,3/22/2022 12:00:00 AM,1018.0,2,2,0,0,CLOUDY,DRY,False,SIDESWIPE COLLISION - SAME DIRECTION,SIDESWIPE-SAME DIRECTION,STRAIGHT & LEVEL,DAYLIGHT,,,3/22/2022 2:37:13 PM,False,56413,Accepted
29893808,0470100,ELIZABETHTOWN POLICE DEPT.,Accepted,HARDIN,US0031W,,DIXIE,AVE,N,,,,NALLS,,COMMUNICARE,37.726110641,-85.883191615,19.323,3/22/2022 12:00:00 AM,1543.0,2,2,0,0,CLEAR,DRY,False,1 VEHICLE ENTERING/LEAVING ENTRANCE,ANGLE,STRAIGHT & LEVEL,DAYLIGHT,,,4/3/2022 3:52:36 PM,False,0152,Accepted
29842428,0590100,COVINGTON POLICE DEPARTMENT,Accepted,KENTON,I 0075,,I75 S,,,,,,,,,39.087744763,-84.52279889,191.327,3/21/2022 12:00:00 AM,1203.0,2,2,0,0,CLEAR,DRY,False,REAR END IN TRAFFIC LANES BOTH VEHICLES MOVING,REAR END,STRAIGHT & GRADE,DAYLIGHT,,,3/21/2022 3:05:52 PM,False,0229,Accepted
29848502,0930400,OLDHAM COUNTY POLICE DEPT.,Accepted,OLDHAM,I 0071,,I71 S,,,,,I 0071,I71 S REST AREA13 OFF RAMP,I 0071,I71 S EXIT14 ON RAMP FROM KY329,38.34186593,-85.503794672,13.731,3/21/2022 12:00:00 AM,1640.0,2,2,0,0,CLEAR,DRY,False,REAR END IN TRAFFIC LANES BOTH VEHICLES MOVING,REAR END,STRAIGHT & GRADE,DAYLIGHT,,,3/22/2022 6:30:42 PM,False,3071,Accepted
29863298,0920100,HARTFORD POLICE DEPARTMENT,Accepted,OHIO,,,165 46MM NORTH BOUND,,,,,,,,,37.442779719,-86.860503613,,3/21/2022 12:00:00 AM,508.0,2,2,0,0,CLEAR,DRY,False,REAR END IN TRAFFIC LANES BOTH VEHICLES MOVING,REAR END,STRAIGHT & LEVEL,DARK-HWY LIGHTED/ON,,,3/26/2022 9:33:38 AM,False,16,Accepted
29951438,KSP0400,KY STATE POLICE POST 04,Accepted,HARDIN,I 0065,,I65 N,,,,,,,,,37.792250683,-85.755579536,101.514,3/21/2022 12:00:00 AM,2159.0,2,2,0,0,CLEAR,DRY,False,REAR END IN TRAFFIC LANES BOTH VEHICLES MOVING,REAR END,STRAIGHT & LEVEL,DARK-HWY LIGHTED/ON,,,4/18/2022 10:06:12 AM,False,841,Accepted
29846052,0470000,HARDIN COUNTY SHERIFF DEPT.,Accepted,HARDIN,I 0065,,I65 N,,,,,,,,,37.785550242,-85.771393597,100.551,3/20/2022 12:00:00 AM,1327.0,4,4,0,2,CLEAR,DRY,False,REAR END IN TRAFFIC LANES BOTH VEHICLES MOVING,REAR END,CURVE & LEVEL,DAYLIGHT,,,3/22/2022 8:35:26 AM,False,958,Accepted
29846060,0470000,HARDIN COUNTY SHERIFF DEPT.,Accepted,HARDIN,I 0065,,I65 N,,,,,,,,,37.784830581,-85.771950112,100.489,3/20/2022 12:00:00 AM,1515.0,2,2,0,1,CLEAR,DRY,False,REAR END IN TRAFFIC LANES BOTH VEHICLES MOVING,REAR END,CURVE & LEVEL,DAYLIGHT,,,3/22/2022 8:41:48 AM,True,958,Accepted
29841018,1060000,SHELBY COUNTY SHERIFF DEPT.,Accepted,SHELBY,I 0064,,I64 W,,,,,,,,,38.15272052,-85.063135923,43.712,3/19/2022 12:00:00 AM,1200.0,2,2,0,0,RAINING,WET,False,SIDESWIPE COLLISION - SAME DIRECTION,SIDESWIPE-SAME DIRECTION,STRAIGHT & GRADE,DAYLIGHT,,,3/21/2022 10:04:13 AM,False,36,Accepted
29837390,1140000,WARREN COUNTY SHERIFF DEPT.,Accepted,WARREN,US0231,7101,SCOTTSVILLE,RD,,,,,,,,36.902162931,-86.39289905,6.298,3/18/2022 12:00:00 AM,655.0,2,2,0,2,CLOUDY,DRY,False,1 VEHICLE ENTERING/LEAVING ENTRANCE,ANGLE,STRAIGHT & GRADE,DAWN,,,3/20/2022 11:01:36 AM,False,415,Accepted
29835883,0080200,FLORENCE POLICE DEPARTMENT,Accepted,BOONE,KY0536,,MT ZION,RD,,I 0075,I75 N EXIT178 ON RAMP FROM  MT ZION RD,,,,,38.956449816,-84.633226291,13.441,3/18/2022 12:00:00 AM,2024.0,2,2,0,0,CLEAR,DRY,False,ANGLE COLLISION - OTHER,ANGLE,STRAIGHT & LEVEL,DARK-HWY LIGHTED/ON,,,3/19/2022 8:16:12 PM,False,71,Accepted
29831059,0568000,LOUISVILLE METRO POLICE DEPT,Accepted,JEFFERSON,,,BLEVINS GAP,RD,,US0031W,DIXIE,,,,,38.071709984,-85.884708274,0.001,3/17/2022 12:00:00 AM,1125.0,2,2,0,0,CLEAR,DRY,False,REAR END - ONE VEHICLE TURNING RIGHT,REAR END,STRAIGHT & LEVEL,DAYLIGHT,,,3/18/2022 8:23:36 AM,False,7336,Accepted
29830529,1060100,SHELBYVILLE POLICE DEPARTMENT,Accepted,SHELBY,US0060,,FRANKFORT,RD,,KY0055X,BOONE STATION,,,,,38.210587685,-85.203554469,11.406,3/17/2022 12:00:00 AM,222.0,1,1,0,0,CLEAR,DRY,False,COLLISION WITH FIXED OBJECT IN INTERSECTION - FIRST EVENT COLLISION 09 - 32,SINGLE VEHICLE,STRAIGHT & GRADE,DARK-HWY NOT LIGHTED,,,3/18/2022 5:57:10 AM,False,224,Accepted
29831047,0568000,LOUISVILLE METRO POLICE DEPT,Accepted,JEFFERSON,I 0265,,I265 E,,,,,I 0265,I265 E EXIT23 ON RAMP FROM KY155,I 0064,I265 N EXIT25A RAMP TO I64 E,38.20822787,-85.506913466,24.475,3/17/2022 12:00:00 AM,1357.0,1,1,0,0,CLEAR,DRY,False,COLLISION WITH FIXED OBJECT NON - INTERSECTION - FIRST EVENT COLLISION 09 - 32 EXCLUDING 16,SINGLE VEHICLE,STRAIGHT & GRADE,DAYLIGHT,,,3/18/2022 8:22:41 AM,False,2017,Accepted
29835364,0080000,BOONE COUNTY SHERIFF DEPT.,Accepted,BOONE,KY0237,,BEND,RD,N,I 0275,I275 W EXIT7 OFF RAMP TO KY237,,,,,39.082815056,-84.710046086,10.679,3/17/2022 12:00:00 AM,1500.0,2,2,0,0,CLEAR,DRY,False,OTHER INTERSECTION COLLISIONS,REAR END,STRAIGHT & LEVEL,DAYLIGHT,,,3/19/2022 3:57:08 PM,False,3744,Accepted
29833003,KSP0300,KY STATE POLICE POST 03,Accepted,HART,,,COPELIN VALLEY,RD,,,,,,,,37.434027853,-86.012796835,1.078,3/17/2022 12:00:00 AM,1125.0,2,2,0,0,CLEAR,DRY,False,VEHICLE BACKING NON INTERSECTION,BACKING,STRAIGHT & GRADE,DAYLIGHT,,,3/18/2022 5:11:15 PM,False,638,Accepted
29826471,0568000,LOUISVILLE METRO POLICE DEPT,Accepted,JEFFERSON,,,BROOK,ST,S,US0150,BROADWAY,,,,,38.245591238,-85.751714618,2.76,3/16/2022 12:00:00 AM,851.0,1,1,0,0,CLEAR,DRY,False,COLLISION WITH FIXED OBJECT IN INTERSECTION - FIRST EVENT COLLISION 09 - 32,SINGLE VEHICLE,STRAIGHT & LEVEL,DAYLIGHT,,,3/17/2022 8:16:11 AM,False,5187,Accepted
29822112,0080200,FLORENCE POLICE DEPARTMENT,Accepted,BOONE,I 0075,,I75 N,,,,,,,,,39.01960269,-84.61980219,183.12,3/15/2022 12:00:00 AM,1208.0,2,2,0,1,CLEAR,DRY,False,1 VEHICLE ENTERING/LEAVING ENTRANCE,ANGLE,STRAIGHT & LEVEL,DAYLIGHT,,,3/16/2022 10:32:46 AM,False,27,Accepted
31758507,0660000,LESLIE COUNTY SHERIFF DEPT.,Accepted,LESLIE,KY0699,,CUTSHIN,RD,,,,,,,,37.135650639,-83.282326607,3.149,3/15/2022 12:00:00 AM,1720.0,2,1,0,1,CLOUDY,DRY,False,OTHER ROADWAY OR MID-BLOCK COLLISION,REAR END,CURVE & GRADE,DAYLIGHT,,,6/13/2023 3:06:03 AM,False,SO3,Accepted
29812119,1060000,SHELBY COUNTY SHERIFF DEPT.,Accepted,SHELBY,I 0064,,I64 W,,,,,,,,,38.148604649,-85.034307797,45.307,3/10/2022 12:00:00 AM,1651.0,2,1,0,0,CLEAR,DRY,False,OTHER ROADWAY OR MID-BLOCK COLLISION,REAR END,STRAIGHT & GRADE,DAYLIGHT,,,3/14/2022 9:20:48 AM,False,36,Accepted
30160951,0920200,BEAVER DAM POLICE DEPARTMENT,Accepted,OHIO,WK9001,,WK9001 W,,,WK9001,WN9007 N EXIT43B RAMP TO WK9001 W,,,,,37.384879593,-86.808661725,76.78,3/9/2022 12:00:00 AM,1603.0,2,2,0,0,CLEAR,DRY,False,SIDESWIPE-SAME DIRECTION,SIDESWIPE-SAME DIRECTION,CURVE & LEVEL,DAYLIGHT,,,6/8/2022 7:28:02 PM,False,71,Accepted
29798528,0370200,KY STATE POLICE CVE,Accepted,OWEN,KY0355,,KY355,,,,,,,,,38.464359102,-84.928908285,5.106,3/9/2022 12:00:00 AM,1100.0,2,2,0,0,CLOUDY,DRY,False,1 VEHICLE PARKED POSITION (NOT PARKING LOT/DRIVEWAY),HEAD ON,STRAIGHT & LEVEL,DAYLIGHT,,,3/10/2022 10:58:56 AM,False,C-340,Accepted
29793192,0568000,LOUISVILLE METRO POLICE DEPT,Accepted,JEFFERSON,I 0265,,I265 N,,,,,,,,,38.229189158,-85.50489092,25.927,3/8/2022 12:00:00 AM,1015.0,2,2,0,0,CLOUDY,DRY,True,1 VEHICLE PARKED POSITION (NOT PARKING LOT/DRIVEWAY),SIDESWIPE-SAME DIRECTION,STRAIGHT & LEVEL,DAYLIGHT,,,3/9/2022 8:19:38 AM,False,4903,Accepted
29795763,1140000,WARREN COUNTY SHERIFF DEPT.,Accepted,WARREN,,3058,GLEN GABLES,BLVD,S,,,,,,,36.893792177,-86.527364682,0.344,3/7/2022 12:00:00 AM,1609.0,2,2,0,0,CLEAR,DRY,False,1 VEHICLE PARKED POSITION (NOT PARKING LOT/DRIVEWAY),BACKING,STRAIGHT & LEVEL,DAYLIGHT,,,3/9/2022 6:57:20 PM,False,435,Accepted
29781084,0150000,BULLITT COUNTY SHERIFF DEPT.,Accepted,BULLITT,I 0065,,I65 S,,,,,,,,,37.894658634,-85.699822245,109.552,3/6/2022 12:00:00 AM,1057.0,3,3,0,0,RAINING,WET,False,REAR END IN TRAFFIC LANES BOTH VEHICLES MOVING,REAR END,CURVE & LEVEL,DAYLIGHT,,,3/6/2022 4:28:14 PM,False,1232,Accepted
29783931,1060000,SHELBY COUNTY SHERIFF DEPT.,Accepted,SHELBY,,,GREENLAND PARK,CIR,,KY0053,MT EDEN,,,,,38.191657767,-85.211166398,0.003,3/6/2022 12:00:00 AM,1926.0,2,2,0,0,RAINING,WET,False,SIDESWIPE-SAME DIRECTION,SIDESWIPE-SAME DIRECTION,STRAIGHT & LEVEL,DARK-HWY NOT LIGHTED,,,3/7/2022 9:18:47 AM,False,10,Accepted
29783623,0568000,LOUISVILLE METRO POLICE DEPT,Accepted,JEFFERSON,US0031E,,BARDSTOWN,RD,,,,,BARTLEY,,CEDAR CREEK,38.135473976,-85.580255733,4.472,3/5/2022 12:00:00 AM,1248.0,1,1,0,0,SEVERE CROSSWINDS,DRY,False,OTHER ROADWAY OR MID-BLOCK COLLISION,SINGLE VEHICLE,STRAIGHT & LEVEL,DAYLIGHT,,,3/7/2022 8:23:21 AM,False,2017,Accepted
29786850,0470100,ELIZABETHTOWN POLICE DEPT.,Accepted,HARDIN,US0031W,,DIXIE,AVE,N,,FREEMAN LAKE PARK,,,,,37.71797163,-85.878874188,18.723,3/5/2022 12:00:00 AM,1329.0,1,1,0,0,SEVERE CROSSWINDS,DRY,False,OTHER INTERSECTION COLLISIONS,SINGLE VEHICLE,STRAIGHT & LEVEL,DAYLIGHT,,,3/7/2022 8:34:08 PM,False,0104,Accepted
29806440,1060100,SHELBYVILLE POLICE DEPARTMENT,Accepted,SHELBY,KY0053,1501,MOUNT EDEN,RD,,,,,,,,38.189863711,-85.211612752,6.443,3/4/2022 12:00:00 AM,1025.0,2,2,0,0,CLEAR,DRY,False,SIDESWIPE COLLISION - SAME DIRECTION,SIDESWIPE-SAME DIRECTION,STRAIGHT & LEVEL,DAYLIGHT,,,3/12/2022 2:52:15 PM,False,132,Accepted
29783247,KSP0400,KY STATE POLICE POST 04,Accepted,BULLITT,I 0065,,I65 S,,,,,,,,,37.915888,-85.687411507,111.177,3/4/2022 12:00:00 AM,2115.0,2,2,0,0,CLEAR,DRY,False,OTHER ROADWAY OR MID-BLOCK COLLISION,REAR END,CURVE & LEVEL,DARK (UNKNOWN ROADWAY LIGHTING),,,3/7/2022 6:04:40 AM,False,875,Accepted
29786859,0470100,ELIZABETHTOWN POLICE DEPT.,Accepted,HARDIN,US0031W,,DIXIE,AVE,N,,NALLS,,,,,37.727246378,-85.883735679,19.405,3/2/2022 12:00:00 AM,1721.0,1,1,0,0,CLEAR,DRY,False,COLLISION WITH FIXED OBJECT IN INTERSECTION - FIRST EVENT COLLISION 09 - 32,SINGLE VEHICLE,STRAIGHT & LEVEL,DAYLIGHT,,,3/7/2022 8:34:51 PM,False,0152,Accepted
29768844,0060000,BATH COUNTY SHERIFF DEPARTMENT,Accepted,BATH,US0060,,US60,,,,,,,,,38.136470389,-83.642709496,14.369,3/2/2022 12:00:00 AM,935.0,2,2,0,2,CLEAR,DRY,False,REAR END IN TRAFFIC LANES BOTH VEHICLES MOVING,REAR END,STRAIGHT & LEVEL,DAYLIGHT,,,3/3/2022 10:20:54 AM,False,269,Accepted
29768565,1140000,WARREN COUNTY SHERIFF DEPT.,Accepted,WARREN,US0231,,SCOTTSVILLE,RD,,,DYE FORD,,,,,36.902363505,-86.394338176,6.377,3/1/2022 12:00:00 AM,709.0,2,2,0,0,CLEAR,DRY,False,OTHER INTERSECTION COLLISIONS,REAR END,STRAIGHT & GRADE,DAYLIGHT,,,3/3/2022 9:20:37 AM,False,415,Accepted
29777540,0560600,WEST BUECHEL POLICE DEPT.,Accepted,JEFFERSON,KY1703,3516,NEWBURG,RD,,,,,,,,38.192006387,-85.675261899,1.214,3/1/2022 12:00:00 AM,1256.0,2,2,0,0,CLEAR,DRY,False,OTHER ROADWAY OR MID-BLOCK COLLISION,REAR END,STRAIGHT & HILLCREST,DAYLIGHT,,,3/5/2022 9:01:56 AM,False,1704,Accepted
29754591,0240000,CHRISTIAN COUNTY SHERIFF OFFICE,Accepted,CHRISTIAN,I 0024,93 MM,I24 W,,,,,,,,,36.642267025,-87.33999846,93.33,2/26/2022 12:00:00 AM,1240.0,2,2,0,0,CLEAR,DRY,False,REAR END IN TRAFFIC LANES BOTH VEHICLES MOVING,REAR END,STRAIGHT & LEVEL,DAYLIGHT,,,2/28/2022 11:54:26 AM,False,605-A,Accepted
29787796,1060100,SHELBYVILLE POLICE DEPARTMENT,Accepted,SHELBY,KY0055X,,BOONE STATION,RD,,,,US0060,FRANKFORT,,HI POINT,38.210859044,-85.203836795,0.02,2/24/2022 12:00:00 AM,1602.0,2,1,0,0,RAINING,WET,False,REAR END IN TRAFFIC LANES BOTH VEHICLES MOVING,REAR END,STRAIGHT & LEVEL,DAYLIGHT,,,3/8/2022 3:02:17 AM,False,236,Accepted
29733147,0340200,LEXINGTON POLICE DEPARTMENT,Accepted,FAYETTE,,,CLAYS MILL,RD,,,WACO,,,,,38.006076509,-84.54297357,1.877,2/22/2022 12:00:00 AM,1710.0,2,2,0,0,RAINING,WET,False,OTHER INTERSECTION COLLISIONS,REAR END,STRAIGHT & LEVEL,DAYLIGHT,,,2/22/2022 7:47:03 PM,False,56481,Accepted
29750595,0730000,MCCRACKEN COUNTY SHERIFF DEPT.,Accepted,MCCRACKEN,I 0024,,I24 W,,,,,,,,,37.127960231,-88.689023869,0.785,2/20/2022 12:00:00 AM,1324.0,4,4,0,1,CLEAR,DRY,True,REAR END IN TRAFFIC LANES BOTH VEHICLES MOVING,REAR END,STRAIGHT & LEVEL,DAYLIGHT,,,2/27/2022 4:32:38 PM,False,21,Accepted
29719170,0561000,JEFFERSONTOWN POLICE DEPT,Accepted,JEFFERSON,,,WATTERSON,TRL,,,,,LOCHRIDGE,,SAN MARCOS,38.183319137,-85.591191648,1.926,2/18/2022 12:00:00 AM,1413.0,3,3,0,0,CLEAR,DRY,False,REAR END IN TRAFFIC LANES BOTH VEHICLES MOVING,REAR END,STRAIGHT & LEVEL,DAYLIGHT,,,2/19/2022 7:42:15 AM,False,8296,Accepted
29726502,0370200,KY STATE POLICE CVE,Accepted,LAUREL,I 0075,,I75 N,,,,,,,,,37.215654806,-84.200123008,47.999,2/18/2022 12:00:00 AM,1121.0,2,2,0,0,CLOUDY,WET,False,SIDESWIPE COLLISION - SAME DIRECTION,SIDESWIPE-SAME DIRECTION,CURVE & GRADE,DAYLIGHT,,,2/21/2022 10:43:09 AM,False,C-362,Accepted
29708462,0340200,LEXINGTON POLICE DEPARTMENT,Accepted,FAYETTE,KY0922,,NEWTOWN,PIKE,,,NANDINO,,,,,38.079151923,-84.493387239,2.203,2/16/2022 12:00:00 AM,935.0,2,2,0,0,CLEAR,DRY,False,ANGLE COLLISION - OTHER,ANGLE,STRAIGHT & LEVEL,DAYLIGHT,,,2/16/2022 4:41:36 PM,False,56412,Accepted
29706000,KSP1100,KY STATE POLICE POST 11,Accepted,LAUREL,I 0075,,I75 S,,,,,,,,,37.153921985,-84.11266336,41.25,2/15/2022 12:00:00 AM,1446.0,2,2,0,0,CLEAR,DRY,True,SIDESWIPE COLLISION - SAME DIRECTION,SIDESWIPE-SAME DIRECTION,STRAIGHT & LEVEL,DAYLIGHT,,,2/16/2022 8:25:56 AM,False,476,Accepted
29710941,0300000,DAVIESS COUNTY SHERIFF DEPT.,Accepted,DAVIESS,,,AUTUMN VALLEY,TRCE,,,,,,,,37.693890558,-87.059424096,0.14,2/15/2022 12:00:00 AM,1441.0,2,2,0,0,CLEAR,DRY,False,1 VEHICLE PARKED POSITION (NOT PARKING LOT/DRIVEWAY),SIDESWIPE-SAME DIRECTION,STRAIGHT & LEVEL,DAYLIGHT,,,2/17/2022 7:07:11 AM,False,1121,Accepted
29705815,1000100,SOMERSET POLICE DEPARTMENT,Accepted,PULASKI,KY0461,,KY461,,,,,,BABE,,COIN,37.170736188,-84.489914899,0.879,2/15/2022 12:00:00 AM,1840.0,1,1,0,0,CLEAR,DRY,False,OTHER COLLISIONS ON SHOULDER,SINGLE VEHICLE,STRAIGHT & LEVEL,DARK-HWY LIGHTED/OFF,,,2/16/2022 7:21:18 AM,False,81,Accepted