IncidentID,AgencyORI,AgencyName,IncidentStatusDesc,County,RdwyNumber,Street,RoadwayName,StreetSfx,StreetDir,IntersectionRdwy,IntersectionRdwyName,BetweenStRdwy1,BetweenStRdwyName1,BetweenStRdwy2,BetweenStRdwyName2,Latitude,Longitude,Milepoint,CollisionDate,CollisionTime,UnitsInvolved,MotorVehiclesInvolved,NumberKilled,NumberInjured,Weather,RdwyConditionCode,HitandRun,DirAnalysisCode,MannerofCollision,RdwyCharacter,LightCondition,RampFromRdwyId,RampToRdwyId,AcceptedDate,IsSecondaryCollision,OwnerBadge,IncidentStatus
29692653,0080200,FLORENCE POLICE DEPARTMENT,Accepted,BOONE,KY0536,,MT ZION,RD,,I 0075,I75 N EXIT178 ON RAMP FROM  MT ZION RD,,,,,38.956468459,-84.633032115,13.46,2/11/2022 12:00:00 AM,2159.0,2,2,0,0,RAINING,WET,False,ANGLE COLLISION - OTHER,ANGLE,STRAIGHT & GRADE,DARK-HWY LIGHTED/ON,,,2/13/2022 2:41:46 AM,False,74,Accepted
29672618,1060000,SHELBY COUNTY SHERIFF DEPT.,Accepted,SHELBY,I 0064,,I64 W,,,,,,,,,38.153138723,-85.064854184,43.498,2/5/2022 12:00:00 AM,1830.0,2,2,0,0,CLOUDY,WET,False,SIDESWIPE COLLISION - SAME DIRECTION,SIDESWIPE-SAME DIRECTION,STRAIGHT & GRADE,DARK-HWY NOT LIGHTED,,,2/8/2022 10:02:32 AM,False,44,Accepted
29654154,0370200,KY STATE POLICE CVE,Accepted,LAUREL,I 0075,,I75 S,,,,,,,,,37.208629144,-84.174580257,46.491,2/1/2022 12:00:00 AM,1200.0,2,2,0,1,CLEAR,DRY,False,REAR END IN TRAFFIC LANES BOTH VEHICLES MOVING,REAR END,STRAIGHT & GRADE,DAYLIGHT,,,2/2/2022 12:54:21 PM,False,C-355,Accepted
29654420,0080000,BOONE COUNTY SHERIFF DEPT.,Accepted,BOONE,KY0338,,RICHWOOD,RD,,,,I 0075,I75 SB EXIT175 OFF RAMP TORICHWOOD DR,I 0075,I75 NB EXIT175 ON RAMP FROMRICHWOOD DR,38.917412553,-84.630344191,0.341,1/31/2022 12:00:00 AM,1538.0,2,2,0,0,CLEAR,DRY,False,REAR END IN TRAFFIC LANES BOTH VEHICLES MOVING,REAR END,CURVE & LEVEL,DAYLIGHT,,,2/2/2022 1:59:47 PM,False,3721,Accepted
30315050,KSP0300,KY STATE POLICE POST 03,Accepted,SIMPSON,I 0065,,I65 S,,,,,,,,,36.642636862,-86.5702826,0.265,1/28/2022 12:00:00 AM,1240.0,4,4,1,5,CLOUDY,DRY,False,OTHER ROADWAY OR MID-BLOCK COLLISION,REAR END,STRAIGHT & LEVEL,DAYLIGHT,,,7/18/2022 10:17:42 AM,False,772,Accepted
29639103,0080000,BOONE COUNTY SHERIFF DEPT.,Accepted,BOONE,KY0536,,MT ZION,RD,,,TIBURON,,,,,38.956110632,-84.639709662,13.077,1/27/2022 12:00:00 AM,1123.0,2,2,0,0,CLEAR,DRY,False,SIDESWIPE-SAME DIRECTION,SIDESWIPE-SAME DIRECTION,STRAIGHT & LEVEL,DAYLIGHT,,,1/29/2022 1:59:19 PM,False,3753,Accepted
29631522,0340200,LEXINGTON POLICE DEPARTMENT,Accepted,FAYETTE,,,CLAYS MILL,RD,,,,,ROSEMONT,,SOUTHBEND,38.025537549,-84.531275502,0.387,1/26/2022 12:00:00 AM,1511.0,2,2,0,0,CLEAR,DRY,False,OTHER ROADWAY OR MID-BLOCK COLLISION,REAR END,STRAIGHT & GRADE,DAYLIGHT,,,1/27/2022 9:18:01 AM,False,56413,Accepted
29628996,0790000,MARSHALL COUNTY SHERIFF DEPT.,Accepted,MARSHALL,US0641,,US641,,N,,,,,,,36.891935756,-88.344230208,10.845,1/26/2022 12:00:00 AM,1200.0,2,2,0,0,CLEAR,DRY,False,OTHER ROADWAY OR MID-BLOCK COLLISION,REAR END,STRAIGHT & GRADE,DAYLIGHT,,,1/26/2022 5:29:20 PM,False,20,Accepted
29645853,0710000,LOGAN COUNTY SHERIFF DEPT.,Accepted,LOGAN,KY0103,,CHANDLERS,RD,,,,,,,,36.907492965,-86.757257516,6.363,1/26/2022 12:00:00 AM,1632.0,2,2,0,0,CLEAR,DRY,False,REAR END IN TRAFFIC LANES BOTH VEHICLES MOVING,REAR END,STRAIGHT & GRADE,DAYLIGHT,,,1/31/2022 3:32:52 PM,False,721,Accepted
29635624,0590100,COVINGTON POLICE DEPARTMENT,Accepted,KENTON,I 0075,,I75 N,,,,,,,,,39.085916886,-84.522921508,191.197,1/25/2022 12:00:00 AM,2117.0,2,2,0,0,CLEAR,DRY,False,SIDESWIPE COLLISION - SAME DIRECTION,SIDESWIPE-SAME DIRECTION,STRAIGHT & GRADE,DARK-HWY LIGHTED/ON,,,1/28/2022 8:15:25 AM,False,0322,Accepted
29620589,0340200,LEXINGTON POLICE DEPARTMENT,Accepted,FAYETTE,,2873,CLAYS MILL,RD,,,,,CECIL,,LAMONT,38.010468501,-84.540186071,1.537,1/24/2022 12:00:00 AM,905.0,1,1,0,0,CLOUDY,DRY,False,OTHER ROADWAY OR MID-BLOCK COLLISION,SINGLE VEHICLE,CURVE & LEVEL,DAYLIGHT,,,1/24/2022 5:38:32 PM,False,56412,Accepted
29624885,0730000,MCCRACKEN COUNTY SHERIFF DEPT.,Accepted,MCCRACKEN,I 0024,,I24 W,,,,,,,,,37.134354646,-88.686682111,0.323,1/22/2022 12:00:00 AM,1026.0,2,2,0,0,CLEAR,DRY,False,OTHER ROADWAY OR MID-BLOCK COLLISION,REAR END,STRAIGHT & LEVEL,DAYLIGHT,,,1/25/2022 6:05:34 PM,False,52,Accepted
29618331,0568000,LOUISVILLE METRO POLICE DEPT,Accepted,JEFFERSON,KY1065,,OUTER,LOOP,,,MINOR,,,,,38.136198371,-85.697175257,5.465,1/22/2022 12:00:00 AM,2051.0,1,1,0,0,CLEAR,DRY,False,NON-COLLISION OBJECT COLLISION,SINGLE VEHICLE,STRAIGHT & LEVEL,DARK-HWY LIGHTED/OFF,,,1/24/2022 8:36:01 AM,False,7100,Accepted
29621209,0080000,BOONE COUNTY SHERIFF DEPT.,Accepted,BOONE,KY0338,,RICHWOOD,RD,,,BEST PAL,,,,,38.91824684,-84.625727506,0.086,1/21/2022 12:00:00 AM,235.0,2,2,0,0,CLEAR,DRY,True,ANGLE COLLISION - OTHER,ANGLE,STRAIGHT & LEVEL,DARK-HWY LIGHTED/ON,,,1/24/2022 11:01:46 PM,False,3305,Accepted
29604683,0340200,LEXINGTON POLICE DEPARTMENT,Accepted,FAYETTE,,,WOODHILL,DR,,,,KY0004,NEW CIRCLE,,CODELL,38.017205538,-84.454534303,0.161,1/19/2022 12:00:00 AM,2023.0,2,2,0,0,RAINING,WET,False,SIDESWIPE COLLISION - SAME DIRECTION,SIDESWIPE-SAME DIRECTION,STRAIGHT & LEVEL,DARK-HWY LIGHTED/ON,,,1/19/2022 10:36:02 PM,False,57488,Accepted
29595314,KSP1200,KY STATE POLICE POST 12,Accepted,FRANKLIN,I 0064,,I64 W,,,,,,,,,38.149759178,-84.963609596,49.205,1/16/2022 12:00:00 AM,730.0,1,1,0,0,CLEAR,DRY,False,OTHER ROADWAY OR MID-BLOCK COLLISION,SINGLE VEHICLE,STRAIGHT & LEVEL,DARK-HWY NOT LIGHTED,,,1/17/2022 4:03:32 PM,False,443,Accepted
29589574,0080000,BOONE COUNTY SHERIFF DEPT.,Accepted,BOONE,KY0237,,PLEASANT VALLEY,RD,,,FOUNDERS,,,,,38.987542832,-84.694652776,3.678,1/14/2022 12:00:00 AM,858.0,1,1,0,0,CLOUDY,DRY,False,OTHER INTERSECTION COLLISIONS,SINGLE VEHICLE,CURVE & GRADE,DAYLIGHT,,,1/15/2022 1:04:03 PM,False,3743,Accepted
29725678,1050000,SCOTT COUNTY SHERIFF DEPT.,Accepted,SCOTT,,137,GUNNELL,RD,,US0062,CYNTHIANA,,,,,38.270417821,-84.491318649,0.057,1/14/2022 12:00:00 AM,1329.0,2,2,0,0,CLOUDY,DRY,False,SIDESWIPE-SAME DIRECTION,SIDESWIPE-SAME DIRECTION,CURVE & LEVEL,DAYLIGHT,,,2/21/2022 8:42:30 AM,False,221,Accepted
29593769,0370000,FRANKLIN COUNTY SHERIFF,Accepted,FRANKLIN,I 0064,,I64 W,,,,,,,,,38.153572041,-84.941671452,50.436,1/13/2022 12:00:00 AM,1024.0,2,2,0,0,CLOUDY,DRY,False,SIDESWIPE COLLISION - SAME DIRECTION,SIDESWIPE-SAME DIRECTION,STRAIGHT & LEVEL,DAYLIGHT,,,1/17/2022 6:23:53 AM,False,907,Accepted
29583737,0340200,LEXINGTON POLICE DEPARTMENT,Accepted,FAYETTE,,,HIGHLAWN,AVE,,,,,BOLSER,,GRACELAWN,38.061074419,-84.469805348,0.223,1/13/2022 12:00:00 AM,1436.0,2,2,0,0,CLEAR,DRY,False,1 VEHICLE PARKED POSITION (NOT PARKING LOT/DRIVEWAY),BACKING,STRAIGHT & LEVEL,DAYLIGHT,,,1/13/2022 6:40:07 PM,False,57922,Accepted
29576586,0568000,LOUISVILLE METRO POLICE DEPT,Accepted,JEFFERSON,I 0265,,I265 E,,,,,I 0265,I265 E EXIT23 ON RAMP FROM KY155,I 0064,I265 N EXIT25A RAMP TO I64 E,38.201551401,-85.507474555,24.014,1/11/2022 12:00:00 AM,1435.0,2,2,0,2,CLEAR,DRY,False,OTHER ROADWAY OR MID-BLOCK COLLISION,REAR END,STRAIGHT & HILLCREST,DAYLIGHT,,,1/12/2022 8:15:57 AM,False,2017,Accepted
29576130,0080000,BOONE COUNTY SHERIFF DEPT.,Accepted,BOONE,KY0536,,MT ZION,RD,,,,,,,,38.95643293,-84.632955034,13.457,1/10/2022 12:00:00 AM,2104.0,2,2,0,0,CLEAR,DRY,False,1 VEHICLE ENTERING/LEAVING ENTRANCE,ANGLE,STRAIGHT & LEVEL,DARK-HWY LIGHTED/ON,,,1/12/2022 5:43:46 AM,False,3711,Accepted
29584268,0370000,FRANKLIN COUNTY SHERIFF,Accepted,FRANKLIN,I 0064,,I64 W,,,,,,,,,38.150408018,-84.960076137,49.402,1/7/2022 12:00:00 AM,1217.0,2,2,0,0,CLEAR,DRY,False,SIDESWIPE COLLISION - SAME DIRECTION,SIDESWIPE-SAME DIRECTION,STRAIGHT & HILLCREST,DAYLIGHT,,,1/13/2022 10:50:31 PM,False,1071,Accepted
29556449,KSP1200,KY STATE POLICE POST 12,Accepted,FRANKLIN,I 0064,,I64 E,,,,,,,,,38.147519291,-84.972054998,48.761,1/6/2022 12:00:00 AM,1046.0,1,1,0,0,SNOWING,SNOW/SLUSH,False,OTHER ROADWAY OR MID-BLOCK COLLISION,SINGLE VEHICLE,STRAIGHT & LEVEL,DAYLIGHT,,,1/10/2022 3:02:03 PM,False,443,Accepted
29596028,KSP1200,KY STATE POLICE POST 12,Accepted,FRANKLIN,I 0064,,I64 E,,,,,,,,,38.148777658,-84.966353422,49.083,1/6/2022 12:00:00 AM,1058.0,3,3,0,0,SNOWING,SNOW/SLUSH,False,OTHER ROADWAY OR MID-BLOCK COLLISION,REAR END,STRAIGHT & LEVEL,DAYLIGHT,,,1/17/2022 9:02:20 PM,True,443,Accepted
29540000,0568000,LOUISVILLE METRO POLICE DEPT,Accepted,JEFFERSON,,,FRANKFORT,AVE,,,RIVER,,,,,38.264471918,-85.725332821,0.444,1/5/2022 12:00:00 AM,1004.0,2,2,0,0,CLEAR,DRY,False,HEAD-ON COLLISION,HEAD ON,STRAIGHT & LEVEL,DAYLIGHT,,,1/6/2022 8:13:02 AM,False,7862,Accepted
29545231,0190200,CAMPBELL COUNTY POLICE DEPT.,Accepted,CAMPBELL,US0027,13744,ALEXANDRIA,PIKE,,,,,,,,38.836105343,-84.36807702,1.028,1/5/2022 12:00:00 AM,919.0,2,2,0,0,CLEAR,DRY,False,SIDESWIPE COLLISION - SAME DIRECTION,SIDESWIPE-SAME DIRECTION,STRAIGHT & LEVEL,DAWN,,,1/8/2022 8:21:58 AM,False,30,Accepted
29572470,KSP0900,KY STATE POLICE POST 09,Accepted,MAGOFFIN,KY9009,,KY9009,,,,,,,,,37.743510265,-83.215368235,64.834,1/4/2022 12:00:00 AM,1345.0,2,2,0,0,CLEAR,DRY,False,SIDESWIPE COLLISION - OPPOSITE DIRECTION,SIDESWIPE-OPPOSITE DIRECTION,CURVE & GRADE,DAYLIGHT,,,1/11/2022 9:51:43 AM,False,101,Accepted
29577097,KSP0900,KY STATE POLICE POST 09,Accepted,MAGOFFIN,KY9009,,KY9009,,,,,,,,,37.732186656,-83.10400414,71.983,1/4/2022 12:00:00 AM,1105.0,2,2,0,0,CLEAR,DRY,False,1 VEHICLE ENTERING/LEAVING ENTRANCE,ANGLE,STRAIGHT & LEVEL,DAYLIGHT,,,1/12/2022 10:16:07 AM,False,80,Accepted
29638037,1060100,SHELBYVILLE POLICE DEPARTMENT,Accepted,SHELBY,US0060,,WASHINGTON,ST,,,,,5TH,,6TH,38.211753882,-85.216081837,10.745,1/1/2022 12:00:00 AM,2141.0,1,1,0,1,RAINING,WET,False,COLLISION WITH FIXED OBJECT NON - INTERSECTION - FIRST EVENT COLLISION 09 - 32 EXCLUDING 16,SINGLE VEHICLE,STRAIGHT & LEVEL,DARK-HWY NOT LIGHTED,,,1/28/2022 11:16:47 PM,False,206,Accepted
27633830,0370200,KY STATE POLICE CVE,Accepted,LAUREL,I 0075,,I75 N,,,,,,,,,37.214046774,-84.194936962,47.683,12/31/2020 12:00:00 AM,2107.0,2,2,0,1,FOG,DRY,False,SIDESWIPE COLLISION - SAME DIRECTION,SIDESWIPE-SAME DIRECTION,STRAIGHT & HILLCREST,DARK-HWY NOT LIGHTED,,,1/4/2021 7:03:09 PM,False,C-331,Accepted
27626519,0080000,BOONE COUNTY SHERIFF DEPT.,Accepted,BOONE,I 0075,,I75 S,,,,,,,,,38.921147498,-84.629732744,175.617,12/30/2020 12:00:00 AM,1740.0,3,3,0,0,RAINING,WET,False,REAR END IN TRAFFIC LANES BOTH VEHICLES MOVING,REAR END,STRAIGHT & LEVEL,DARK-HWY LIGHTED/ON,,,1/3/2021 1:54:51 AM,False,3751,Accepted
27611802,0568000,LOUISVILLE METRO POLICE DEPT,Accepted,JEFFERSON,I 0265,,I265 E,,,,,,,,,38.193795423,-85.508429767,23.476,12/28/2020 12:00:00 AM,2014.0,1,1,0,1,CLEAR,DRY,False,COLLISION WITH FIXED OBJECT NON - INTERSECTION - FIRST EVENT COLLISION 09 - 32 EXCLUDING 16,SINGLE VEHICLE,STRAIGHT & LEVEL,DARK-HWY LIGHTED/ON,,,12/29/2020 8:32:08 AM,False,7713,Accepted
27655143,0180100,MURRAY POLICE DEPARTMENT,Accepted,CALLOWAY,,,MELROSE,ST,,,DORAN,,,,,36.592718783,-88.333424933,,12/27/2020 12:00:00 AM,2010.0,1,1,0,0,CLOUDY,DRY,True,OTHER INTERSECTION COLLISIONS,SINGLE VEHICLE,STRAIGHT & LEVEL,DARK-HWY LIGHTED/ON,,,1/10/2021 5:19:37 PM,False,155,Accepted
27622376,0630000,LAUREL COUNTY SHERIFF DEPT.,Accepted,LAUREL,I 0075,,I75 S,,,,,,,,,37.18220551,-84.136490013,43.657,12/26/2020 12:00:00 AM,1315.0,3,3,0,0,CLEAR,DRY,False,REAR END IN TRAFFIC LANES BOTH VEHICLES MOVING,REAR END,STRAIGHT & LEVEL,DAYLIGHT,,,1/1/2021 11:03:02 AM,False,1137,Accepted
27598728,0340200,LEXINGTON POLICE DEPARTMENT,Accepted,FAYETTE,,,CLAYS MILL,RD,,,,,NAKOMI,,GALATA,38.008040517,-84.541858382,1.729,12/22/2020 12:00:00 AM,1451.0,2,2,0,0,CLEAR,DRY,False,SIDESWIPE COLLISION - OPPOSITE DIRECTION,SIDESWIPE-OPPOSITE DIRECTION,STRAIGHT & LEVEL,DAYLIGHT,,,12/23/2020 5:03:53 PM,False,40247,Accepted
27591189,0370200,KY STATE POLICE CVE,Accepted,LAUREL,I 0075,,I75 S,,,,,,,,,37.161962337,-84.115229971,41.818,12/21/2020 12:00:00 AM,2059.0,2,2,0,0,CLEAR,DRY,False,OTHER COLLISIONS ON SHOULDER,ANGLE,CURVE & GRADE,DARK-HWY NOT LIGHTED,,,12/21/2020 11:55:58 PM,False,C-325,Accepted
27591638,0591300,FT. MITCHELL POLICE DEPARTMENT,Accepted,KENTON,I 0075,,I75 S,,,,,,,,,39.0493895,-84.571386369,186.538,12/20/2020 12:00:00 AM,1745.0,1,1,0,0,CLOUDY,DRY,False,OTHER ROADWAY OR MID-BLOCK COLLISION,SINGLE VEHICLE,STRAIGHT & LEVEL,DARK-HWY LIGHTED/ON,,,12/22/2020 2:26:38 AM,False,FM07,Accepted
27608772,0630000,LAUREL COUNTY SHERIFF DEPT.,Accepted,LAUREL,I 0075,,I75 S,,,,,,,,,37.155899944,-84.112974342,41.379,12/19/2020 12:00:00 AM,955.0,2,2,0,0,CLOUDY,DRY,False,SIDESWIPE COLLISION - SAME DIRECTION,SIDESWIPE-SAME DIRECTION,CURVE & LEVEL,DAYLIGHT,,,12/28/2020 12:33:05 PM,False,1135,Accepted
27618244,KSP0100,KY STATE POLICE POST 01,Accepted,LYON,I 0024,,I24 E,,,,,,,,,36.978568519,-87.906567471,53.694,12/19/2020 12:00:00 AM,1300.0,2,2,0,0,CLEAR,WET,False,REAR END IN TRAFFIC LANES BOTH VEHICLES MOVING,REAR END,STRAIGHT & LEVEL,DAYLIGHT,,,12/30/2020 9:46:34 PM,False,410,Accepted
27590249,0080200,FLORENCE POLICE DEPARTMENT,Accepted,BOONE,I 0075,,I75 N,,,,,,,,,38.994713047,-84.645453863,180.721,12/18/2020 12:00:00 AM,1340.0,2,2,0,0,CLOUDY,DRY,False,REAR END IN TRAFFIC LANES BOTH VEHICLES MOVING,REAR END,STRAIGHT & LEVEL,DAYLIGHT,,,12/21/2020 4:32:52 PM,False,40,Accepted
27588909,0790100,BENTON POLICE DEPARTMENT,Accepted,MARSHALL,US0641,,MAIN,ST,,,10TH,,,,,36.859046006,-88.35079713,8.401,12/18/2020 12:00:00 AM,1753.0,1,1,0,0,CLOUDY,DRY,False,COLLISION WITH FIXED OBJECT IN INTERSECTION - FIRST EVENT COLLISION 09 - 32,SINGLE VEHICLE,STRAIGHT & GRADE,DARK-HWY LIGHTED/ON,,,12/21/2020 9:25:16 AM,False,2,Accepted
27583373,0080000,BOONE COUNTY SHERIFF DEPT.,Accepted,BOONE,KY0237,6700,CAMP ERNST,RD,,,,,ROGERS,,HOLBROOK,39.008487438,-84.70430854,5.345,12/17/2020 12:00:00 AM,700.0,1,1,0,0,SNOWING,WET,False,COLLISION WITH FIXED OBJECT NON - INTERSECTION - FIRST EVENT COLLISION 09 - 32 EXCLUDING 16,SINGLE VEHICLE,STRAIGHT & LEVEL,DARK-HWY NOT LIGHTED,,,12/19/2020 11:27:41 AM,False,3709,Accepted
27584195,0630000,LAUREL COUNTY SHERIFF DEPT.,Accepted,LAUREL,I 0075,,I75 S,,,,,,,,,37.012380825,-84.102265976,31.375,12/16/2020 12:00:00 AM,1949.0,2,2,0,0,CLEAR,WET,False,1 VEHICLE ENTERING/LEAVING ENTRANCE,ANGLE,STRAIGHT & LEVEL,DARK-HWY NOT LIGHTED,,,12/19/2020 5:47:51 PM,False,1136,Accepted
27576317,0370200,KY STATE POLICE CVE,Accepted,HENDERSON,US0060,,US60,,E,,,,,,,37.862409497,-87.41281572,19.259,12/16/2020 12:00:00 AM,1603.0,1,1,0,0,CLOUDY,WET,False,OTHER ROADWAY OR MID-BLOCK COLLISION,SINGLE VEHICLE,STRAIGHT & HILLCREST,DAYLIGHT,,,12/17/2020 1:02:48 PM,False,C-53,Accepted
27572613,0561500,UNIV. OF LOUISVILLE POLICE,Accepted,JEFFERSON,,,RIVER,RD,,,,,,,,38.259318047,-85.744829722,0.115,12/15/2020 12:00:00 AM,1006.0,2,2,0,0,CLEAR,DRY,False,SIDESWIPE COLLISION - SAME DIRECTION,SIDESWIPE-SAME DIRECTION,STRAIGHT & LEVEL,DAYLIGHT,,,12/16/2020 11:24:36 AM,False,5618,Accepted
27574170,0370200,KY STATE POLICE CVE,Accepted,LAUREL,I 0075,,I75 S,,,,,,,,,37.225516642,-84.214252917,49.037,12/15/2020 12:00:00 AM,1830.0,2,2,0,0,CLEAR,DRY,False,REAR END IN TRAFFIC LANES BOTH VEHICLES MOVING,REAR END,STRAIGHT & HILLCREST,DARK-HWY NOT LIGHTED,,,12/16/2020 9:41:42 PM,False,C-331,Accepted
27576611,1060100,SHELBYVILLE POLICE DEPARTMENT,Accepted,SHELBY,KY0053,1635,MT EDEN,RD,,,,,,,,38.186600401,-85.212052066,6.197,12/14/2020 12:00:00 AM,1828.0,1,1,0,0,CLEAR,DRY,False,OTHER COLLISIONS ON SHOULDER,SINGLE VEHICLE,STRAIGHT & LEVEL,DARK-HWY NOT LIGHTED,,,12/17/2020 2:26:17 PM,False,230,Accepted
27569059,0340200,LEXINGTON POLICE DEPARTMENT,Accepted,FAYETTE,KY0004,,NEW CIRCLE,RD,W,,,KY0004,KY4 EXIT9A RAMP FROM KY922 S,KY0004,KY4 EXIT8 RAMP TO US25,38.075302919,-84.500050591,9.109,12/14/2020 12:00:00 AM,1405.0,2,2,0,0,CLOUDY,DRY,False,SIDESWIPE COLLISION - SAME DIRECTION,SIDESWIPE-SAME DIRECTION,CURVE & LEVEL,DAYLIGHT,,,12/15/2020 1:18:29 PM,False,56412,Accepted
27562126,0591300,FT. MITCHELL POLICE DEPARTMENT,Accepted,KENTON,I 0075,,I75 N,,,,,I 0075,I75 N EXIT186 OFF RAMP TO  BUTTERMILK PIKE,I 0075,I75 N EXIT186 ON RAMP FROM  BUTTERMILK PIKE,39.050301719,-84.568972676,186.693,12/13/2020 12:00:00 AM,348.0,2,2,0,0,CLOUDY,DRY,False,REAR END IN TRAFFIC LANES BOTH VEHICLES MOVING,REAR END,STRAIGHT & GRADE,DARK-HWY LIGHTED/ON,,,12/14/2020 5:52:19 AM,False,FM16,Accepted
27562921,0568000,LOUISVILLE METRO POLICE DEPT,Accepted,JEFFERSON,US0150,,BROADWAY,,E,KY0061,JACKSON,,,,,38.245232303,-85.745629831,3.068,12/12/2020 12:00:00 AM,2310.0,2,2,0,2,CLEAR,DRY,False,ANGLE COLLISION - OTHER,ANGLE,STRAIGHT & LEVEL,DARK-HWY LIGHTED/ON,,,12/14/2020 8:54:15 AM,False,5135,Accepted
27662941,0080000,BOONE COUNTY SHERIFF DEPT.,Accepted,BOONE,I 0075,,I75 S,,,,,,,,,38.934151372,-84.63164937,176.508,12/12/2020 12:00:00 AM,1214.0,2,2,0,0,CLEAR,DRY,False,SIDESWIPE COLLISION - SAME DIRECTION,SIDESWIPE-SAME DIRECTION,CURVE & LEVEL,DAYLIGHT,,,1/12/2021 2:25:19 PM,False,3761,Accepted
27564014,0930400,OLDHAM COUNTY POLICE DEPT.,Accepted,OLDHAM,I 0071,,I71 N,,,,,,,,,38.340443519,-85.505160661,13.625,12/12/2020 12:00:00 AM,1340.0,3,3,0,0,CLEAR,DRY,False,REAR END IN TRAFFIC LANES BOTH VEHICLES MOVING,REAR END,STRAIGHT & GRADE,DAYLIGHT,,,12/14/2020 11:11:58 AM,False,3072,Accepted
27576605,1060100,SHELBYVILLE POLICE DEPARTMENT,Accepted,SHELBY,US0060,,MIDLAND,TRL,,,VILLAGE PLAZA,,,,,38.212648127,-85.24149036,9.323,12/11/2020 12:00:00 AM,918.0,2,2,0,0,CLEAR,DRY,False,VEHICLE BACKING IN INTERSECTION,BACKING,STRAIGHT & LEVEL,DAYLIGHT,,,12/17/2020 2:25:39 PM,False,224,Accepted
27562883,0568000,LOUISVILLE METRO POLICE DEPT,Accepted,JEFFERSON,I 0071,,,,,,,,,,,38.313842147,-85.57856837,0.174,12/11/2020 12:00:00 AM,1321.0,2,2,0,0,CLEAR,DRY,False,OTHER RAMP RELATED COLLISIONS NOT LISTED ABOVE,SIDESWIPE-SAME DIRECTION,CURVE & GRADE,DAYLIGHT,I 0071,I 0071,12/14/2020 8:51:47 AM,False,8278,Accepted
27562611,1150100,SPRINGFIELD POLICE DEPARTMENT,Accepted,WASHINGTON,KY0055,,LEBANON,RD,,,,,,,,37.689872963,-85.233031846,4.487,12/11/2020 12:00:00 AM,1626.0,2,2,0,0,CLEAR,DRY,False,SIDESWIPE COLLISION - SAME DIRECTION,SIDESWIPE-SAME DIRECTION,STRAIGHT & HILLCREST,DAYLIGHT,,,12/14/2020 7:46:26 AM,False,65,Accepted
27566826,0630000,LAUREL COUNTY SHERIFF DEPT.,Accepted,LAUREL,I 0075,,I75 S,,,,,,,,,36.987591103,-84.109295239,29.606,12/11/2020 12:00:00 AM,2100.0,2,2,0,0,CLEAR,DRY,False,REAR END IN TRAFFIC LANES BOTH VEHICLES MOVING,REAR END,STRAIGHT & LEVEL,DARK-HWY NOT LIGHTED,,,12/15/2020 12:06:39 AM,False,1138,Accepted
27553429,0591300,FT. MITCHELL POLICE DEPARTMENT,Accepted,KENTON,I 0075,,I75 N,,,,,,,,,39.044020353,-84.578731245,185.994,12/10/2020 12:00:00 AM,740.0,2,2,0,1,CLEAR,DRY,False,REAR END IN TRAFFIC LANES BOTH VEHICLES MOVING,REAR END,STRAIGHT & LEVEL,DAWN,,,12/11/2020 2:30:56 AM,False,FM11,Accepted
27771747,1150000,WASHINGTON CTY SHERIFF DEPT,Accepted,WASHINGTON,KY0055,,LEBANON,RD,,,,,,,,37.659233569,-85.236891732,2.299,12/10/2020 12:00:00 AM,1315.0,3,3,0,1,CLEAR,DRY,False,REAR END IN TRAFFIC LANES BOTH VEHICLES MOVING,REAR END,CURVE & LEVEL,DAYLIGHT,,,2/10/2021 12:57:16 PM,False,25,Accepted
27568381,KSP1100,KY STATE POLICE POST 11,Accepted,LAUREL,I 0075,,I75 S,,,,,,,,,37.053486178,-84.098539094,34.262,12/10/2020 12:00:00 AM,1600.0,2,2,0,0,CLEAR,DRY,True,REAR END IN TRAFFIC LANES BOTH VEHICLES MOVING,REAR END,STRAIGHT & LEVEL,DAYLIGHT,,,12/15/2020 10:19:26 AM,False,995,Accepted
27605815,0630000,LAUREL COUNTY SHERIFF DEPT.,Accepted,LAUREL,I 0075,,I75 N,,,,,,,,,36.974787764,-84.111181425,28.729,12/10/2020 12:00:00 AM,1439.0,2,2,0,0,CLEAR,DRY,False,REAR END IN TRAFFIC LANES BOTH VEHICLES MOVING,REAR END,STRAIGHT & LEVEL,DAYLIGHT,,,12/27/2020 7:55:30 PM,False,1123,Accepted
27554549,KSP0200,KY STATE POLICE POST 02,Accepted,HOPKINS,KY0109,,HOSPITAL,RD,,,,,,,,37.151201112,-87.675068375,0.16,12/9/2020 12:00:00 AM,900.0,1,1,0,0,CLEAR,DRY,False,COLLISION WITH FIXED OBJECT NON - INTERSECTION - FIRST EVENT COLLISION 09 - 32 EXCLUDING 16,SINGLE VEHICLE,STRAIGHT & LEVEL,DAYLIGHT,,,12/11/2020 9:08:03 AM,False,1043,Accepted