IncidentID,AgencyORI,AgencyName,IncidentStatusDesc,County,RdwyNumber,Street,RoadwayName,StreetSfx,StreetDir,IntersectionRdwy,IntersectionRdwyName,BetweenStRdwy1,BetweenStRdwyName1,BetweenStRdwy2,BetweenStRdwyName2,Latitude,Longitude,Milepoint,CollisionDate,CollisionTime,UnitsInvolved,MotorVehiclesInvolved,NumberKilled,NumberInjured,Weather,RdwyConditionCode,HitandRun,DirAnalysisCode,MannerofCollision,RdwyCharacter,LightCondition,RampFromRdwyId,RampToRdwyId,AcceptedDate,IsSecondaryCollision,OwnerBadge,IncidentStatus
27552571,0630000,LAUREL COUNTY SHERIFF DEPT.,Accepted,LAUREL,I 0075,,I75 N,,,,,,,,,37.008376842,-84.103329269,31.08,12/9/2020 12:00:00 AM,1422.0,1,1,0,0,CLEAR,DRY,False,OTHER ROADWAY OR MID-BLOCK COLLISION,SINGLE VEHICLE,STRAIGHT & LEVEL,DAYLIGHT,,,12/10/2020 9:48:25 PM,False,1136,Accepted
27554769,0080200,FLORENCE POLICE DEPARTMENT,Accepted,BOONE,I 0075,,I75 N,,,,,,,,,39.017238,-84.623605518,182.862,12/9/2020 12:00:00 AM,700.0,2,2,0,0,CLEAR,DRY,False,SIDESWIPE COLLISION - SAME DIRECTION,SIDESWIPE-SAME DIRECTION,STRAIGHT & LEVEL,DARK-HWY LIGHTED/ON,,,12/11/2020 10:26:31 AM,False,38,Accepted
27548183,1060100,SHELBYVILLE POLICE DEPARTMENT,Accepted,SHELBY,KY0053,,MT EDEN,RD,,,OLD SEVEN MILE,,,,,38.201907354,-85.206062107,7.337,12/7/2020 12:00:00 AM,1751.0,2,2,0,0,CLEAR,DRY,False,OTHER INTERSECTION COLLISIONS,REAR END,STRAIGHT & LEVEL,DARK-HWY NOT LIGHTED,,,12/9/2020 7:37:04 PM,False,224,Accepted
27547790,0930400,OLDHAM COUNTY POLICE DEPT.,Accepted,OLDHAM,I 0071,,I71 S,,,,,I 0071,I71 S REST AREA13 OFF RAMP,I 0071,I71 S REST AREA13 ON RAMP,38.338611658,-85.520393854,12.854,12/5/2020 12:00:00 AM,1848.0,2,2,0,0,CLEAR,DRY,False,REAR END IN TRAFFIC LANES BOTH VEHICLES MOVING,REAR END,STRAIGHT & LEVEL,DARK-HWY NOT LIGHTED,,,12/9/2020 5:36:35 PM,False,3099,Accepted
27564000,0930400,OLDHAM COUNTY POLICE DEPT.,Accepted,OLDHAM,I 0071,,I71 S,,,I 0071,I71 S EXIT14 ON RAMP FROM KY329,,,,,38.345830906,-85.49464787,14.365,12/5/2020 12:00:00 AM,1030.0,2,2,0,1,CLEAR,DRY,False,OTHER INTERSECTION COLLISIONS,REAR END,STRAIGHT & GRADE,DAYLIGHT,,,12/14/2020 11:11:28 AM,False,3060,Accepted
27537580,1060000,SHELBY COUNTY SHERIFF DEPT.,Accepted,SHELBY,KY0053,,MT EDEN,RD,,,OLD SEVEN MILE,,,,,38.201066861,-85.206814498,7.26,12/4/2020 12:00:00 AM,1024.0,2,2,0,0,CLOUDY,WET,False,OTHER INTERSECTION COLLISIONS,REAR END,STRAIGHT & LEVEL,DAYLIGHT,,,12/7/2020 11:30:41 AM,False,15,Accepted
27548161,1060100,SHELBYVILLE POLICE DEPARTMENT,Accepted,SHELBY,US0060,,MIDLAND,TRL,,,,,PEACHTREE,,HOSPITAL,38.212458267,-85.236757599,9.584,12/4/2020 12:00:00 AM,1552.0,2,2,0,0,CLOUDY,WET,False,REAR END IN TRAFFIC LANES BOTH VEHICLES MOVING,REAR END,STRAIGHT & GRADE,DAYLIGHT,,,12/9/2020 7:33:28 PM,False,140,Accepted
27537234,0568000,LOUISVILLE METRO POLICE DEPT,Accepted,JEFFERSON,,3720,BROADWAY,,W,,,,,,,38.249998864,-85.812774699,1.3,12/4/2020 12:00:00 AM,1334.0,2,2,0,0,CLOUDY,DRY,False,1 VEHICLE PARKED POSITION (NOT PARKING LOT/DRIVEWAY),REAR END,STRAIGHT & LEVEL,DAYLIGHT,,,12/7/2020 10:33:15 AM,False,5161,Accepted
27541295,1060000,SHELBY COUNTY SHERIFF DEPT.,Accepted,SHELBY,KY0053,,MT EDEN,RD,,,,,,,,38.199728446,-85.207512612,7.16,12/4/2020 12:00:00 AM,1747.0,2,2,0,0,CLEAR,DRY,False,REAR END IN TRAFFIC LANES BOTH VEHICLES MOVING,REAR END,STRAIGHT & GRADE,DARK-HWY NOT LIGHTED,,,12/8/2020 9:02:49 AM,False,36,Accepted
27540947,0568000,LOUISVILLE METRO POLICE DEPT,Accepted,JEFFERSON,US0150,,BROADWAY,,E,,BROOK,,,,,38.245603644,-85.751702517,2.729,12/4/2020 12:00:00 AM,714.0,2,2,0,0,CLEAR,DRY,False,ANGLE COLLISION - OTHER,ANGLE,STRAIGHT & LEVEL,DARK-HWY LIGHTED/ON,,,12/8/2020 8:07:53 AM,False,5135,Accepted
27526435,0340200,LEXINGTON POLICE DEPARTMENT,Accepted,FAYETTE,KY0004,,NEW CIRCLE,RD,W,,,KY0004,KY4 EXIT7 RAMP TO US421,KY0004,KY4 EXIT6 ON RAMP FROM KY1681,38.065779152,-84.5365981,6.787,12/3/2020 12:00:00 AM,1611.0,2,2,0,1,CLEAR,DRY,False,REAR END IN TRAFFIC LANES BOTH VEHICLES MOVING,REAR END,STRAIGHT & LEVEL,DAYLIGHT,,,12/3/2020 8:06:07 PM,False,55504,Accepted
27528768,0080200,FLORENCE POLICE DEPARTMENT,Accepted,BOONE,I 0075,,I75 N,,,,,,,,,39.00606543,-84.641811365,181.632,12/3/2020 12:00:00 AM,1250.0,2,2,0,0,CLOUDY,DRY,False,SIDESWIPE COLLISION - SAME DIRECTION,SIDESWIPE-SAME DIRECTION,STRAIGHT & LEVEL,DAYLIGHT,,,12/4/2020 12:53:56 PM,False,38,Accepted
27530771,0080200,FLORENCE POLICE DEPARTMENT,Accepted,BOONE,I 0075,,I75 N,,,,,,,,,39.007978016,-84.638689495,181.843,12/2/2020 12:00:00 AM,620.0,2,2,0,0,CLEAR,DRY,False,REAR END IN TRAFFIC LANES BOTH VEHICLES MOVING,REAR END,STRAIGHT & LEVEL,DARK-HWY LIGHTED/ON,,,12/5/2020 1:18:47 AM,False,61,Accepted
27525047,0100100,ASHLAND POLICE DEPARTMENT,Accepted,BOYD,,,CLEMENTS,DR,,,,,,,,38.478767131,-82.656079068,0.11,12/2/2020 12:00:00 AM,1322.0,2,2,0,0,CLEAR,DRY,True,1 VEHICLE PARKED POSITION (NOT PARKING LOT/DRIVEWAY),BACKING,STRAIGHT & GRADE,DAYLIGHT,,,12/3/2020 1:29:30 PM,False,1515,Accepted
27537043,0180000,CALLOWAY COUNTY SHERIFF DEPT.,Accepted,CALLOWAY,KY0094,,KY94,,E,,,,,,,36.612508196,-88.287886986,11.297,12/2/2020 12:00:00 AM,2005.0,2,2,0,1,CLEAR,DRY,False,REAR END IN TRAFFIC LANES BOTH VEHICLES MOVING,REAR END,STRAIGHT & LEVEL,DARK (UNKNOWN ROADWAY LIGHTING),,,12/7/2020 9:55:00 AM,False,14,Accepted
27522472,0370200,KY STATE POLICE CVE,Accepted,LAUREL,I 0075,,,,,,,,,,,36.981228598,-84.110559846,0.01,12/1/2020 12:00:00 AM,1941.0,2,2,0,0,CLOUDY,WET,False,OTHER RAMP RELATED COLLISIONS NOT LISTED ABOVE,SIDESWIPE-SAME DIRECTION,STRAIGHT & GRADE,DARK-HWY LIGHTED/ON,I 0075,KY0770,12/2/2020 8:38:17 PM,False,C-325,Accepted
27522395,0080000,BOONE COUNTY SHERIFF DEPT.,Accepted,BOONE,KY3503,,SAM NEACE,DR,,,,,BERBERICH,KY0536,MT ZION,38.957193245,-84.628056923,0.065,12/1/2020 12:00:00 AM,1608.0,1,1,0,0,CLOUDY,DRY,False,OTHER ROADWAY OR MID-BLOCK COLLISION,SINGLE VEHICLE,STRAIGHT & LEVEL,DAYLIGHT,,,12/2/2020 7:50:41 PM,False,3726,Accepted
27514358,0080200,FLORENCE POLICE DEPARTMENT,Accepted,BOONE,I 0075,,I75 N,,,,,,,,,39.011239124,-84.633420481,182.2,11/30/2020 12:00:00 AM,1641.0,2,2,0,0,SNOWING,WET,False,REAR END IN TRAFFIC LANES BOTH VEHICLES MOVING,REAR END,STRAIGHT & LEVEL,DARK-HWY LIGHTED/ON,,,11/30/2020 7:54:35 PM,False,27,Accepted
27518555,0080000,BOONE COUNTY SHERIFF DEPT.,Accepted,BOONE,I 0075,,I75 N,,,,,,,,,38.911208416,-84.628240231,174.99,11/29/2020 12:00:00 AM,1720.0,2,2,0,0,CLOUDY,DRY,False,1 VEHICLE ENTERING/LEAVING ENTRANCE,ANGLE,STRAIGHT & GRADE,DUSK,,,12/1/2020 9:16:27 PM,False,3309,Accepted
27516991,0080200,FLORENCE POLICE DEPARTMENT,Accepted,BOONE,I 0075,,I75 N,,,,,,,,,39.016378739,-84.625040428,182.766,11/29/2020 12:00:00 AM,1324.0,2,2,0,0,CLEAR,DRY,False,SIDESWIPE COLLISION - SAME DIRECTION,SIDESWIPE-SAME DIRECTION,STRAIGHT & LEVEL,DAYLIGHT,,,12/1/2020 2:09:58 PM,False,40,Accepted
27516989,0080200,FLORENCE POLICE DEPARTMENT,Accepted,BOONE,I 0075,,I75 N,,,,,,,,,39.018098465,-84.622209494,182.956,11/29/2020 12:00:00 AM,1109.0,4,4,0,0,CLEAR,DRY,False,REAR END IN TRAFFIC LANES BOTH VEHICLES MOVING,REAR END,STRAIGHT & LEVEL,DAYLIGHT,,,12/1/2020 2:09:52 PM,False,40,Accepted
27946778,1170000,WEBSTER COUNTY SHERIFF DEPT.,Accepted,WEBSTER,KY0056,,KY56,,,,,,,,,37.609074713,-87.519588332,12.955,11/26/2020 12:00:00 AM,1303.0,2,2,0,0,CLOUDY,DRY,True,SIDESWIPE COLLISION - SAME DIRECTION,SIDESWIPE-SAME DIRECTION,,DAYLIGHT,,,3/30/2021 12:21:37 PM,False,85,Accepted
27497522,0080000,BOONE COUNTY SHERIFF DEPT.,Accepted,BOONE,I 0075,,I75 N,,,,,,,,,38.922377694,-84.629614339,175.714,11/24/2020 12:00:00 AM,1156.0,2,2,0,0,CLEAR,DRY,False,SIDESWIPE COLLISION - SAME DIRECTION,SIDESWIPE-SAME DIRECTION,STRAIGHT & LEVEL,DAYLIGHT,,,11/25/2020 8:10:09 AM,False,3705,Accepted
27498095,0080200,FLORENCE POLICE DEPARTMENT,Accepted,BOONE,I 0075,,I75 N,,,,,,,,,39.004135689,-84.645050186,181.394,11/24/2020 12:00:00 AM,752.0,2,2,0,0,CLOUDY,DRY,False,SIDESWIPE COLLISION - SAME DIRECTION,SIDESWIPE-SAME DIRECTION,STRAIGHT & LEVEL,DAYLIGHT,,,11/25/2020 10:54:48 AM,False,26,Accepted
27627314,0260000,CLAY COUNTY SHERIFF DEPT.,Accepted,CLAY,KY0011,,KY11,,,,,,BIG WILDCAT,,LAUREL BRANCH,37.233836266,-83.690887178,15.62,11/23/2020 12:00:00 AM,1650.0,2,2,0,0,CLOUDY,DRY,False,OTHER ROADWAY OR MID-BLOCK COLLISION,REAR END,STRAIGHT & LEVEL,DAYLIGHT,,,1/3/2021 10:42:22 AM,False,1107,Accepted
27499841,0900000,NELSON COUNTY SHERIFF DEPT.,Accepted,NELSON,,,MCKAY,AVE,,,,,,,,37.912779959,-85.316043431,0.05,11/23/2020 12:00:00 AM,730.0,1,1,0,0,CLOUDY,DRY,False,COLLISION WITH FIXED OBJECT NON - INTERSECTION - FIRST EVENT COLLISION 09 - 32 EXCLUDING 16,SINGLE VEHICLE,STRAIGHT & GRADE,DAYLIGHT,,,11/25/2020 9:41:31 PM,False,49,Accepted
27498056,0080000,BOONE COUNTY SHERIFF DEPT.,Accepted,BOONE,I 0275,,I275 E,,,,,,,,,39.083233969,-84.7357173,8.469,11/23/2020 12:00:00 AM,1047.0,2,2,0,1,CLOUDY,DRY,False,HEAD-ON COLLISION,HEAD ON,STRAIGHT & LEVEL,DAYLIGHT,,,11/25/2020 10:47:20 AM,False,3765,Accepted
27517074,0591000,LAKESIDE PK/CRESTVIEW HILLS PD,Accepted,KENTON,I 0275,,I275 W,,,,,,,,,39.025835512,-84.563640301,81.729,11/22/2020 12:00:00 AM,622.0,2,2,0,0,CLOUDY,DRY,False,VEHICLE BACKING NON INTERSECTION,BACKING,STRAIGHT & GRADE,DARK-HWY LIGHTED/ON,,,12/1/2020 2:44:40 PM,False,1430,Accepted
27488902,0568000,LOUISVILLE METRO POLICE DEPT,Accepted,JEFFERSON,I 0071,,I71 S,,,,,I 0071,I71 S EXIT35B ON RAMP FROM KY841 S,I 0071,I71 S EXIT9A RAMP TO I265 W,38.313257803,-85.585293455,8.879,11/21/2020 12:00:00 AM,741.0,1,1,0,0,RAINING,WET,False,COLLISION WITH FIXED OBJECT NON - INTERSECTION - FIRST EVENT COLLISION 09 - 32 EXCLUDING 16,SINGLE VEHICLE,STRAIGHT & LEVEL,DAWN,,,11/23/2020 9:26:53 AM,False,7751,Accepted
27480238,0340200,LEXINGTON POLICE DEPARTMENT,Accepted,FAYETTE,KY0004,,NEW CIRCLE,RD,W,,,KY0004,KY4 EXIT9A RAMP TO KY922 S,KY0004,KY4 EXIT9B RAMP TO KY922 N,38.074464588,-84.494834232,9.332,11/20/2020 12:00:00 AM,839.0,2,2,0,0,CLEAR,DRY,False,SIDESWIPE COLLISION - SAME DIRECTION,SIDESWIPE-SAME DIRECTION,STRAIGHT & LEVEL,DAYLIGHT,,,11/20/2020 11:35:44 AM,False,55430,Accepted
27488983,0568000,LOUISVILLE METRO POLICE DEPT,Accepted,JEFFERSON,I 0071,,,,,,,,,,,38.313659344,-85.585452692,0.287,11/19/2020 12:00:00 AM,1510.0,1,1,0,0,CLEAR,DRY,False,COLLISION WITH FIXED OBJECT NOT IN GORE ,SINGLE VEHICLE,CURVE & GRADE,DAYLIGHT,KY0841,I 0071,11/23/2020 9:30:15 AM,False,8278,Accepted
27490114,0590100,COVINGTON POLICE DEPARTMENT,Accepted,KENTON,I 0075,,,,,,,,,,,39.072788046,-84.519251131,0.222,11/19/2020 12:00:00 AM,1540.0,2,2,0,0,CLEAR,DRY,False,OTHER RAMP RELATED COLLISIONS NOT LISTED ABOVE,SIDESWIPE-SAME DIRECTION,STRAIGHT & GRADE,DAYLIGHT,W 12TH ST,I 0075,11/23/2020 1:17:52 PM,False,0294,Accepted
27481551,0080200,FLORENCE POLICE DEPARTMENT,Accepted,BOONE,,7079,MANDERLAY,DR,,,RAINTREE,,,,,38.990885956,-84.61590541,0.372,11/19/2020 12:00:00 AM,1425.0,1,1,0,0,CLEAR,DRY,False,OTHER INTERSECTION COLLISIONS,SINGLE VEHICLE,STRAIGHT & LEVEL,DAYLIGHT,,,11/20/2020 5:22:29 PM,False,27,Accepted
27476960,0591300,FT. MITCHELL POLICE DEPARTMENT,Accepted,KENTON,I 0075,,I75 N,,,,,,,,,39.051670307,-84.559992804,187.21,11/18/2020 12:00:00 AM,1245.0,2,2,0,0,CLEAR,DRY,False,REAR END IN TRAFFIC LANES BOTH VEHICLES MOVING,REAR END,STRAIGHT & GRADE,DAYLIGHT,,,11/19/2020 3:43:29 PM,False,FM11,Accepted
27480403,0790100,BENTON POLICE DEPARTMENT,Accepted,MARSHALL,US0641,,MAIN,ST,,KY0058,11TH,,,,,36.857925836,-88.350784694,8.318,11/17/2020 12:00:00 AM,1255.0,2,2,0,0,CLEAR,DRY,False,VEHICLE BACKING IN INTERSECTION,BACKING,STRAIGHT & LEVEL,DAYLIGHT,,,11/20/2020 12:36:35 PM,False,6,Accepted
27466030,0568000,LOUISVILLE METRO POLICE DEPT,Accepted,JEFFERSON,I 0265,,I265 E,,,,,,,,,38.196805504,-85.507960917,23.685,11/16/2020 12:00:00 AM,1033.0,2,2,0,0,CLEAR,DRY,False,REAR END IN TRAFFIC LANES BOTH VEHICLES MOVING,REAR END,STRAIGHT & LEVEL,DAYLIGHT,,,11/17/2020 8:29:59 AM,False,4903,Accepted
27463732,0340200,LEXINGTON POLICE DEPARTMENT,Accepted,FAYETTE,KY0004,,,,,,,KY0922,NEWTOWN,KY0004,NEW CIRCLE,38.075204177,-84.498813066,0.272,11/16/2020 12:00:00 AM,719.0,2,2,0,0,CLEAR,DRY,False,OTHER ROADWAY OR MID-BLOCK COLLISION,REAR END,STRAIGHT & LEVEL,DAYLIGHT,,,11/16/2020 4:56:37 PM,False,32684,Accepted
27463736,0340200,LEXINGTON POLICE DEPARTMENT,Accepted,FAYETTE,US0025,,GEORGETOWN,RD,,,,,MERCER,KY0004,KY4 EXIT8 RAMP TO US25,38.076065312,-84.506505143,16.263,11/16/2020 12:00:00 AM,742.0,2,2,0,0,CLEAR,DRY,True,SIDESWIPE COLLISION - SAME DIRECTION,SIDESWIPE-SAME DIRECTION,STRAIGHT & LEVEL,DAYLIGHT,,,11/16/2020 4:56:50 PM,False,40247,Accepted
27466066,0568000,LOUISVILLE METRO POLICE DEPT,Accepted,JEFFERSON,I 0071,,I71 S,,,I 0071,I71 S EXIT9A RAMP TO I265 W,,,,,38.314255718,-85.583366718,8.993,11/16/2020 12:00:00 AM,1842.0,1,1,0,0,CLEAR,DRY,False,OTHER INTERSECTION COLLISIONS,SINGLE VEHICLE,STRAIGHT & LEVEL,DARK (UNKNOWN ROADWAY LIGHTING),,,11/17/2020 8:32:44 AM,False,5228,Accepted
27469018,0080200,FLORENCE POLICE DEPARTMENT,Accepted,BOONE,I 0075,,I75 N,,,,,,,,,39.00922247,-84.636729752,181.977,11/15/2020 12:00:00 AM,1837.0,2,2,0,0,CLEAR,DRY,False,SIDESWIPE COLLISION - SAME DIRECTION,SIDESWIPE-SAME DIRECTION,STRAIGHT & LEVEL,DARK-HWY LIGHTED/ON,,,11/17/2020 7:36:50 PM,False,60,Accepted
27461524,0630000,LAUREL COUNTY SHERIFF DEPT.,Accepted,LAUREL,I 0075,,I75 S,,,,,,,,,37.05778991,-84.098139452,34.536,11/13/2020 12:00:00 AM,1923.0,5,5,0,0,CLEAR,DRY,False,REAR END IN TRAFFIC LANES BOTH VEHICLES MOVING,REAR END,STRAIGHT & LEVEL,DARK-HWY NOT LIGHTED,,,11/16/2020 9:58:23 AM,False,1106,Accepted
27471436,0370100,FRANKFORT POLICE DEPARTMENT,Accepted,FRANKLIN,US0060,,2ND,ST,W,,,,,,,38.195201453,-84.881506638,7.98,11/12/2020 12:00:00 AM,750.0,1,1,0,0,CLEAR,DRY,False,COLLISION WITH FIXED OBJECT NON - INTERSECTION - FIRST EVENT COLLISION 09 - 32 EXCLUDING 16,SINGLE VEHICLE,CURVE & LEVEL,DAYLIGHT,,,11/18/2020 11:44:06 AM,False,2306,Accepted
27450871,0590300,ERLANGER POLICE DEPARTMENT,Accepted,KENTON,I 0075,,I75 N,,,,,,,,,39.030745884,-84.607636784,184.146,11/12/2020 12:00:00 AM,757.0,2,2,0,0,CLEAR,DRY,False,COLLISION WITH FIXED OBJECT NON - INTERSECTION - FIRST EVENT COLLISION 09 - 32 EXCLUDING 16,REAR END,STRAIGHT & LEVEL,DAYLIGHT,,,11/13/2020 3:36:25 AM,False,166,Accepted
27494394,0970100,HAZARD POLICE DEPARTMENT,Accepted,PERRY,KY0451,,MAIN,ST,E,,,,,,,37.245996393,-83.189041583,3.417,11/11/2020 12:00:00 AM,1221.0,2,2,0,0,RAINING,WET,False,COLLISION IN PARKING LOT,SIDESWIPE-SAME DIRECTION,STRAIGHT & LEVEL,DAYLIGHT,,,11/24/2020 2:42:44 PM,False,412,Accepted
27443850,0270000,CLINTON COUNTY SHERIFF DEPT.,Accepted,CLINTON,KY0090,,KY90,,,,,,,,,36.75588491,-85.180006066,,11/11/2020 12:00:00 AM,745.0,2,2,0,0,RAINING,WET,False,COLLISION IN PARKING LOT,SIDESWIPE-SAME DIRECTION,STRAIGHT & LEVEL,DAYLIGHT,,,11/11/2020 3:15:12 PM,False,1250,Accepted
27461678,0510100,HENDERSON POLICE DEPARTMENT,Accepted,HENDERSON,,,ATKINSON,ST,,,,KY0136,MADISON,,YOUNG,37.817890665,-87.583512363,0.756,11/10/2020 12:00:00 AM,1158.0,1,1,0,0,CLEAR,DRY,False,COLLISION WITH FIXED OBJECT NON - INTERSECTION - FIRST EVENT COLLISION 09 - 32 EXCLUDING 16,SINGLE VEHICLE,STRAIGHT & LEVEL,DAYLIGHT,,,11/16/2020 10:11:28 AM,False,36,Accepted
27443767,0080000,BOONE COUNTY SHERIFF DEPT.,Accepted,BOONE,I 0275,,I275 E,,,,,,,,,39.083607319,-84.737806123,8.584,11/10/2020 12:00:00 AM,1814.0,2,2,0,0,CLEAR,DRY,False,REAR END IN TRAFFIC LANES BOTH VEHICLES MOVING,REAR END,STRAIGHT & LEVEL,DARK-HWY LIGHTED/OFF,,,11/11/2020 2:49:39 PM,False,3765,Accepted
27427976,0340200,LEXINGTON POLICE DEPARTMENT,Accepted,FAYETTE,US0025,,GEORGETOWN,RD,,,,,BRIARWOOD,,NANDINO,38.079188933,-84.507923976,16.49,11/7/2020 12:00:00 AM,1056.0,4,4,0,1,CLEAR,DRY,False,REAR END IN TRAFFIC LANES BOTH VEHICLES MOVING,REAR END,STRAIGHT & LEVEL,DAYLIGHT,,,11/7/2020 3:42:18 PM,False,49222,Accepted
27433207,0568000,LOUISVILLE METRO POLICE DEPT,Accepted,JEFFERSON,I 0071,,I71 N,,,,,,,,,38.314051672,-85.583246892,9.0,11/7/2020 12:00:00 AM,1651.0,7,7,0,0,CLEAR,DRY,False,OTHER ROADWAY OR MID-BLOCK COLLISION,REAR END,STRAIGHT & LEVEL,DAYLIGHT,,,11/9/2020 8:53:24 AM,False,7751,Accepted
27460642,0080200,FLORENCE POLICE DEPARTMENT,Accepted,BOONE,US0025,,DIXIE,HWY,,,YOUELL,,,,,39.000131115,-84.625097787,10.721,11/6/2020 12:00:00 AM,1040.0,2,2,0,0,CLEAR,DRY,False,OTHER INTERSECTION COLLISIONS,REAR END,STRAIGHT & LEVEL,DAYLIGHT,,,11/16/2020 7:00:00 AM,False,40,Accepted
27426108,0340200,LEXINGTON POLICE DEPARTMENT,Accepted,FAYETTE,US0068,,HARRODSBURG,RD,,,,,MAN O WAR,US0068,US68,38.001624045,-84.574140993,1.532,11/6/2020 12:00:00 AM,1500.0,2,1,0,1,CLEAR,DRY,True,COLLISION WITH PEDESTRIAN NON - INTERSECTION,SINGLE VEHICLE,STRAIGHT & GRADE,DAYLIGHT,,,11/6/2020 10:47:42 PM,False,56676,Accepted
27438258,0568000,LOUISVILLE METRO POLICE DEPT,Accepted,JEFFERSON,,,FLOYD,ST,S,US0150,BROADWAY,,,,,38.245468813,-85.749770719,0.717,11/5/2020 12:00:00 AM,1008.0,1,1,0,0,CLEAR,DRY,False,COLLISION WITH FIXED OBJECT IN INTERSECTION - FIRST EVENT COLLISION 09 - 32,SINGLE VEHICLE,STRAIGHT & LEVEL,DAYLIGHT,,,11/10/2020 8:17:54 AM,False,2403,Accepted
27425499,0340200,LEXINGTON POLICE DEPARTMENT,Accepted,FAYETTE,,,WALLER,AVE,,,,,CRESCENT,,ELIZABETH,38.028997202,-84.514643353,0.225,11/5/2020 12:00:00 AM,1100.0,1,1,0,0,CLEAR,DRY,False,OTHER ROADWAY OR MID-BLOCK COLLISION,SINGLE VEHICLE,STRAIGHT & LEVEL,DAYLIGHT,,,11/6/2020 5:14:04 PM,False,41237,Accepted
27423604,0080000,BOONE COUNTY SHERIFF DEPT.,Accepted,BOONE,I 0075,,,,,,,,,,,38.981894479,-84.64074797,0.194,11/5/2020 12:00:00 AM,1645.0,2,2,0,0,CLEAR,DRY,False,SIDESWIPE COLLISION - SAME DIRECTION,SIDESWIPE-SAME DIRECTION,STRAIGHT & GRADE,DAYLIGHT,,,11/6/2020 8:22:16 AM,False,3750,Accepted
27425905,0080000,BOONE COUNTY SHERIFF DEPT.,Accepted,BOONE,I 0075,,I75 S,,,I 0075,I75 S EXIT175 OFF RAMP TO  RICHWOOD DR,,,,,38.921013351,-84.629705391,175.607,11/5/2020 12:00:00 AM,1602.0,5,5,0,1,CLEAR,DRY,True,OTHER INTERSECTION COLLISIONS,REAR END,STRAIGHT & LEVEL,DAYLIGHT,,,11/6/2020 8:44:41 PM,False,3713,Accepted
27471219,0360000,FLOYD COUNTY SHERIFF DEPT.,Accepted,FLOYD,KY0979,,KY979,,,,,,,,,37.438717027,-82.654055931,9.417,11/5/2020 12:00:00 AM,1545.0,3,3,0,1,CLEAR,DRY,False,REAR END IN TRAFFIC LANES BOTH VEHICLES MOVING,REAR END,STRAIGHT & LEVEL,DAYLIGHT,,,11/18/2020 10:39:19 AM,False,208,Accepted
27424647,0080000,BOONE COUNTY SHERIFF DEPT.,Accepted,BOONE,I 0075,,I75 S,,,,,,,,,38.927549947,-84.630751019,176.056,11/4/2020 12:00:00 AM,814.0,2,2,0,0,CLEAR,DRY,False,REAR END IN TRAFFIC LANES BOTH VEHICLES MOVING,REAR END,STRAIGHT & LEVEL,DAYLIGHT,,,11/6/2020 2:06:20 PM,False,3754,Accepted
27424646,0080000,BOONE COUNTY SHERIFF DEPT.,Accepted,BOONE,I 0075,,I75 S,,,,,,,,,38.923290634,-84.63003758,175.764,11/4/2020 12:00:00 AM,929.0,2,2,0,0,CLEAR,DRY,False,SIDESWIPE COLLISION - SAME DIRECTION,SIDESWIPE-SAME DIRECTION,STRAIGHT & LEVEL,DAYLIGHT,,,11/6/2020 2:06:05 PM,False,3754,Accepted
27416600,0590300,ERLANGER POLICE DEPARTMENT,Accepted,KENTON,I 0075,,,,,,,,,,,39.025409117,-84.613741451,0.032,11/4/2020 12:00:00 AM,652.0,1,1,0,1,CLEAR,DRY,False,OTHER RAMP RELATED COLLISIONS NOT LISTED ABOVE,SINGLE VEHICLE,STRAIGHT & LEVEL,DAYLIGHT,I 0075,KY0236,11/4/2020 5:07:14 PM,False,180,Accepted
28473452,KSP0200,KY STATE POLICE POST 02,Accepted,HOPKINS,I 0069,,I69 S,,,,,,,,,37.204228296,-87.514673663,102.303,11/2/2020 12:00:00 AM,1028.0,2,2,0,1,CLEAR,DRY,False,REAR END IN TRAFFIC LANES BOTH VEHICLES MOVING,REAR END,STRAIGHT & GRADE,DAYLIGHT,,,8/5/2021 10:35:14 PM,False,171,Accepted
27410303,0150100,SHEPHERDSVILLE POLICE DEPT.,Accepted,BULLITT,I 0065,,I65 N,,,,,,,,,37.952913727,-85.689302339,113.741,11/2/2020 12:00:00 AM,1251.0,2,2,0,0,CLEAR,DRY,False,REAR END IN TRAFFIC LANES BOTH VEHICLES MOVING,REAR END,STRAIGHT & LEVEL,DAYLIGHT,,,11/3/2020 10:54:48 AM,False,079,Accepted
32884044,1110000,TRIGG COUNTY SHERIFF DEPT.,Accepted,TRIGG,I 0024,,I24 E,,,,,,,,,36.929069675,-87.811398959,60.011,10/31/2020 12:00:00 AM,825.0,3,3,0,0,CLEAR,DRY,False,OTHER ROADWAY OR MID-BLOCK COLLISION,REAR END,STRAIGHT & LEVEL,DAYLIGHT,,,2/21/2024 11:46:05 AM,False,205,Accepted
27398144,0340200,LEXINGTON POLICE DEPARTMENT,Accepted,FAYETTE,US0025,,GEORGETOWN,ST,,KY0004,NEW CIRCLE,,,,,38.075104915,-84.506094454,16.196,10/30/2020 12:00:00 AM,1055.0,2,2,0,1,CLOUDY,DRY,False,OTHER INTERSECTION COLLISIONS,REAR END,STRAIGHT & GRADE,DAYLIGHT,,,10/30/2020 6:28:37 PM,False,22512,Accepted