IncidentID,AgencyORI,AgencyName,IncidentStatusDesc,County,RdwyNumber,Street,RoadwayName,StreetSfx,StreetDir,IntersectionRdwy,IntersectionRdwyName,BetweenStRdwy1,BetweenStRdwyName1,BetweenStRdwy2,BetweenStRdwyName2,Latitude,Longitude,Milepoint,CollisionDate,CollisionTime,UnitsInvolved,MotorVehiclesInvolved,NumberKilled,NumberInjured,Weather,RdwyConditionCode,HitandRun,DirAnalysisCode,MannerofCollision,RdwyCharacter,LightCondition,RampFromRdwyId,RampToRdwyId,AcceptedDate,IsSecondaryCollision,OwnerBadge,IncidentStatus
27396898,1060100,SHELBYVILLE POLICE DEPARTMENT,Accepted,SHELBY,KY0053,,MOUNT EDEN,RD,,,CATALPA LN CONN,,,,,38.191148329,-85.211329101,6.56,10/30/2020 12:00:00 AM,1038.0,2,2,0,0,CLEAR,DRY,False,OTHER INTERSECTION COLLISIONS,REAR END,STRAIGHT & LEVEL,DAYLIGHT,,,10/30/2020 1:35:00 PM,False,130,Accepted
27406649,0568000,LOUISVILLE METRO POLICE DEPT,Accepted,JEFFERSON,US0150,,BROADWAY,,E,,HANCOCK,,,,,38.245047242,-85.743624161,3.184,10/30/2020 12:00:00 AM,2256.0,2,2,0,1,CLEAR,DRY,False,SIDESWIPE-SAME DIRECTION,SIDESWIPE-SAME DIRECTION,STRAIGHT & LEVEL,DARK-HWY LIGHTED/ON,,,11/2/2020 1:09:33 PM,False,5135,Accepted
27396831,0080000,BOONE COUNTY SHERIFF DEPT.,Accepted,BOONE,I 0075,,I75 S,,,,,,,,,38.912357905,-84.628620132,175.012,10/29/2020 12:00:00 AM,707.0,2,2,0,0,RAINING,WET,False,1 VEHICLE ENTERING/LEAVING ENTRANCE,ANGLE,STRAIGHT & LEVEL,DARK-HWY LIGHTED/ON,,,10/30/2020 1:25:37 PM,False,3761,Accepted
27395330,0568000,LOUISVILLE METRO POLICE DEPT,Accepted,JEFFERSON,US0150,,BROADWAY,,E,,FLOYD,,,,,38.245449422,-85.749688325,2.845,10/29/2020 12:00:00 AM,759.0,2,1,0,0,RAINING,WET,False,COLLISION WITH BICYCLE IN INTERSECTION,SINGLE VEHICLE,STRAIGHT & LEVEL,DARK-HWY LIGHTED/ON,,,10/30/2020 8:28:49 AM,False,7863,Accepted
27400918,KSP0100,KY STATE POLICE POST 01,Accepted,TRIGG,I 0024,,I24 E,,,,,,,,,36.886832781,-87.74314554,64.778,10/29/2020 12:00:00 AM,2030.0,1,1,0,0,RAINING,WET,False,OTHER ROADWAY OR MID-BLOCK COLLISION,SINGLE VEHICLE,STRAIGHT & LEVEL,DARK-HWY NOT LIGHTED,,,10/31/2020 8:53:30 PM,False,991,Accepted
27395366,0568000,LOUISVILLE METRO POLICE DEPT,Accepted,JEFFERSON,US0150,,BROADWAY,,E,KY0061,JACKSON,,,,,38.245165428,-85.745589911,3.073,10/29/2020 12:00:00 AM,1700.0,2,2,0,1,RAINING,WET,False,ANGLE COLLISION - OTHER,ANGLE,STRAIGHT & LEVEL,DAYLIGHT,,,10/30/2020 8:31:01 AM,False,7058,Accepted
29965440,1060000,SHELBY COUNTY SHERIFF DEPT.,Accepted,SHELBY,KY0053,,MT EDEN,RD,,,,,,,,38.203291699,-85.204882698,7.46,10/28/2020 12:00:00 AM,1706.0,2,2,0,0,CLOUDY,DRY,False,OTHER ROADWAY OR MID-BLOCK COLLISION,REAR END,STRAIGHT & LEVEL,DAYLIGHT,,,4/21/2022 8:41:34 AM,False,41,Accepted
27386637,0590100,COVINGTON POLICE DEPARTMENT,Accepted,KENTON,I 0075,,I75 N,,,,,,,,,39.07955124,-84.521688357,190.744,10/28/2020 12:00:00 AM,522.0,2,2,0,0,CLEAR,DRY,False,SIDESWIPE COLLISION - SAME DIRECTION,SIDESWIPE-SAME DIRECTION,STRAIGHT & GRADE,DARK-HWY LIGHTED/ON,,,10/28/2020 8:21:37 AM,False,0252,Accepted
27405970,1060000,SHELBY COUNTY SHERIFF DEPT.,Accepted,SHELBY,,,R J JENNINGS,RD,,KY0053,MT EDEN,,,,,38.194893621,-85.210398101,,10/27/2020 12:00:00 AM,1445.0,2,2,0,0,CLOUDY,DRY,False,VEHICLE BACKING IN INTERSECTION,BACKING,STRAIGHT & LEVEL,DAYLIGHT,,,11/2/2020 10:55:38 AM,False,10,Accepted
27389957,0340200,LEXINGTON POLICE DEPARTMENT,Accepted,FAYETTE,US0025,3930,GEORGETOWN,RD,,,,,,,,38.134488331,-84.532274225,20.585,10/27/2020 12:00:00 AM,1545.0,2,2,0,0,CLOUDY,DRY,False,1 VEHICLE ENTERING/LEAVING ENTRANCE,ANGLE,CURVE & LEVEL,DAYLIGHT,,,10/28/2020 9:13:17 PM,False,56412,Accepted
27413091,0980100,PIKEVILLE POLICE DEPARTMENT,Accepted,PIKE,US0119,,US119,,,,,,,,,37.514046594,-82.490407771,2.511,10/27/2020 12:00:00 AM,1419.0,2,2,0,0,CLEAR,DRY,False,1 VEHICLE ENTERING/LEAVING ENTRANCE,ANGLE,STRAIGHT & LEVEL,DAYLIGHT,,,11/4/2020 3:47:32 AM,False,105,Accepted
27386600,0568000,LOUISVILLE METRO POLICE DEPT,Accepted,JEFFERSON,US0150,,BROADWAY,,E,,,,BROOK,,FLOYD,38.24557706,-85.751218997,2.758,10/26/2020 12:00:00 AM,1430.0,1,1,0,0,CLOUDY,DRY,False,COLLISION WITH FIXED OBJECT NON - INTERSECTION - FIRST EVENT COLLISION 09 - 32 EXCLUDING 16,SINGLE VEHICLE,STRAIGHT & LEVEL,DAYLIGHT,,,10/28/2020 8:14:30 AM,False,2403,Accepted
27384730,KSP0100,KY STATE POLICE POST 01,Accepted,TRIGG,I 0024,,I24 E,,,,,,,,,36.886312168,-87.742317455,64.836,10/25/2020 12:00:00 AM,1525.0,2,2,0,0,CLOUDY,DRY,False,REAR END IN TRAFFIC LANES BOTH VEHICLES MOVING,REAR END,STRAIGHT & LEVEL,DAYLIGHT,,,10/27/2020 7:25:47 PM,False,991,Accepted
27700408,0240000,CHRISTIAN COUNTY SHERIFF OFFICE,Accepted,CHRISTIAN,I 0024,,I24 W,,,I 0024,I24 W EXIT89 OFF RAMP TO KY115,,,,,36.678631193,-87.397115294,89.235,10/25/2020 12:00:00 AM,1830.0,2,2,0,0,RAINING,WET,True,ANGLE COLLISION - OTHER,ANGLE,STRAIGHT & LEVEL,DARK-HWY LIGHTED/ON,,,1/22/2021 2:36:36 PM,False,622,Accepted
27377585,0591300,FT. MITCHELL POLICE DEPARTMENT,Accepted,KENTON,I 0075,,I75 N,,,,,I 0075,I75 N EXIT188 OFF RAMP TO  DIXIE HWY,I 0075,I75 N EXIT188 ON RAMP FROM  DIXIE HWY,39.051606736,-84.549135656,187.809,10/24/2020 12:00:00 AM,2156.0,2,2,0,0,CLOUDY,DRY,False,REAR END IN TRAFFIC LANES BOTH VEHICLES MOVING,REAR END,CURVE & LEVEL,DARK-HWY LIGHTED/ON,,,10/26/2020 10:24:23 AM,False,FM16,Accepted
27405989,0080200,FLORENCE POLICE DEPARTMENT,Accepted,BOONE,US0025,,DIXIE,HWY,,,YOUELL,,,,,39.000607611,-84.624566339,10.764,10/23/2020 12:00:00 AM,1605.0,2,2,0,0,CLEAR,DRY,False,OTHER INTERSECTION COLLISIONS,REAR END,STRAIGHT & LEVEL,DAYLIGHT,,,11/2/2020 11:01:52 AM,False,40,Accepted
27637231,1040000,RUSSELL COUNTY SHERIFF DEPT.,Accepted,RUSSELL,US0127,,US127 BUS,,,,,,,,,36.932429147,-85.104801955,8.815,10/23/2020 12:00:00 AM,856.0,1,1,0,0,CLEAR,DRY,False,COLLISION WITH FIXED OBJECT NON - INTERSECTION - FIRST EVENT COLLISION 09 - 32 EXCLUDING 16,SINGLE VEHICLE,CURVE & LEVEL,DAYLIGHT,,,1/5/2021 3:23:52 PM,False,1454,Accepted
27368636,0340200,LEXINGTON POLICE DEPARTMENT,Accepted,FAYETTE,US0025,,GEORGETOWN,RD,,,,,MERCER,KY0004,KY4 EXIT8 RAMP FROM US25,38.075760239,-84.506382096,16.242,10/22/2020 12:00:00 AM,941.0,2,2,0,1,CLEAR,DRY,False,SIDESWIPE COLLISION - SAME DIRECTION,SIDESWIPE-SAME DIRECTION,STRAIGHT & GRADE,DAYLIGHT,,,10/23/2020 10:58:40 AM,False,22512,Accepted
27370429,0730100,PADUCAH POLICE DEPARTMENT,Accepted,MCCRACKEN,I 0024,,,,,,,,,,,37.077317256,-88.680905266,0.104,10/22/2020 12:00:00 AM,1435.0,2,2,0,0,CLOUDY,DRY,False,OTHER RAMP RELATED COLLISIONS NOT LISTED ABOVE,REAR END,STRAIGHT & GRADE,DAYLIGHT,I 0024,US0060,10/23/2020 8:54:45 PM,False,336,Accepted
27366990,0340200,LEXINGTON POLICE DEPARTMENT,Accepted,FAYETTE,,,LIMA,DR,,,,,,,,38.073023492,-84.505425439,0.001,10/22/2020 12:00:00 AM,2105.0,2,2,0,2,CLEAR,DRY,True,SIDESWIPE COLLISION - OPPOSITE DIRECTION,SIDESWIPE-OPPOSITE DIRECTION,STRAIGHT & LEVEL,DARK-HWY LIGHTED/ON,,,10/23/2020 1:26:34 AM,False,58514,Accepted
27608419,1060100,SHELBYVILLE POLICE DEPARTMENT,Accepted,SHELBY,KY0053,1620,MT EDEN,RD,,,,,ST REGIS,,UNDALATA FRONTAGE,38.188177729,-85.211893307,6.352,10/21/2020 12:00:00 AM,2012.0,2,2,0,1,CLEAR,DRY,False,1 VEHICLE ENTERING/LEAVING ENTRANCE,ANGLE,STRAIGHT & LEVEL,DARK (UNKNOWN ROADWAY LIGHTING),,,12/28/2020 10:57:01 AM,False,252,Accepted
27363062,1060100,SHELBYVILLE POLICE DEPARTMENT,Accepted,SHELBY,KY0053,,MOUNT EDEN,RD,,,,,GREENLAND PARK,,CATALPA LN CONN,38.19167027,-85.211244936,6.595,10/21/2020 12:00:00 AM,1115.0,2,2,0,0,CLEAR,DRY,False,OTHER ROADWAY OR MID-BLOCK COLLISION,REAR END,STRAIGHT & LEVEL,DAYLIGHT,,,10/22/2020 6:22:00 AM,False,130,Accepted
27368618,0340200,LEXINGTON POLICE DEPARTMENT,Accepted,FAYETTE,US0060,,VERSAILLES,RD,,,,,HEARTSBROOK,,DELMONT,38.04925598,-84.528557587,6.718,10/21/2020 12:00:00 AM,1417.0,2,2,0,0,CLEAR,DRY,False,OTHER ROADWAY OR MID-BLOCK COLLISION,REAR END,STRAIGHT & LEVEL,DAYLIGHT,,,10/23/2020 10:55:40 AM,False,56413,Accepted
27364971,0630000,LAUREL COUNTY SHERIFF DEPT.,Accepted,LAUREL,I 0075,,I75 S,,,,,,,,,37.150522902,-84.111994512,41.003,10/21/2020 12:00:00 AM,1049.0,1,1,0,0,CLEAR,DRY,False,OTHER ROADWAY OR MID-BLOCK COLLISION,SINGLE VEHICLE,STRAIGHT & LEVEL,DAYLIGHT,,,10/22/2020 2:38:39 PM,False,1136,Accepted
27376799,0970100,HAZARD POLICE DEPARTMENT,Accepted,PERRY,KY0015,,,,,,,,,,,37.271709031,-83.20873316,0.055,10/20/2020 12:00:00 AM,1637.0,2,2,0,1,CLEAR,DRY,False,OTHER RAMP RELATED COLLISIONS NOT LISTED ABOVE,REAR END,STRAIGHT & GRADE,DAYLIGHT,KY0550,KY0015,10/26/2020 8:06:43 AM,False,423,Accepted
27364968,0630000,LAUREL COUNTY SHERIFF DEPT.,Accepted,LAUREL,I 0075,,I75 N,,,,,,,,,36.985993411,-84.109310919,29.506,10/18/2020 12:00:00 AM,1516.0,4,4,0,0,CLOUDY,WET,False,REAR END IN TRAFFIC LANES BOTH VEHICLES MOVING,REAR END,STRAIGHT & HILLCREST,DAYLIGHT,,,10/22/2020 2:37:48 PM,False,1136,Accepted
27405819,0240000,CHRISTIAN COUNTY SHERIFF OFFICE,Accepted,CHRISTIAN,I 0024,,I24 W,,,I 0024,I24 TURN AROUND91,,,,,36.65692313,-87.368932749,91.404,10/18/2020 12:00:00 AM,1445.0,2,2,0,0,RAINING,WET,False,ANGLE COLLISION - OTHER,ANGLE,STRAIGHT & LEVEL,DAYLIGHT,,,11/2/2020 10:34:02 AM,False,622,Accepted
27345551,0730100,PADUCAH POLICE DEPARTMENT,Accepted,MCCRACKEN,I 0024,,,,,,,,,,,37.076380115,-88.679693885,0.197,10/17/2020 12:00:00 AM,1627.0,2,2,0,0,CLEAR,DRY,False,OTHER RAMP RELATED COLLISIONS NOT LISTED ABOVE,ANGLE,STRAIGHT & LEVEL,DAYLIGHT,I 0024,US0060,10/17/2020 11:40:14 PM,False,387,Accepted
27348982,0450500,RUSSELL POLICE DEPARTMENT,Accepted,GREENUP,US0023,,US23,,,,,,,,,38.518038044,-82.6846456,1.438,10/17/2020 12:00:00 AM,1451.0,2,2,0,0,CLEAR,DRY,False,REAR END IN TRAFFIC LANES BOTH VEHICLES MOVING,REAR END,STRAIGHT & LEVEL,DAYLIGHT,,,10/19/2020 7:03:57 AM,False,429,Accepted
27345546,0730100,PADUCAH POLICE DEPARTMENT,Accepted,MCCRACKEN,I 0024,,,,,,,,,,,37.077317341,-88.680997286,0.099,10/17/2020 12:00:00 AM,1909.0,2,2,0,0,CLEAR,DRY,False,OTHER RAMP RELATED COLLISIONS NOT LISTED ABOVE,REAR END,STRAIGHT & GRADE,DARK-HWY LIGHTED/ON,I 0024,US0060,10/17/2020 11:39:47 PM,False,367,Accepted
27572802,0490100,CYNTHIANA POLICE DEPARTMENT,Accepted,HARRISON,,,PLEASANT,ST,E,,,,,,,38.389560904,-84.286999048,0.555,10/17/2020 12:00:00 AM,1148.0,2,2,0,0,CLEAR,DRY,False,1 VEHICLE PARKED POSITION (NOT PARKING LOT/DRIVEWAY),BACKING,STRAIGHT & HILLCREST,DAYLIGHT,,,12/16/2020 12:43:57 PM,False,21,Accepted
27420858,0591300,FT. MITCHELL POLICE DEPARTMENT,Accepted,KENTON,I 0075,,I75 N,,,,,,,,,39.051517087,-84.549383245,187.795,10/16/2020 12:00:00 AM,2300.0,2,2,0,0,CLEAR,DRY,False,OTHER ROADWAY OR MID-BLOCK COLLISION,REAR END,STRAIGHT & GRADE,DARK-HWY LIGHTED/ON,,,11/5/2020 4:05:23 PM,False,FM05,Accepted
27349986,KSP1100,KY STATE POLICE POST 11,Accepted,LAUREL,I 0075,,I75 S,,,,,,,,,37.057234906,-84.097968592,34.522,10/16/2020 12:00:00 AM,1240.0,2,2,0,0,CLEAR,DRY,False,REAR END IN TRAFFIC LANES BOTH VEHICLES MOVING,REAR END,STRAIGHT & LEVEL,DAYLIGHT,,,10/19/2020 10:10:59 AM,False,667,Accepted
27340792,KSP1100,KY STATE POLICE POST 11,Accepted,LAUREL,I 0075,,I75 S,,,,,,,,,37.207143869,-84.170199124,46.229,10/15/2020 12:00:00 AM,700.0,1,1,0,0,CLEAR,DRY,False,OTHER ROADWAY OR MID-BLOCK COLLISION,SINGLE VEHICLE,STRAIGHT & LEVEL,DARK-HWY NOT LIGHTED,,,10/16/2020 11:38:06 AM,False,376,Accepted
27378913,0240000,CHRISTIAN COUNTY SHERIFF OFFICE,Accepted,CHRISTIAN,I 0024,,I24 W,,,I 0024,I24 W REST AREA92 OFF RAMP,,,,,36.650955775,-87.35766588,92.16,10/15/2020 12:00:00 AM,1845.0,2,2,0,1,RAINING,WET,False,ANGLE COLLISION - OTHER,ANGLE,STRAIGHT & LEVEL,DARK-HWY NOT LIGHTED,,,10/26/2020 3:29:59 PM,False,622,Accepted
27335291,0568000,LOUISVILLE METRO POLICE DEPT,Accepted,JEFFERSON,US0150,,BROADWAY,,E,KY0061,PRESTON,,,,,38.245283099,-85.747585514,2.965,10/14/2020 12:00:00 AM,1535.0,2,2,0,0,CLEAR,DRY,False,OTHER INTERSECTION COLLISIONS,REAR END,STRAIGHT & LEVEL,DAYLIGHT,,,10/15/2020 8:09:12 AM,False,7266,Accepted
27354372,0540100,MADISONVILLE POLICE DEPT.,Accepted,HOPKINS,,,MAIN/ISLAND FORD,,,,,,,,,37.348661159,-87.498226781,,10/14/2020 12:00:00 AM,1232.0,2,2,0,0,CLEAR,DRY,False,REAR END IN TRAFFIC LANES BOTH VEHICLES MOVING,REAR END,STRAIGHT & LEVEL,DAYLIGHT,,,10/20/2020 10:14:36 AM,False,58,Accepted
27338029,0340200,LEXINGTON POLICE DEPARTMENT,Accepted,FAYETTE,US0068,,BROADWAY,,S,,,,LEGION,,PARKWAY,38.034861036,-84.52160306,5.225,10/14/2020 12:00:00 AM,1051.0,2,2,0,0,CLEAR,DRY,False,REAR END IN TRAFFIC LANES BOTH VEHICLES MOVING,REAR END,STRAIGHT & LEVEL,DAYLIGHT,,,10/15/2020 6:30:18 PM,False,56413,Accepted
27329956,0450500,RUSSELL POLICE DEPARTMENT,Accepted,GREENUP,US0023,,US23,,,,,,,,,38.516837344,-82.684133417,1.353,10/13/2020 12:00:00 AM,1728.0,2,2,0,0,CLEAR,DRY,False,REAR END IN TRAFFIC LANES BOTH VEHICLES MOVING,REAR END,STRAIGHT & LEVEL,DAYLIGHT,,,10/14/2020 7:20:49 AM,False,420,Accepted
27330470,0080000,BOONE COUNTY SHERIFF DEPT.,Accepted,BOONE,KY0237,,PLEASANT VALLEY,RD,,,,,OAKBROOK,,SOLOMON,38.993929652,-84.697110256,4.148,10/13/2020 12:00:00 AM,748.0,1,1,0,1,FOG,DRY,False,OTHER COLLISIONS ON SHOULDER,SINGLE VEHICLE,CURVE & HILLCREST,DAWN,,,10/14/2020 8:33:00 AM,False,3748,Accepted
27423767,0568000,LOUISVILLE METRO POLICE DEPT,Accepted,JEFFERSON,KY1934,,GREENBELT,HWY,,,RIVERPORT,,,,,38.161187436,-85.881680552,5.501,10/13/2020 12:00:00 AM,845.0,2,2,0,1,FOG,DRY,False,OTHER INTERSECTION COLLISIONS,REAR END,CURVE & LEVEL,DAWN,,,11/6/2020 9:37:35 AM,False,7817,Accepted
27333987,0370200,KY STATE POLICE CVE,Accepted,LAUREL,I 0075,,I75 S,,,,,,,,,37.036369721,-84.098266698,33.071,10/13/2020 12:00:00 AM,2119.0,2,2,0,0,CLEAR,DRY,True,SIDESWIPE COLLISION - OPPOSITE DIRECTION,SIDESWIPE-OPPOSITE DIRECTION,CURVE & GRADE,DARK-HWY NOT LIGHTED,,,10/14/2020 10:39:19 PM,False,C-325,Accepted
27334090,0591300,FT. MITCHELL POLICE DEPARTMENT,Accepted,KENTON,I 0075,,I75 N,,,I 0075,I75 N EXIT186 ON RAMP FROM  BUTTERMILK PIKE,,,,,39.05077123,-84.566766653,186.818,10/13/2020 12:00:00 AM,2031.0,2,2,0,0,CLOUDY,DRY,False,COLLISION WITH PARKED VEHICLE,SIDESWIPE-SAME DIRECTION,STRAIGHT & LEVEL,DARK-HWY LIGHTED/ON,,,10/14/2020 11:23:34 PM,False,FM18,Accepted
27330914,KSP1100,KY STATE POLICE POST 11,Accepted,LAUREL,I 0075,,I75 N,,,,,,,,,37.02653278,-84.098136633,32.364,10/12/2020 12:00:00 AM,1043.0,2,2,0,1,CLOUDY,WET,False,REAR END IN TRAFFIC LANES BOTH VEHICLES MOVING,REAR END,STRAIGHT & LEVEL,DAYLIGHT,,,10/14/2020 9:58:32 AM,False,476,Accepted
27320889,KSP1100,KY STATE POLICE POST 11,Accepted,LAUREL,I 0075,,I75 N,,,,,,,,,36.982605742,-84.110057918,29.27,10/11/2020 12:00:00 AM,1332.0,4,4,0,0,RAINING,WET,False,REAR END IN TRAFFIC LANES BOTH VEHICLES MOVING,REAR END,STRAIGHT & GRADE,DAYLIGHT,,,10/12/2020 10:12:12 AM,False,476,Accepted
27323899,0730000,MCCRACKEN COUNTY SHERIFF DEPT.,Accepted,MCCRACKEN,I 0024,,I24 E,,,,,,,,,37.132038647,-88.687733175,0.492,10/11/2020 12:00:00 AM,1336.0,2,2,0,0,CLEAR,DRY,False,REAR END IN TRAFFIC LANES BOTH VEHICLES MOVING,REAR END,STRAIGHT & LEVEL,DAYLIGHT,,,10/12/2020 11:42:36 PM,False,43,Accepted
27323707,0630000,LAUREL COUNTY SHERIFF DEPT.,Accepted,LAUREL,I 0075,,I75 N,,,,,,,,,36.980628747,-84.110326939,29.126,10/10/2020 12:00:00 AM,1830.0,2,2,0,0,CLEAR,DRY,False,SIDESWIPE COLLISION - SAME DIRECTION,SIDESWIPE-SAME DIRECTION,STRAIGHT & LEVEL,DAYLIGHT,,,10/12/2020 10:17:55 PM,False,1123,Accepted
27352393,0630000,LAUREL COUNTY SHERIFF DEPT.,Accepted,LAUREL,I 0075,,I75 S,,,,,,,,,37.211853374,-84.184078,47.062,10/10/2020 12:00:00 AM,1623.0,2,2,0,2,RAINING,WET,False,SIDESWIPE COLLISION - SAME DIRECTION,SIDESWIPE-SAME DIRECTION,STRAIGHT & GRADE,DAYLIGHT,,,10/19/2020 9:39:32 PM,False,1123,Accepted
27320444,0568000,LOUISVILLE METRO POLICE DEPT,Accepted,JEFFERSON,I 0265,,I265 N,,,,,I 0071,I71 N,I 0071,I71 S,38.314695864,-85.581339856,34.689,10/9/2020 12:00:00 AM,1701.0,2,2,0,0,CLOUDY,DRY,False,OTHER ROADWAY OR MID-BLOCK COLLISION,REAR END,STRAIGHT & LEVEL,DAYLIGHT,,,10/12/2020 9:05:49 AM,False,7751,Accepted
27327973,0340200,LEXINGTON POLICE DEPARTMENT,Accepted,FAYETTE,US0060,2331,VERSAILLES,RD,,,,KY1968,PARKERS MILL,,BORDEAUX,38.046708286,-84.553945141,5.259,10/9/2020 12:00:00 AM,1205.0,2,2,0,0,CLEAR,DRY,False,1 VEHICLE ENTERING/LEAVING ENTRANCE,ANGLE,STRAIGHT & LEVEL,DAYLIGHT,,,10/13/2020 6:14:10 PM,False,56412,Accepted
27389922,0340200,LEXINGTON POLICE DEPARTMENT,Accepted,FAYETTE,US0060,,VERSAILLES,RD,,,,,MASON HEADLEY,,VILLAGE,38.047379546,-84.54541447,5.763,10/9/2020 12:00:00 AM,1435.0,3,3,0,1,CLOUDY,DRY,True,OTHER ROADWAY OR MID-BLOCK COLLISION,REAR END,STRAIGHT & GRADE,DAYLIGHT,,,10/28/2020 9:11:14 PM,False,22512,Accepted
27323895,0730000,MCCRACKEN COUNTY SHERIFF DEPT.,Accepted,MCCRACKEN,I 0024,,I24 E,,,,,,,,,37.126234162,-88.689802107,0.909,10/9/2020 12:00:00 AM,1811.0,2,2,0,0,CLOUDY,DRY,False,SIDESWIPE COLLISION - SAME DIRECTION,SIDESWIPE-SAME DIRECTION,STRAIGHT & LEVEL,DUSK,,,10/12/2020 11:42:29 PM,False,43,Accepted
27318720,KSP0700,KY STATE POLICE POST 07,Accepted,ESTILL,KY0089,,WINCHESTER,RD,,,,,,,,37.749739676,-83.996637743,15.168,10/8/2020 12:00:00 AM,1400.0,2,2,0,0,CLOUDY,DRY,False,1 VEHICLE PARKED POSITION (NOT PARKING LOT/DRIVEWAY),REAR END,STRAIGHT & LEVEL,DAYLIGHT,,,10/11/2020 11:22:03 PM,False,481,Accepted
27306362,0340200,LEXINGTON POLICE DEPARTMENT,Accepted,FAYETTE,,,PIMLICO,PKWY,,,,,CENTRE,,GAINESWAY,37.983775392,-84.473980422,1.805,10/7/2020 12:00:00 AM,1413.0,2,2,0,0,CLEAR,DRY,False,OTHER ROADWAY OR MID-BLOCK COLLISION,REAR END,STRAIGHT & GRADE,DAYLIGHT,,,10/8/2020 8:20:34 AM,False,47057,Accepted
27309835,0080000,BOONE COUNTY SHERIFF DEPT.,Accepted,BOONE,KY0237,,PLEASANT VALLEY,RD,,,,,OAKBROOK,,SOLOMON,38.994214678,-84.697188597,4.167,10/6/2020 12:00:00 AM,1645.0,1,1,0,2,CLEAR,DRY,False,OTHER COLLISIONS ON SHOULDER,SINGLE VEHICLE,CURVE & GRADE,DAYLIGHT,,,10/9/2020 1:57:54 AM,False,3207,Accepted
27301349,0568000,LOUISVILLE METRO POLICE DEPT,Accepted,JEFFERSON,US0042,,MELLWOOD,AVE,,,SPRING,,,,,38.255550097,-85.722278262,0.583,10/5/2020 12:00:00 AM,1330.0,2,1,0,1,CLEAR,DRY,False,COLLISION WITH BICYCLE IN INTERSECTION,SINGLE VEHICLE,STRAIGHT & LEVEL,DAYLIGHT,,,10/7/2020 8:14:53 AM,False,5320,Accepted
27297306,0240000,CHRISTIAN COUNTY SHERIFF OFFICE,Accepted,CHRISTIAN,I 0024,,I24 E,,,,,,,,,36.683532881,-87.408301432,88.525,10/5/2020 12:00:00 AM,1310.0,2,2,0,3,CLEAR,DRY,False,REAR END IN TRAFFIC LANES BOTH VEHICLES MOVING,REAR END,STRAIGHT & LEVEL,DAYLIGHT,,,10/6/2020 10:47:55 AM,False,650A,Accepted
27900151,0730000,MCCRACKEN COUNTY SHERIFF DEPT.,Accepted,MCCRACKEN,I 0024,,I24 E,,,,,,,,,37.131474883,-88.687865311,0.532,10/3/2020 12:00:00 AM,1225.0,3,3,1,2,CLEAR,DRY,False,REAR END IN TRAFFIC LANES BOTH VEHICLES MOVING,REAR END,STRAIGHT & LEVEL,DAYLIGHT,,,3/18/2021 9:10:59 AM,False,26,Accepted
27286665,0340200,LEXINGTON POLICE DEPARTMENT,Accepted,FAYETTE,KY0004,,NEW CIRCLE,RD,W,,,,,,,38.071276669,-84.477394041,10.318,10/3/2020 12:00:00 AM,1431.0,2,2,0,0,CLEAR,DRY,False,SIDESWIPE COLLISION - SAME DIRECTION,SIDESWIPE-SAME DIRECTION,STRAIGHT & LEVEL,DAYLIGHT,,,10/3/2020 5:20:51 PM,False,55316,Accepted
27285555,0300100,OWENSBORO POLICE DEPARTMENT,Accepted,DAVIESS,,,WALNUT,ST,,,12TH,,,,,37.764336441,-87.117325602,0.781,10/2/2020 12:00:00 AM,1250.0,2,2,0,0,CLEAR,DRY,False,ANGLE COLLISION - OTHER,ANGLE,STRAIGHT & LEVEL,DAYLIGHT,,,10/3/2020 3:17:14 PM,False,393,Accepted
27282266,0568000,LOUISVILLE METRO POLICE DEPT,Accepted,JEFFERSON,I 0265,,I265 W,,,,,,,,,38.193378177,-85.508846534,23.414,10/2/2020 12:00:00 AM,559.0,2,2,0,0,CLEAR,DRY,False,SIDESWIPE COLLISION - SAME DIRECTION,SIDESWIPE-SAME DIRECTION,STRAIGHT & LEVEL,DARK-HWY LIGHTED/ON,,,10/2/2020 12:52:02 PM,False,4903,Accepted
27284524,0340200,LEXINGTON POLICE DEPARTMENT,Accepted,FAYETTE,KY0004,,NEW CIRCLE,RD,W,,,,COLESBURY,KY0004,KY4 EXIT9B RAMP TO KY922 N,38.074038428,-84.491172884,9.555,10/2/2020 12:00:00 AM,2359.0,1,1,0,0,CLOUDY,DRY,False,COLLISION WITH FIXED OBJECT NON - INTERSECTION - FIRST EVENT COLLISION 09 - 32 EXCLUDING 16,SINGLE VEHICLE,STRAIGHT & LEVEL,DARK-HWY LIGHTED/ON,,,10/3/2020 2:57:48 AM,False,49204,Accepted
27285980,0080000,BOONE COUNTY SHERIFF DEPT.,Accepted,BOONE,KY0237,,GUNPOWDER,RD,,,CARSPEN,,,,,38.954193409,-84.651182144,0.13,10/1/2020 12:00:00 AM,2106.0,2,2,0,0,CLOUDY,DRY,False,VEHICLE BACKING IN INTERSECTION,BACKING,STRAIGHT & LEVEL,DARK-HWY NOT LIGHTED,,,10/3/2020 3:58:21 PM,False,3709,Accepted