IncidentID,AgencyORI,AgencyName,IncidentStatusDesc,County,RdwyNumber,Street,RoadwayName,StreetSfx,StreetDir,IntersectionRdwy,IntersectionRdwyName,BetweenStRdwy1,BetweenStRdwyName1,BetweenStRdwy2,BetweenStRdwyName2,Latitude,Longitude,Milepoint,CollisionDate,CollisionTime,UnitsInvolved,MotorVehiclesInvolved,NumberKilled,NumberInjured,Weather,RdwyConditionCode,HitandRun,DirAnalysisCode,MannerofCollision,RdwyCharacter,LightCondition,RampFromRdwyId,RampToRdwyId,AcceptedDate,IsSecondaryCollision,OwnerBadge,IncidentStatus
27302038,0420000,GRAVES COUNTY SHERIFF DEPT.,Accepted,GRAVES,US0045,2580,US45,,N,,,,,,,36.777042241,-88.644112734,19.735,10/1/2020 12:00:00 AM,747.0,2,2,0,0,CLEAR,DRY,False,REAR END IN TRAFFIC LANES BOTH VEHICLES MOVING,REAR END,STRAIGHT & LEVEL,DAYLIGHT,,,10/7/2020 10:46:01 AM,False,18,Accepted
27311419,KSP3200,KY STATE POLICE DESI WEST,Accepted,JEFFERSON,I 0064,,,,,,,,,,,38.277108427,-85.807515862,0.029,10/1/2020 12:00:00 AM,1330.0,3,3,0,0,CLOUDY,DRY,False,OTHER RAMP RELATED COLLISIONS NOT LISTED ABOVE,REAR END,STRAIGHT & LEVEL,DAYLIGHT,I 0064,I 0264,10/9/2020 10:28:07 AM,False,144,Accepted
27317369,0730000,MCCRACKEN COUNTY SHERIFF DEPT.,Accepted,MCCRACKEN,I 0024,,I24 W,,,,,,,,,37.128032256,-88.689011353,0.78,9/30/2020 12:00:00 AM,1625.0,2,2,0,0,CLEAR,DRY,False,REAR END IN TRAFFIC LANES BOTH VEHICLES MOVING,REAR END,STRAIGHT & LEVEL,DAYLIGHT,,,10/11/2020 12:05:57 PM,False,26,Accepted
27292945,KSP0200,KY STATE POLICE POST 02,Accepted,MUHLENBERG,US0431,,US431,,,,,,,,,37.233444276,-87.064412471,12.962,9/29/2020 12:00:00 AM,1212.0,3,3,0,2,CLEAR,DRY,False,REAR END IN TRAFFIC LANES BOTH VEHICLES MOVING,REAR END,STRAIGHT & HILLCREST,DAYLIGHT,,,10/5/2020 1:36:57 PM,False,494,Accepted
27284025,KSP0100,KY STATE POLICE POST 01,Accepted,TRIGG,I 0024,,I24 W,,,,,,,,,36.916671728,-87.790994221,61.428,9/29/2020 12:00:00 AM,1700.0,6,6,0,5,CLEAR,DRY,False,OTHER ROADWAY OR MID-BLOCK COLLISION,REAR TO REAR,STRAIGHT & GRADE,DAYLIGHT,,,10/2/2020 11:32:16 PM,False,991,Accepted
27272403,0568000,LOUISVILLE METRO POLICE DEPT,Accepted,JEFFERSON,,,PARK,RD,S,,STINNETT,,,,,38.117154907,-85.729716722,3.082,9/29/2020 12:00:00 AM,1309.0,2,2,0,0,CLEAR,DRY,False,OPPOSITE DIRECTION - BOTH VEHICLES GOING STRAIGHT AHEAD,SIDESWIPE-OPPOSITE DIRECTION,CURVE & HILLCREST,DAYLIGHT,,,9/30/2020 8:43:54 AM,False,7669,Accepted
27276785,0591300,FT. MITCHELL POLICE DEPARTMENT,Accepted,KENTON,I 0075,,I75 S,,,,,,,,,39.052773145,-84.547921186,187.904,9/28/2020 12:00:00 AM,1453.0,2,2,0,0,RAINING,WET,False,SIDESWIPE COLLISION - SAME DIRECTION,SIDESWIPE-SAME DIRECTION,STRAIGHT & GRADE,DAYLIGHT,,,10/1/2020 8:00:11 AM,False,FM14,Accepted
27276787,0591300,FT. MITCHELL POLICE DEPARTMENT,Accepted,KENTON,I 0075,,I75 N,,,,,,,,,39.05161963,-84.560128218,187.202,9/28/2020 12:00:00 AM,1346.0,2,2,0,0,RAINING,WET,False,SIDESWIPE COLLISION - SAME DIRECTION,SIDESWIPE-SAME DIRECTION,STRAIGHT & GRADE,DAYLIGHT,,,10/1/2020 8:00:26 AM,False,FM14,Accepted
27282115,0630000,LAUREL COUNTY SHERIFF DEPT.,Accepted,LAUREL,I 0075,,I75 N,,,,,,,,,36.964169008,-84.114057361,27.976,9/28/2020 12:00:00 AM,2119.0,1,1,0,0,RAINING,WET,False,OTHER ROADWAY OR MID-BLOCK COLLISION,SINGLE VEHICLE,STRAIGHT & LEVEL,DARK-HWY LIGHTED/ON,,,10/2/2020 12:25:33 PM,False,1136,Accepted
27291370,0620000,LARUE COUNTY SHERIFF,Accepted,LARUE,US0031E,,BARDSTOWN,RD,,,,,,,,37.572968823,-85.73123495,10.599,9/27/2020 12:00:00 AM,1549.0,1,1,0,0,CLEAR,DRY,False,OTHER COLLISIONS ON SHOULDER,SINGLE VEHICLE,CURVE & LEVEL,DAYLIGHT,,,10/5/2020 8:47:46 AM,False,123,Accepted
27260169,0340200,LEXINGTON POLICE DEPARTMENT,Accepted,FAYETTE,KY0004,,NEW CIRCLE,RD,W,,,,COLESBURY,KY0004,KY4 EXIT9B RAMP TO KY922 N,38.073791299,-84.489551686,9.643,9/27/2020 12:00:00 AM,918.0,2,2,0,0,CLEAR,DRY,False,REAR END IN TRAFFIC LANES BOTH VEHICLES MOVING,REAR END,STRAIGHT & LEVEL,DAYLIGHT,,,9/27/2020 12:49:24 PM,False,54251,Accepted
27260002,0591300,FT. MITCHELL POLICE DEPARTMENT,Accepted,KENTON,I 0075,,I75 N,,,,,,,,,39.048071866,-84.572998311,186.423,9/26/2020 12:00:00 AM,1520.0,2,2,0,0,CLOUDY,DRY,False,REAR END IN TRAFFIC LANES BOTH VEHICLES MOVING,REAR END,STRAIGHT & LEVEL,DAYLIGHT,,,9/27/2020 9:44:30 AM,False,FM06,Accepted
27267227,1090000,TAYLOR COUNTY SHERIFF DEPT.,Accepted,TAYLOR,KY0055,,NEW COLUMBIA,RD,,,,,,,,37.239983743,-85.34671562,2.547,9/26/2020 12:00:00 AM,2254.0,1,1,0,0,CLEAR,DRY,False,OTHER ROADWAY OR MID-BLOCK COLLISION,SINGLE VEHICLE,STRAIGHT & HILLCREST,DARK-HWY NOT LIGHTED,,,9/29/2020 8:05:17 AM,False,1509,Accepted
27262779,0970100,HAZARD POLICE DEPARTMENT,Accepted,PERRY,KY0015,,KY15,,N,,,,,,,37.279464892,-83.21652301,14.47,9/26/2020 12:00:00 AM,2025.0,1,1,0,0,CLEAR,DRY,False,RAN OFF ROADWAY (1 VEHICLE WITH/EARTH EMBANKMENT/DITCH),SINGLE VEHICLE,STRAIGHT & GRADE,DARK (UNKNOWN ROADWAY LIGHTING),,,9/28/2020 8:37:00 AM,False,411,Accepted
27254278,0591300,FT. MITCHELL POLICE DEPARTMENT,Accepted,KENTON,I 0075,,I75 N,,,,,,,,,39.051403065,-84.56250793,187.066,9/25/2020 12:00:00 AM,942.0,2,2,0,0,CLOUDY,DRY,False,REAR END IN TRAFFIC LANES BOTH VEHICLES MOVING,REAR END,STRAIGHT & HILLCREST,DAYLIGHT,,,9/25/2020 10:37:52 AM,False,FM06,Accepted
27278912,1020000,ROCKCASTLE COUNTY SHERIFF DEPT,Accepted,ROCKCASTLE,I 0075,,I75 N,,,,,,,,,37.341129184,-84.307282654,58.928,9/25/2020 12:00:00 AM,700.0,2,2,0,0,CLOUDY,DRY,False,SIDESWIPE COLLISION - SAME DIRECTION,SIDESWIPE-SAME DIRECTION,CURVE & GRADE,DAYLIGHT,,,10/1/2020 4:24:41 PM,False,1113,Accepted
27253582,0080000,BOONE COUNTY SHERIFF DEPT.,Accepted,BOONE,KY0018,,BURLINGTON,PIKE,,,,,KENNER,KY0018,KY18 CROSSOVER,39.016236691,-84.677838888,13.125,9/24/2020 12:00:00 AM,1415.0,2,2,0,0,CLEAR,DRY,False,OTHER ROADWAY OR MID-BLOCK COLLISION,REAR END,STRAIGHT & GRADE,DAYLIGHT,,,9/25/2020 8:01:48 AM,False,3721,Accepted
27279327,KSP0100,KY STATE POLICE POST 01,Accepted,TRIGG,I 0024,,I24 W,,,,,,,,,36.893231313,-87.753309309,64.066,9/24/2020 12:00:00 AM,1830.0,1,1,0,0,RAINING,WET,False,OTHER COLLISIONS ON SHOULDER,SINGLE VEHICLE,CURVE & LEVEL,DARK-HWY NOT LIGHTED,,,10/1/2020 6:35:18 PM,False,410,Accepted
27330961,0390000,GALLATIN COUNTY SHERIFF DEPT.,Accepted,GALLATIN,I 0071,,I71 S,,,,,,,,,38.691520055,-84.93905562,54.966,9/23/2020 12:00:00 AM,1600.0,2,2,0,0,CLEAR,DRY,False,1 VEHICLE ENTERING/LEAVING ENTRANCE,ANGLE,STRAIGHT & LEVEL,DAYLIGHT,,,10/14/2020 10:02:51 AM,False,107,Accepted
27261690,1110000,TRIGG COUNTY SHERIFF DEPT.,Accepted,TRIGG,I 0024,,I24 E,,,,,,,,,36.892051663,-87.751594912,64.189,9/23/2020 12:00:00 AM,830.0,1,1,0,0,CLEAR,DRY,False,COLLISION WITH FIXED OBJECT NON - INTERSECTION - FIRST EVENT COLLISION 09 - 32 EXCLUDING 16,SINGLE VEHICLE,STRAIGHT & LEVEL,DAYLIGHT,,,9/28/2020 1:43:31 AM,False,207,Accepted
27243523,0340200,LEXINGTON POLICE DEPARTMENT,Accepted,FAYETTE,US0025,,GEORGETOWN,RD,,,,,BRIARWOOD,,NANDINO,38.080409061,-84.508491073,16.58,9/22/2020 12:00:00 AM,1242.0,2,2,0,0,CLEAR,DRY,False,SIDESWIPE COLLISION - SAME DIRECTION,SIDESWIPE-SAME DIRECTION,STRAIGHT & LEVEL,DAYLIGHT,,,9/22/2020 6:53:18 PM,False,56413,Accepted
27244610,0730100,PADUCAH POLICE DEPARTMENT,Accepted,MCCRACKEN,I 0024,3MM,I24 E,,,,,,,,,37.094540135,-88.687242536,3.167,9/22/2020 12:00:00 AM,1600.0,2,2,0,1,CLEAR,DRY,False,SIDESWIPE COLLISION - SAME DIRECTION,SIDESWIPE-SAME DIRECTION,STRAIGHT & LEVEL,DAYLIGHT,,,9/23/2020 2:03:52 AM,False,340,Accepted
27243522,0340200,LEXINGTON POLICE DEPARTMENT,Accepted,FAYETTE,US0060,,VERSAILLES,RD,,,,,VILLAGE,,ALEXANDRIA,38.046984643,-84.549826167,5.535,9/22/2020 12:00:00 AM,1154.0,2,2,0,0,CLEAR,DRY,False,OTHER ROADWAY OR MID-BLOCK COLLISION,REAR END,STRAIGHT & LEVEL,DAYLIGHT,,,9/22/2020 6:53:14 PM,False,56413,Accepted
27243524,0340200,LEXINGTON POLICE DEPARTMENT,Accepted,FAYETTE,US0060,,VERSAILLES,RD,,,,,HALLS,,CISCO,38.049445999,-84.526385197,6.847,9/22/2020 12:00:00 AM,1344.0,2,2,0,0,CLEAR,DRY,False,OTHER ROADWAY OR MID-BLOCK COLLISION,REAR END,STRAIGHT & LEVEL,DAYLIGHT,,,9/22/2020 6:53:21 PM,False,56413,Accepted
27240428,0080000,BOONE COUNTY SHERIFF DEPT.,Accepted,BOONE,I 0275,,I275 W,,,,,,,,,39.087438497,-84.756733986,9.639,9/21/2020 12:00:00 AM,307.0,1,1,0,0,CLEAR,DRY,False,OTHER ROADWAY OR MID-BLOCK COLLISION,SINGLE VEHICLE,STRAIGHT & LEVEL,DARK-HWY NOT LIGHTED,,,9/22/2020 6:50:12 AM,False,3753,Accepted
27233076,0591300,FT. MITCHELL POLICE DEPARTMENT,Accepted,KENTON,I 0075,,I75 N,,,,,I 0075,I75 N EXIT186 ON RAMP FROM  BUTTERMILK PIKE,I 0075,I75 N EXIT188 OFF RAMP TO  DIXIE HWY,39.051634145,-84.560041486,187.207,9/19/2020 12:00:00 AM,2302.0,2,2,0,0,CLEAR,DRY,False,REAR END IN TRAFFIC LANES BOTH VEHICLES MOVING,REAR END,STRAIGHT & LEVEL,DARK-HWY LIGHTED/ON,,,9/20/2020 3:48:05 PM,False,FM16,Accepted
27230929,0590400,FT. WRIGHT POLICE DEPARTMENT,Accepted,KENTON,I 0075,,I75 S,,,,,I 0075,I75 S EXIT189 OFF RAMP TO  KYLES LN,I 0075,I75 S EXIT189 ON RAMP FROM  KYLES LN,39.060570463,-84.532929712,188.911,9/19/2020 12:00:00 AM,1056.0,2,2,0,0,CLEAR,DRY,False,REAR END IN TRAFFIC LANES BOTH VEHICLES MOVING,REAR END,STRAIGHT & HILLCREST,DAYLIGHT,,,9/19/2020 7:44:47 PM,False,409,Accepted
27241304,0300000,DAVIESS COUNTY SHERIFF DEPT.,Accepted,DAVIESS,US0431,7200,US431,,,,,,,,,37.68024335,-87.130545019,7.942,9/18/2020 12:00:00 AM,745.0,2,2,0,2,CLEAR,DRY,False,REAR END IN TRAFFIC LANES BOTH VEHICLES MOVING,REAR END,STRAIGHT & LEVEL,DAYLIGHT,,,9/22/2020 10:46:46 AM,False,1130,Accepted
27255640,0080000,BOONE COUNTY SHERIFF DEPT.,Accepted,BOONE,I 0275,,I275 W,,,,,,,,,39.080429934,-84.718858211,7.526,9/18/2020 12:00:00 AM,1013.0,2,2,0,1,CLEAR,DRY,False,1 VEHICLE ENTERING/LEAVING ENTRANCE,ANGLE,STRAIGHT & LEVEL,DAYLIGHT,,,9/25/2020 5:21:55 PM,False,3758,Accepted
27228749,0591000,LAKESIDE PK/CRESTVIEW HILLS PD,Accepted,KENTON,I 0275,,I275 W,,,,,,,,,39.031324983,-84.583373241,82.875,9/18/2020 12:00:00 AM,1111.0,2,2,0,1,CLEAR,DRY,False,REAR END IN TRAFFIC LANES BOTH VEHICLES MOVING,REAR END,CURVE & LEVEL,DAYLIGHT,,,9/18/2020 11:11:38 PM,False,1403,Accepted
27235344,0450500,RUSSELL POLICE DEPARTMENT,Accepted,GREENUP,US0023,,US23,,,,,,,,,38.526160456,-82.689820885,2.072,9/18/2020 12:00:00 AM,1902.0,2,2,0,0,CLEAR,DRY,False,SIDESWIPE COLLISION - SAME DIRECTION,SIDESWIPE-SAME DIRECTION,STRAIGHT & LEVEL,DAYLIGHT,,,9/21/2020 6:48:28 AM,False,426,Accepted
27227987,0590300,ERLANGER POLICE DEPARTMENT,Accepted,KENTON,I 0275,,I275 W,,,,,,,,,39.032115711,-84.589122531,83.188,9/18/2020 12:00:00 AM,717.0,2,2,0,0,CLEAR,DRY,True,SIDESWIPE COLLISION - SAME DIRECTION,SIDESWIPE-SAME DIRECTION,STRAIGHT & LEVEL,DAYLIGHT,,,9/18/2020 5:23:26 PM,False,164,Accepted
27264417,0590400,FT. WRIGHT POLICE DEPARTMENT,Accepted,KENTON,I 0075,,I75 N,,,,,I 0075,I75 N EXIT189 ON RAMP FROM  KYLES LN,I 0075,I75 N EXIT191 OFF RAMP TO KY1120,39.066872561,-84.520601025,189.78,9/17/2020 12:00:00 AM,624.0,2,2,0,0,FOG,DRY,False,REAR END IN TRAFFIC LANES BOTH VEHICLES MOVING,REAR END,STRAIGHT & GRADE,DARK-HWY LIGHTED/ON,,,9/28/2020 1:45:12 PM,False,409,Accepted
27219956,0930400,OLDHAM COUNTY POLICE DEPT.,Accepted,OLDHAM,I 0071,,I71 N,,,,,,,,,38.335464331,-85.526311116,12.433,9/16/2020 12:00:00 AM,640.0,5,5,0,0,CLEAR,DRY,False,1 VEHICLE PARKED POSITION (NOT PARKING LOT/DRIVEWAY),REAR END,STRAIGHT & GRADE,DARK-HWY NOT LIGHTED,,,9/16/2020 10:16:53 PM,False,3052,Accepted
27326123,0720200,EDDYVILLE POLICE DEPARTMENT,Accepted,LYON,I 0024,,I24 E,,,,,,,,,36.980216298,-87.910884219,53.431,9/15/2020 12:00:00 AM,2030.0,1,1,0,0,CLEAR,DRY,False,RAN OFF ROADWAY (1 VEHICLE WITH/EARTH EMBANKMENT/DITCH),SINGLE VEHICLE,STRAIGHT & LEVEL,DARK-HWY NOT LIGHTED,,,10/13/2020 11:56:54 AM,False,107,Accepted
27211350,0590100,COVINGTON POLICE DEPARTMENT,Accepted,KENTON,I 0075,,I75 N,,,,,,,,,39.06626997,-84.520777575,189.739,9/15/2020 12:00:00 AM,613.0,3,3,0,0,CLEAR,DRY,False,REAR END IN TRAFFIC LANES BOTH VEHICLES MOVING,REAR END,CURVE & GRADE,DARK-HWY LIGHTED/ON,,,9/15/2020 7:44:28 AM,False,0265,Accepted
27216256,0590100,COVINGTON POLICE DEPARTMENT,Accepted,KENTON,I 0075,,I75 S,,,,,,,,,39.076519123,-84.519937431,190.457,9/15/2020 12:00:00 AM,1100.0,2,2,0,0,CLEAR,DRY,False,SIDESWIPE COLLISION - SAME DIRECTION,SIDESWIPE-SAME DIRECTION,STRAIGHT & LEVEL,DAYLIGHT,,,9/16/2020 6:47:20 AM,False,0254,Accepted
27209927,0591300,FT. MITCHELL POLICE DEPARTMENT,Accepted,KENTON,I 0075,,I75 N,,,,,,,,,39.047370592,-84.574027455,186.348,9/14/2020 12:00:00 AM,1345.0,2,2,0,0,CLEAR,DRY,False,REAR END IN TRAFFIC LANES BOTH VEHICLES MOVING,REAR END,STRAIGHT & LEVEL,DAYLIGHT,,,9/14/2020 9:37:14 PM,False,FM11,Accepted
27211339,0590100,COVINGTON POLICE DEPARTMENT,Accepted,KENTON,I 0075,,I75 N,,,,,,,,,39.063275406,-84.523057333,189.505,9/14/2020 12:00:00 AM,1845.0,2,2,0,0,CLEAR,DRY,False,REAR END IN TRAFFIC LANES BOTH VEHICLES MOVING,REAR END,STRAIGHT & GRADE,DAYLIGHT,,,9/15/2020 7:39:57 AM,False,0254,Accepted
27211345,0590100,COVINGTON POLICE DEPARTMENT,Accepted,KENTON,I 0075,191.0,I75 S,,,,,,,,,39.087229045,-84.522849351,191.29,9/14/2020 12:00:00 AM,1403.0,4,4,0,0,CLEAR,DRY,True,REAR END IN TRAFFIC LANES BOTH VEHICLES MOVING,REAR END,STRAIGHT & LEVEL,DAYLIGHT,,,9/15/2020 7:40:22 AM,False,0286,Accepted
27215777,0190200,CAMPBELL COUNTY POLICE DEPT.,Accepted,CAMPBELL,I 0275,,I275 E,,,,,I 0275,73 MP TURN AROUND,,KY/OH STATE LINE,39.056939381,-84.430826495,,9/14/2020 12:00:00 AM,2316.0,2,2,0,0,CLEAR,DRY,False,REAR END IN TRAFFIC LANES BOTH VEHICLES MOVING,REAR END,STRAIGHT & LEVEL,DARK-HWY LIGHTED/ON,,,9/16/2020 1:52:23 AM,False,672,Accepted
27220917,0590000,KENTON COUNTY SHERIFF DEPT.,Accepted,KENTON,I 0275,,I275 W,,,,,,,,,39.040900779,-84.610606592,0.737,9/14/2020 12:00:00 AM,2340.0,2,2,0,0,CLEAR,DRY,False,1 VEHICLE PARKED POSITION (NOT PARKING LOT/DRIVEWAY),REAR END,STRAIGHT & LEVEL,DARK-HWY LIGHTED/ON,,,9/17/2020 5:58:48 AM,False,414,Accepted
27211346,0590100,COVINGTON POLICE DEPARTMENT,Accepted,KENTON,I 0075,,I75 S,,,,,,,,,39.088528885,-84.522756412,191.382,9/14/2020 12:00:00 AM,2026.0,2,2,0,0,CLEAR,DRY,True,SIDESWIPE COLLISION - SAME DIRECTION,SIDESWIPE-SAME DIRECTION,STRAIGHT & LEVEL,DARK-HWY LIGHTED/ON,,,9/15/2020 7:40:26 AM,False,0292,Accepted
27206733,0590100,COVINGTON POLICE DEPARTMENT,Accepted,KENTON,I 0075,,I75 N,,,,,,,,,39.06550416,-84.520772001,189.694,9/13/2020 12:00:00 AM,200.0,1,1,0,0,RAINING,WET,False,RAN OFF ROADWAY (1 VEHICLE WITH/EARTH EMBANKMENT/DITCH),SINGLE VEHICLE,CURVE & GRADE,DARK-HWY LIGHTED/ON,,,9/14/2020 8:42:56 AM,False,0287,Accepted
27202013,0591300,FT. MITCHELL POLICE DEPARTMENT,Accepted,KENTON,I 0075,,I75 N,,,,,,,,,39.051542628,-84.559371814,187.244,9/12/2020 12:00:00 AM,1645.0,2,2,0,0,CLEAR,DRY,False,OTHER ROADWAY OR MID-BLOCK COLLISION,REAR END,STRAIGHT & GRADE,DAYLIGHT,,,9/12/2020 6:27:19 PM,False,FM05,Accepted
27203599,0591700,EDGEWOOD POLICE DEPARTMENT,Accepted,KENTON,I 0075,,I75 N,,,,,I 0075,I75 N EXIT185 ON RAMP FROM I275,I 0075,I75 N EXIT186 OFF RAMP TO  BUTTERMILK PIKE,39.042218117,-84.581454252,185.798,9/12/2020 12:00:00 AM,1745.0,2,2,0,0,CLOUDY,DRY,False,OTHER ROADWAY OR MID-BLOCK COLLISION,REAR END,STRAIGHT & LEVEL,DAYLIGHT,,,9/13/2020 9:36:09 AM,False,14,Accepted
27206566,0568000,LOUISVILLE METRO POLICE DEPT,Accepted,JEFFERSON,KY1020,,3RD,ST,S,,CENTRAL,,,,,38.204752711,-85.763939157,9.471,9/11/2020 12:00:00 AM,850.0,2,2,0,0,CLOUDY,DRY,True,SIDESWIPE-SAME DIRECTION,SIDESWIPE-SAME DIRECTION,STRAIGHT & LEVEL,DAYLIGHT,,,9/14/2020 8:20:47 AM,False,5299,Accepted
27204333,0080000,BOONE COUNTY SHERIFF DEPT.,Accepted,BOONE,US0042,,US42,,,KY0536,MT ZION,,,,,38.945350892,-84.67619879,10.071,9/11/2020 12:00:00 AM,1638.0,2,1,0,0,CLOUDY,DRY,False,OTHER INTERSECTION COLLISIONS,SINGLE VEHICLE,STRAIGHT & LEVEL,DAYLIGHT,,,9/13/2020 5:04:29 PM,False,3759,Accepted
27207778,0590100,COVINGTON POLICE DEPARTMENT,Accepted,KENTON,I 0075,,I75 S,,,,,,,,,39.071467539,-84.519332928,190.089,9/11/2020 12:00:00 AM,1734.0,2,2,0,0,CLEAR,DRY,False,SIDESWIPE COLLISION - SAME DIRECTION,SIDESWIPE-SAME DIRECTION,STRAIGHT & GRADE,DAYLIGHT,,,9/14/2020 11:46:29 AM,False,0254,Accepted
27227840,0591000,LAKESIDE PK/CRESTVIEW HILLS PD,Accepted,KENTON,I 0275,,I275 W,,,,,,,,,39.025608644,-84.559820237,81.521,9/11/2020 12:00:00 AM,1505.0,2,2,0,0,CLOUDY,DRY,False,REAR END IN TRAFFIC LANES BOTH VEHICLES MOVING,REAR END,STRAIGHT & GRADE,DAYLIGHT,,,9/18/2020 4:51:34 PM,False,1426,Accepted
27199678,0591300,FT. MITCHELL POLICE DEPARTMENT,Accepted,KENTON,I 0075,,I75 N,,,,,,,,,39.05156134,-84.560781863,187.165,9/11/2020 12:00:00 AM,1923.0,2,2,0,1,CLOUDY,DRY,False,REAR END IN TRAFFIC LANES BOTH VEHICLES MOVING,REAR END,STRAIGHT & LEVEL,DAYLIGHT,,,9/11/2020 10:16:28 PM,False,FM07,Accepted
27208509,0591000,LAKESIDE PK/CRESTVIEW HILLS PD,Accepted,KENTON,I 0275,,I275 W,,,,,,,,,39.026260359,-84.567721014,81.952,9/11/2020 12:00:00 AM,1512.0,3,3,0,0,CLOUDY,DRY,False,REAR END IN TRAFFIC LANES BOTH VEHICLES MOVING,REAR END,STRAIGHT & HILLCREST,DAYLIGHT,,,9/14/2020 2:55:29 PM,False,1427,Accepted
27201646,0591300,FT. MITCHELL POLICE DEPARTMENT,Accepted,KENTON,I 0075,,I75 N,,,,,I 0075,I75 N EXIT186 OFF RAMP TO  BUTTERMILK PIKE,I 0075,I75 N EXIT186 ON RAMP FROM  BUTTERMILK PIKE,39.048409629,-84.572522267,186.458,9/11/2020 12:00:00 AM,2025.0,2,2,0,0,CLEAR,DRY,False,OTHER ROADWAY OR MID-BLOCK COLLISION,REAR END,STRAIGHT & LEVEL,DUSK,,,9/12/2020 4:09:11 PM,False,FM16,Accepted
27221463,0591000,LAKESIDE PK/CRESTVIEW HILLS PD,Accepted,KENTON,I 0275,,I275 W,,,,,,,,,39.026146807,-84.566635386,81.866,9/10/2020 12:00:00 AM,1221.0,2,2,0,2,CLEAR,DRY,False,OTHER ROADWAY OR MID-BLOCK COLLISION,REAR END,STRAIGHT & HILLCREST,DAYLIGHT,,,9/17/2020 8:41:38 AM,False,1427,Accepted
27199164,0340200,LEXINGTON POLICE DEPARTMENT,Accepted,FAYETTE,US0060,,VERSAILLES,RD,,KY1968,PARKERS MILL,,,,,38.046662371,-84.554220681,5.266,9/10/2020 12:00:00 AM,1210.0,2,2,0,0,CLEAR,DRY,False,SIDESWIPE-SAME DIRECTION,SIDESWIPE-SAME DIRECTION,STRAIGHT & LEVEL,DAYLIGHT,,,9/11/2020 6:16:37 PM,False,56412,Accepted
27192309,0370100,FRANKFORT POLICE DEPARTMENT,Accepted,FRANKLIN,,830,1ST,AVE,,,,,ALEXANDER,,HENRY,38.21181041,-84.855676231,0.062,9/9/2020 12:00:00 AM,1507.0,2,2,0,0,CLEAR,DRY,False,1 VEHICLE PARKED POSITION (NOT PARKING LOT/DRIVEWAY),SIDESWIPE-SAME DIRECTION,STRAIGHT & LEVEL,DAYLIGHT,,,9/10/2020 9:05:24 AM,False,1360,Accepted
27196555,1050000,SCOTT COUNTY SHERIFF DEPT.,Accepted,SCOTT,KY0620,,CHERRY BLOSSOM,WAY,,,APPIAN,,,,,38.277323543,-84.560411122,1.693,9/9/2020 12:00:00 AM,1130.0,2,2,0,0,CLEAR,DRY,False,SIDESWIPE-SAME DIRECTION,SIDESWIPE-SAME DIRECTION,STRAIGHT & LEVEL,DAYLIGHT,,,9/11/2020 7:26:38 AM,False,243,Accepted
27192102,0900100,BARDSTOWN POLICE DEPARTMENT,Accepted,NELSON,KY0245,,JOHN ROWAN,BLVD,,,CHAMBERS,,,,,37.828108261,-85.471437308,3.91,9/9/2020 12:00:00 AM,1349.0,2,2,0,0,CLEAR,DRY,False,ANGLE COLLISION - ONE VEHICLE TURNING RIGHT,ANGLE,STRAIGHT & LEVEL,DAYLIGHT,,,9/10/2020 8:26:08 AM,False,2928,Accepted
27198060,0090000,BOURBON COUNTY SHERIFF DEPT.,Accepted,BOURBON,KY1678,,CLINTONVILLE,RD,,,,,,,,38.085204377,-84.268588691,1.007,9/9/2020 12:00:00 AM,1300.0,2,2,0,0,CLEAR,DRY,False,VEHICLE BACKING NON INTERSECTION,BACKING,STRAIGHT & LEVEL,DAYLIGHT,,,9/11/2020 12:57:18 PM,False,803,Accepted
27190866,0590300,ERLANGER POLICE DEPARTMENT,Accepted,KENTON,I 0275,,I275 W,,,,,,,,,39.038378565,-84.606918798,0.461,9/9/2020 12:00:00 AM,2019.0,2,2,0,0,CLEAR,DRY,False,SIDESWIPE COLLISION - SAME DIRECTION,SIDESWIPE-SAME DIRECTION,STRAIGHT & HILLCREST,DARK-HWY LIGHTED/ON,,,9/10/2020 12:45:26 AM,False,166,Accepted
27196608,1090000,TAYLOR COUNTY SHERIFF DEPT.,Accepted,TAYLOR,KY0055,,NEW COLUMBIA,RD,,,,,,,,37.22436598,-85.345173889,1.435,9/9/2020 12:00:00 AM,555.0,1,1,0,1,CLEAR,DRY,False,OTHER COLLISIONS ON SHOULDER,SINGLE VEHICLE,STRAIGHT & LEVEL,DARK-HWY NOT LIGHTED,,,9/11/2020 7:47:06 AM,False,1506,Accepted
27218579,0591300,FT. MITCHELL POLICE DEPARTMENT,Accepted,KENTON,I 0075,,I75 S,,,,,,,,,39.054374424,-84.545921181,188.071,9/9/2020 12:00:00 AM,649.0,2,2,0,0,CLEAR,DRY,False,1 VEHICLE ENTERING/LEAVING ENTRANCE,ANGLE,STRAIGHT & GRADE,DARK-HWY NOT LIGHTED,,,9/16/2020 3:30:20 PM,False,FM14,Accepted