IncidentID,AgencyORI,AgencyName,IncidentStatusDesc,County,RdwyNumber,Street,RoadwayName,StreetSfx,StreetDir,IntersectionRdwy,IntersectionRdwyName,BetweenStRdwy1,BetweenStRdwyName1,BetweenStRdwy2,BetweenStRdwyName2,Latitude,Longitude,Milepoint,CollisionDate,CollisionTime,UnitsInvolved,MotorVehiclesInvolved,NumberKilled,NumberInjured,Weather,RdwyConditionCode,HitandRun,DirAnalysisCode,MannerofCollision,RdwyCharacter,LightCondition,RampFromRdwyId,RampToRdwyId,AcceptedDate,IsSecondaryCollision,OwnerBadge,IncidentStatus
27218580,0591300,FT. MITCHELL POLICE DEPARTMENT,Accepted,KENTON,I 0075,,I75 N,,,,,,,,,39.051941199,-84.548671766,187.842,9/8/2020 12:00:00 AM,639.0,2,2,0,0,CLEAR,DRY,False,SIDESWIPE COLLISION - SAME DIRECTION,SIDESWIPE-SAME DIRECTION,CURVE & GRADE,DARK-HWY LIGHTED/OFF,,,9/16/2020 3:30:32 PM,False,FM14,Accepted
27184811,0590300,ERLANGER POLICE DEPARTMENT,Accepted,KENTON,I 0075,,,,,,,,,,,39.032312796,-84.590075509,0.049,9/8/2020 12:00:00 AM,1116.0,2,2,0,1,CLEAR,DRY,False,OTHER RAMP RELATED COLLISIONS NOT LISTED ABOVE,REAR END,STRAIGHT & LEVEL,DAYLIGHT,I 0275,I 0075,9/8/2020 5:59:27 PM,False,160,Accepted
27201585,0591300,FT. MITCHELL POLICE DEPARTMENT,Accepted,KENTON,I 0075,,I75 N,,,,,,,,,39.05103081,-84.566368147,186.845,9/8/2020 12:00:00 AM,1250.0,2,2,0,0,CLEAR,DRY,False,SIDESWIPE COLLISION - SAME DIRECTION,SIDESWIPE-SAME DIRECTION,STRAIGHT & LEVEL,DAYLIGHT,,,9/12/2020 3:55:22 PM,False,FM11,Accepted
27188830,0340200,LEXINGTON POLICE DEPARTMENT,Accepted,FAYETTE,US0025,,GEORGETOWN,RD,,,,KY2886,KEARNEY,,BEREA,38.125803346,-84.526677184,19.875,9/8/2020 12:00:00 AM,1040.0,1,1,0,0,CLEAR,DRY,False,RAN OFF ROADWAY (1 VEHICLE WITH/EARTH EMBANKMENT/DITCH),SINGLE VEHICLE,CURVE & LEVEL,DAYLIGHT,,,9/9/2020 3:05:44 PM,False,56412,Accepted
27215036,0370200,KY STATE POLICE CVE,Accepted,LAUREL,I 0075,,I75 S,,,,,,,,,37.011724045,-84.102466353,31.328,9/7/2020 12:00:00 AM,1945.0,2,2,0,0,CLOUDY,DRY,False,SIDESWIPE COLLISION - SAME DIRECTION,SIDESWIPE-SAME DIRECTION,STRAIGHT & LEVEL,DAYLIGHT,,,9/15/2020 8:24:03 PM,False,C-331,Accepted
27179664,0340200,LEXINGTON POLICE DEPARTMENT,Accepted,FAYETTE,KY0004,,NEW CIRCLE,RD,W,,,,BOARDWALK,KY0004,KY4 EXIT9B RAMP FROM KY922 N,38.072758976,-84.483377662,9.979,9/7/2020 12:00:00 AM,1615.0,2,2,0,0,CLEAR,DRY,False,OTHER ROADWAY OR MID-BLOCK COLLISION,REAR END,STRAIGHT & LEVEL,DAYLIGHT,,,9/7/2020 6:41:16 PM,False,55446,Accepted
27189138,0591300,FT. MITCHELL POLICE DEPARTMENT,Accepted,KENTON,I 0075,,I75 N,,,,,,,,,39.047869085,-84.573323343,186.4,9/7/2020 12:00:00 AM,1111.0,3,3,0,0,CLEAR,DRY,False,OTHER ROADWAY OR MID-BLOCK COLLISION,REAR END,STRAIGHT & GRADE,DAYLIGHT,,,9/9/2020 4:10:30 PM,False,FM14,Accepted
27186723,0590100,COVINGTON POLICE DEPARTMENT,Accepted,KENTON,I 0075,,I75 S,,,,,,,,,39.063708647,-84.522296811,189.53,9/7/2020 12:00:00 AM,1517.0,2,2,0,0,CLEAR,DRY,False,REAR END IN TRAFFIC LANES BOTH VEHICLES MOVING,REAR END,STRAIGHT & GRADE,DAYLIGHT,,,9/9/2020 7:20:35 AM,False,0254,Accepted
27172982,0591300,FT. MITCHELL POLICE DEPARTMENT,Accepted,KENTON,I 0075,,I75 N,,,,,,,,,39.052496269,-84.547964107,187.895,9/5/2020 12:00:00 AM,1830.0,2,2,0,0,CLEAR,DRY,False,OTHER ROADWAY OR MID-BLOCK COLLISION,REAR END,CURVE & LEVEL,DAYLIGHT,,,9/5/2020 7:08:26 PM,False,FM05,Accepted
27173199,0591000,LAKESIDE PK/CRESTVIEW HILLS PD,Accepted,KENTON,I 0275,,I275 W,,,,,,,,,39.02640448,-84.569300456,82.038,9/5/2020 12:00:00 AM,1200.0,2,2,0,0,CLEAR,DRY,False,REAR END IN TRAFFIC LANES BOTH VEHICLES MOVING,REAR END,STRAIGHT & HILLCREST,DAYLIGHT,,,9/5/2020 8:43:25 PM,False,1427,Accepted
27177985,0590100,COVINGTON POLICE DEPARTMENT,Accepted,KENTON,I 0075,,I75 N,,,,,I 0075,I75 N EXIT189 ON RAMP FROM  KYLES LN,I 0075,I75 N EXIT191 OFF RAMP TO KY1120,39.070392638,-84.519559819,190.045,9/5/2020 12:00:00 AM,1405.0,2,2,0,0,CLEAR,DRY,False,REAR END IN TRAFFIC LANES BOTH VEHICLES MOVING,REAR END,STRAIGHT & GRADE,DAYLIGHT,,,9/7/2020 9:09:40 AM,False,0205,Accepted
27189142,0591300,FT. MITCHELL POLICE DEPARTMENT,Accepted,KENTON,I 0075,,I75 N,,,,,,,,,39.050812249,-84.567285917,186.793,9/4/2020 12:00:00 AM,1106.0,2,2,0,0,CLEAR,DRY,False,REAR END IN TRAFFIC LANES BOTH VEHICLES MOVING,REAR END,STRAIGHT & GRADE,DAYLIGHT,,,9/9/2020 4:10:38 PM,False,FM14,Accepted
27170197,0591300,FT. MITCHELL POLICE DEPARTMENT,Accepted,KENTON,I 0075,,I75 N,,,,,,,,,39.051456873,-84.56237133,187.074,9/4/2020 12:00:00 AM,1830.0,2,2,0,0,CLEAR,DRY,False,OTHER ROADWAY OR MID-BLOCK COLLISION,REAR END,STRAIGHT & HILLCREST,DAYLIGHT,,,9/4/2020 6:59:43 PM,False,FM05,Accepted
27175836,0590400,FT. WRIGHT POLICE DEPARTMENT,Accepted,KENTON,I 0075,,I75 S,,,,,I 0075,I75 S EXIT188 OFF RAMP TO  DIXIE HWY,I 0075,I75 S EXIT189 ON RAMP FROM  KYLES LN,39.054213099,-84.546123601,188.055,9/4/2020 12:00:00 AM,1314.0,2,2,0,0,CLEAR,DRY,False,REAR END IN TRAFFIC LANES BOTH VEHICLES MOVING,REAR END,STRAIGHT & LEVEL,DAYLIGHT,,,9/6/2020 5:11:38 PM,False,409,Accepted
27188589,0300100,OWENSBORO POLICE DEPARTMENT,Accepted,DAVIESS,KY2262,100,GLOVER CARY BRIDGE,,,,,,,,,37.777972662,-87.108868438,0.933,9/4/2020 12:00:00 AM,824.0,2,2,0,0,CLEAR,FLOODED,False,HEAD-ON COLLISION,HEAD ON,STRAIGHT & LEVEL,DAYLIGHT,,,9/9/2020 1:58:00 PM,False,396,Accepted
27177889,0450500,RUSSELL POLICE DEPARTMENT,Accepted,GREENUP,US0023,,US23,,,KY1725,ASHLAND,,,,,38.514972162,-82.683316895,1.212,9/4/2020 12:00:00 AM,1629.0,3,3,0,0,CLEAR,DRY,False,OTHER INTERSECTION COLLISIONS,REAR END,STRAIGHT & LEVEL,DAYLIGHT,,,9/7/2020 7:39:49 AM,False,429,Accepted
27175838,0590400,FT. WRIGHT POLICE DEPARTMENT,Accepted,KENTON,I 0075,,I75 N,,,,,I 0075,I75 N EXIT185 ON RAMP FROM I275,I 0075,I75 N EXIT186 OFF RAMP TO  BUTTERMILK PIKE,39.042057589,-84.581722745,185.779,9/4/2020 12:00:00 AM,1623.0,2,2,0,0,CLEAR,DRY,False,SIDESWIPE COLLISION - SAME DIRECTION,SIDESWIPE-SAME DIRECTION,STRAIGHT & LEVEL,DAYLIGHT,,,9/6/2020 5:11:44 PM,False,406,Accepted
27262981,1020200,MT. VERNON POLICE DEPARTMENT,Accepted,ROCKCASTLE,I 0075,,I75 S,,,,,,,,,37.363886713,-84.310357664,60.507,9/4/2020 12:00:00 AM,24.0,1,1,0,0,CLEAR,DRY,False,OTHER COLLISIONS ON SHOULDER,SINGLE VEHICLE,CURVE & LEVEL,DARK-HWY NOT LIGHTED,,,9/28/2020 9:07:38 AM,False,755,Accepted
27175275,0730100,PADUCAH POLICE DEPARTMENT,Accepted,MCCRACKEN,I 0024,,I24 E,,,,,,,,,37.099814094,-88.689172083,2.787,9/4/2020 12:00:00 AM,2009.0,2,2,0,0,CLEAR,DRY,True,SIDESWIPE COLLISION - SAME DIRECTION,SIDESWIPE-SAME DIRECTION,STRAIGHT & LEVEL,DARK-HWY NOT LIGHTED,,,9/6/2020 3:32:33 PM,False,367,Accepted
27177984,0590100,COVINGTON POLICE DEPARTMENT,Accepted,KENTON,I 0075,,I75 S,,,,,,,,,39.088821679,-84.522831618,191.402,9/4/2020 12:00:00 AM,545.0,2,2,0,0,CLEAR,DRY,False,SIDESWIPE COLLISION - SAME DIRECTION,SIDESWIPE-SAME DIRECTION,STRAIGHT & GRADE,DARK-HWY LIGHTED/ON,,,9/7/2020 9:09:36 AM,False,0287,Accepted
32884029,1110000,TRIGG COUNTY SHERIFF DEPT.,Accepted,TRIGG,I 0024,,I24 W,,,,,,,,,36.884696919,-87.739975071,65.006,9/3/2020 12:00:00 AM,56.0,1,1,0,0,CLEAR,DRY,False,OTHER ROADWAY OR MID-BLOCK COLLISION,SINGLE VEHICLE,STRAIGHT & LEVEL,DARK-HWY NOT LIGHTED,,,2/21/2024 11:45:37 AM,False,205,Accepted
27624848,0910000,NICHOLAS COUNTY SHERIFF DEPT.,Accepted,NICHOLAS,KY0036,623,CONCRETE,RD,,,,,,,,38.321420285,-84.080921352,0.722,9/3/2020 12:00:00 AM,1737.0,1,1,0,0,CLEAR,DRY,False,RAN OFF ROADWAY (1 VEHICLE WITH/EARTH EMBANKMENT/DITCH),SINGLE VEHICLE,STRAIGHT & HILLCREST,DAYLIGHT,,,1/2/2021 1:34:51 PM,False,105,Accepted
27186655,0591300,FT. MITCHELL POLICE DEPARTMENT,Accepted,KENTON,I 0075,,I75 N,,,,,,,,,39.052383777,-84.548100594,187.885,9/3/2020 12:00:00 AM,745.0,3,3,0,1,RAINING,WET,True,REAR END IN TRAFFIC LANES BOTH VEHICLES MOVING,REAR END,STRAIGHT & LEVEL,DAWN,,,9/9/2020 6:52:07 AM,False,FM14,Accepted
27166486,0340200,LEXINGTON POLICE DEPARTMENT,Accepted,FAYETTE,US0025,,GEORGETOWN,RD,,,,,MERCER,KY0004,KY4 EXIT8 RAMP TO US25,38.075832601,-84.50642608,16.247,9/3/2020 12:00:00 AM,1414.0,2,2,0,0,CLOUDY,DRY,False,1 VEHICLE ENTERING/LEAVING ENTRANCE,ANGLE,STRAIGHT & LEVEL,DAYLIGHT,,,9/4/2020 12:44:00 AM,False,56413,Accepted
27237814,0390000,GALLATIN COUNTY SHERIFF DEPT.,Accepted,GALLATIN,I 0071,,I71 S,,,,,,,,,38.696616451,-84.926606243,55.725,9/2/2020 12:00:00 AM,1130.0,2,2,0,0,CLEAR,DRY,False,COLLISION WITH FIXED OBJECT NON - INTERSECTION - FIRST EVENT COLLISION 09 - 32 EXCLUDING 16,REAR END,STRAIGHT & LEVEL,DAYLIGHT,,,9/21/2020 3:33:27 PM,False,107,Accepted
27170741,KSP0100,KY STATE POLICE POST 01,Accepted,TRIGG,I 0024,,I24 E,,,,,,,,,36.925814212,-87.806547102,60.363,9/2/2020 12:00:00 AM,2040.0,1,1,0,0,RAINING,WET,False,OTHER COLLISIONS ON SHOULDER,SINGLE VEHICLE,STRAIGHT & LEVEL,DARK-HWY NOT LIGHTED,,,9/4/2020 10:51:55 PM,False,991,Accepted
27154295,0590300,ERLANGER POLICE DEPARTMENT,Accepted,KENTON,I 0275,,I275 W,,,,,,,,,39.032113771,-84.589158182,83.19,9/1/2020 12:00:00 AM,958.0,2,2,0,0,CLEAR,DRY,False,VEHICLE BACKING NON INTERSECTION,BACKING,STRAIGHT & LEVEL,DAYLIGHT,,,9/1/2020 11:28:43 AM,False,127,Accepted
27153880,0590300,ERLANGER POLICE DEPARTMENT,Accepted,KENTON,I 0275,,I275 W,,,,,,,,,39.038432151,-84.607065369,0.453,9/1/2020 12:00:00 AM,653.0,2,2,0,0,CLEAR,DRY,False,REAR END IN TRAFFIC LANES BOTH VEHICLES MOVING,REAR END,STRAIGHT & LEVEL,DAYLIGHT,,,9/1/2020 10:44:47 AM,False,152,Accepted
27155827,0590300,ERLANGER POLICE DEPARTMENT,Accepted,KENTON,I 0275,,I275 W,,,,,,,,,39.040822648,-84.61041049,0.726,9/1/2020 12:00:00 AM,643.0,2,2,0,0,FOG,DRY,False,REAR END IN TRAFFIC LANES BOTH VEHICLES MOVING,REAR END,STRAIGHT & GRADE,DAWN,,,9/1/2020 4:40:40 PM,False,164,Accepted
27157294,KSP0100,KY STATE POLICE POST 01,Accepted,LYON,I 0024,,I24 E,,,,,,,,,36.992040179,-87.94244251,51.497,9/1/2020 12:00:00 AM,1538.0,1,1,0,0,CLOUDY,WET,False,OTHER ROADWAY OR MID-BLOCK COLLISION,SINGLE VEHICLE,STRAIGHT & LEVEL,DAYLIGHT,,,9/2/2020 12:19:57 AM,False,755,Accepted
27146806,0590300,ERLANGER POLICE DEPARTMENT,Accepted,KENTON,I 0075,,,,,,,,,,,39.03715216,-84.597387746,0.347,8/30/2020 12:00:00 AM,2154.0,1,1,0,0,CLEAR,DRY,False,OTHER RAMP RELATED COLLISIONS NOT LISTED ABOVE,SINGLE VEHICLE,CURVE & LEVEL,DARK-HWY LIGHTED/ON,I 0075,I 0275,8/31/2020 4:48:27 AM,False,139,Accepted
27141039,0590300,ERLANGER POLICE DEPARTMENT,Accepted,KENTON,I 0075,,,,,,,,,,,39.037311676,-84.596277345,0.286,8/28/2020 12:00:00 AM,2237.0,1,1,0,0,RAINING,WET,False,COLLISION WITH FIXED OBJECT NOT IN GORE ,SINGLE VEHICLE,CURVE & LEVEL,DARK-HWY LIGHTED/ON,I 0075,I 0275,8/29/2020 4:22:27 AM,False,145,Accepted
27262113,0590300,ERLANGER POLICE DEPARTMENT,Accepted,KENTON,I 0075,,,,,,,,,,,39.038073345,-84.606017373,0.825,8/28/2020 12:00:00 AM,2222.0,1,1,0,0,RAINING,WET,False,OTHER RAMP RELATED COLLISIONS NOT LISTED ABOVE,SINGLE VEHICLE,CURVE & LEVEL,DARK-HWY LIGHTED/OFF,I 0075,I 0275,9/28/2020 5:54:52 AM,False,139,Accepted
27164144,0591000,LAKESIDE PK/CRESTVIEW HILLS PD,Accepted,KENTON,I 0275,,I275 W,,,,,,,,,39.026454332,-84.569793955,82.065,8/28/2020 12:00:00 AM,1351.0,2,2,0,0,CLOUDY,DRY,False,SIDESWIPE COLLISION - SAME DIRECTION,SIDESWIPE-SAME DIRECTION,STRAIGHT & HILLCREST,DAYLIGHT,,,9/3/2020 1:30:11 PM,False,1427,Accepted
27149628,0080000,BOONE COUNTY SHERIFF DEPT.,Accepted,BOONE,KY0338,,RICHWOOD,RD,,US0025,DIXIE,,,,,38.919012074,-84.624375591,0.003,8/28/2020 12:00:00 AM,1336.0,2,2,0,0,CLEAR,DRY,False,SIDESWIPE-SAME DIRECTION,SIDESWIPE-SAME DIRECTION,STRAIGHT & GRADE,DAYLIGHT,,,8/31/2020 1:32:52 PM,False,3761,Accepted
27142793,0590100,COVINGTON POLICE DEPARTMENT,Accepted,KENTON,I 0075,,I75 S,,,,,,,,,39.077252445,-84.520321605,190.514,8/28/2020 12:00:00 AM,1120.0,2,2,0,0,CLOUDY,DRY,False,REAR END IN TRAFFIC LANES BOTH VEHICLES MOVING,REAR END,STRAIGHT & LEVEL,DAYLIGHT,,,8/29/2020 9:40:34 PM,False,0264,Accepted
27162553,0568000,LOUISVILLE METRO POLICE DEPT,Accepted,JEFFERSON,I 0265,,I265 E,,,,,,,,,38.210831446,-85.506623348,24.656,8/27/2020 12:00:00 AM,1715.0,7,7,0,4,CLEAR,DRY,False,REAR END IN TRAFFIC LANES BOTH VEHICLES MOVING,REAR END,STRAIGHT & GRADE,DAYLIGHT,,,9/3/2020 8:07:23 AM,False,8278,Accepted
27137917,0591000,LAKESIDE PK/CRESTVIEW HILLS PD,Accepted,KENTON,I 0275,,I275 W,,,,,,,,,39.026461732,-84.569892696,82.07,8/27/2020 12:00:00 AM,1253.0,2,2,0,2,CLOUDY,DRY,False,REAR END IN TRAFFIC LANES BOTH VEHICLES MOVING,REAR END,STRAIGHT & HILLCREST,DAYLIGHT,,,8/28/2020 9:33:50 AM,False,1427,Accepted
27136041,0300000,DAVIESS COUNTY SHERIFF DEPT.,Accepted,DAVIESS,KY0054,,KY54,,,,COUNTRYSIDE,,,,,37.739296717,-87.024343165,5.49,8/26/2020 12:00:00 AM,1626.0,2,2,0,0,CLOUDY,DRY,False,OTHER INTERSECTION COLLISIONS,REAR END,STRAIGHT & GRADE,DAYLIGHT,,,8/27/2020 10:17:41 PM,False,1111,Accepted
27133863,0590300,ERLANGER POLICE DEPARTMENT,Accepted,KENTON,I 0075,,,,,,,,,,,39.038296975,-84.606821467,0.87,8/26/2020 12:00:00 AM,1615.0,2,2,0,0,CLOUDY,DRY,False,OTHER RAMP RELATED COLLISIONS NOT LISTED ABOVE,SIDESWIPE-SAME DIRECTION,STRAIGHT & GRADE,DAYLIGHT,I 0075,I 0275,8/27/2020 11:31:41 AM,False,164,Accepted
27132390,0040000,BALLARD COUNTY SHERIFF DEPT.,Accepted,BALLARD,US0051,,CAIRO,RD,,,,,,,,36.994491711,-89.145083996,7.959,8/26/2020 12:00:00 AM,949.0,1,1,0,0,CLEAR,DRY,False,COLLISION WITH FIXED OBJECT NON - INTERSECTION - FIRST EVENT COLLISION 09 - 32 EXCLUDING 16,SINGLE VEHICLE,STRAIGHT & GRADE,DAYLIGHT,,,8/27/2020 6:31:53 AM,False,02,Accepted
27138350,0340200,LEXINGTON POLICE DEPARTMENT,Accepted,FAYETTE,US0027,,BROADWAY,,N,,3RD,,,,,38.052093049,-84.495428282,6.823,8/25/2020 12:00:00 AM,1149.0,2,2,0,0,CLEAR,DRY,False,SIDESWIPE-SAME DIRECTION,SIDESWIPE-SAME DIRECTION,STRAIGHT & LEVEL,DAYLIGHT,,,8/28/2020 11:18:59 AM,False,55042,Accepted
27164645,0591000,LAKESIDE PK/CRESTVIEW HILLS PD,Accepted,KENTON,I 0275,,I275 W,,,,,,,,,39.025916392,-84.564445668,81.773,8/25/2020 12:00:00 AM,1723.0,2,2,0,0,CLEAR,DRY,False,REAR END IN TRAFFIC LANES BOTH VEHICLES MOVING,REAR END,STRAIGHT & LEVEL,DAYLIGHT,,,9/3/2020 3:33:57 PM,False,1433,Accepted
27129312,KSP1100,KY STATE POLICE POST 11,Accepted,LAUREL,I 0075,,I75 N,,,,,,,,,37.172471968,-84.127679311,42.816,8/25/2020 12:00:00 AM,1250.0,2,2,0,0,CLEAR,DRY,False,COLLISION WITH NON-FIXED OBJECT ,HEAD ON,STRAIGHT & LEVEL,DAYLIGHT,,,8/26/2020 12:35:44 PM,False,376,Accepted
27513565,0010000,ADAIR COUNTY SHERIFF DEPT.,Accepted,ADAIR,KY0206,,LIBERTY,RD,,,,,,,,37.210812489,-85.071326523,14.741,8/24/2020 12:00:00 AM,1230.0,2,2,0,0,CLEAR,DRY,False,HEAD-ON COLLISION,HEAD ON,STRAIGHT & LEVEL,DAYLIGHT,,,11/30/2020 4:34:34 PM,False,1108,Accepted
27114218,0590300,ERLANGER POLICE DEPARTMENT,Accepted,KENTON,I 0075,,,,,,,,,,,39.037240381,-84.602836801,0.643,8/23/2020 12:00:00 AM,320.0,1,1,0,0,CLEAR,DRY,False,COLLISION WITH FIXED OBJECT NON - INTERSECTION - FIRST EVENT COLLISION 09 - 32 EXCLUDING 16,SINGLE VEHICLE,CURVE & LEVEL,DARK-HWY LIGHTED/ON,I 0075,I 0275,8/23/2020 5:18:01 AM,False,166,Accepted
27115037,0340200,LEXINGTON POLICE DEPARTMENT,Accepted,FAYETTE,KY0004,,NEW CIRCLE,RD,W,KY0004,KY4 EXIT9A RAMP TO KY922 S,,,,,38.075031761,-84.499451911,9.141,8/23/2020 12:00:00 AM,1314.0,4,4,0,0,CLOUDY,DRY,False,OTHER INTERSECTION COLLISIONS,REAR END,CURVE & LEVEL,DAYLIGHT,,,8/23/2020 3:35:17 PM,False,49220,Accepted
27119593,0591300,FT. MITCHELL POLICE DEPARTMENT,Accepted,KENTON,I 0075,,I75 N,,,,,,,,,39.051255622,-84.554229192,187.539,8/23/2020 12:00:00 AM,1845.0,2,2,0,1,CLEAR,DRY,False,REAR END IN TRAFFIC LANES BOTH VEHICLES MOVING,REAR END,STRAIGHT & LEVEL,DAYLIGHT,,,8/24/2020 1:45:01 PM,False,FM17,Accepted
27116354,0590400,FT. WRIGHT POLICE DEPARTMENT,Accepted,KENTON,I 0075,,I75 N,,,,,I 0075,I75 N EXIT188 ON RAMP FROM  DIXIE HWY,I 0075,I75 N EXIT189 OFF RAMP TO  KYLES LN,39.056667379,-84.542667622,188.309,8/23/2020 12:00:00 AM,1351.0,3,3,0,0,CLEAR,DRY,False,OTHER ROADWAY OR MID-BLOCK COLLISION,REAR TO REAR,STRAIGHT & LEVEL,DAYLIGHT,,,8/23/2020 10:44:10 PM,False,407,Accepted
27116203,0590300,ERLANGER POLICE DEPARTMENT,Accepted,KENTON,I 0075,,,,,,,,,,,39.037283444,-84.603206681,0.664,8/23/2020 12:00:00 AM,1836.0,2,2,0,0,CLEAR,DRY,False,OTHER RAMP RELATED COLLISIONS NOT LISTED ABOVE,SIDESWIPE-SAME DIRECTION,STRAIGHT & GRADE,DAYLIGHT,I 0075,I 0275,8/23/2020 9:44:19 PM,False,135,Accepted
27267698,0170000,CALDWELL COUNTY SHERIFF,Accepted,CALDWELL,I 0024,,I24 W,,,,,,,,,36.958774651,-87.854004088,56.875,8/22/2020 12:00:00 AM,1104.0,1,1,0,0,CLOUDY,DRY,False,COLLISION WITH FIXED OBJECT NON - INTERSECTION - FIRST EVENT COLLISION 09 - 32 EXCLUDING 16,SINGLE VEHICLE,CURVE & LEVEL,DAYLIGHT,,,9/29/2020 9:38:04 AM,False,51,Accepted
27121218,0370200,KY STATE POLICE CVE,Accepted,LAUREL,I 0075,,I75 N,,,,,,,,,37.187215603,-84.141554001,44.097,8/21/2020 12:00:00 AM,1812.0,2,2,0,0,CLOUDY,WET,False,SIDESWIPE COLLISION - SAME DIRECTION,SIDESWIPE-SAME DIRECTION,STRAIGHT & GRADE,DAYLIGHT,,,8/24/2020 9:01:18 PM,False,C-325,Accepted
27111230,0591300,FT. MITCHELL POLICE DEPARTMENT,Accepted,KENTON,I 0075,,I75 S,,,,,,,,,39.051759626,-84.560735878,187.151,8/21/2020 12:00:00 AM,1530.0,2,2,0,0,CLEAR,DRY,False,SIDESWIPE COLLISION - SAME DIRECTION,SIDESWIPE-SAME DIRECTION,CURVE & GRADE,DAYLIGHT,,,8/22/2020 1:51:44 AM,False,FM05,Accepted
27117617,0810100,MAYSVILLE POLICE DEPARTMENT,Accepted,MASON,US0068,,CLYDE T BARBOUR,PKWY,,,,,,,,38.681687017,-83.792645181,17.734,8/21/2020 12:00:00 AM,2250.0,1,1,0,0,CLEAR,DRY,False,OTHER COLLISIONS ON SHOULDER,SINGLE VEHICLE,CURVE & GRADE,DARK (UNKNOWN ROADWAY LIGHTING),,,8/24/2020 6:52:03 AM,False,214,Accepted
27121217,0370200,KY STATE POLICE CVE,Accepted,LAUREL,I 0075,,I75 S,,,,,,,,,37.170100939,-84.125979416,42.639,8/20/2020 12:00:00 AM,1929.0,2,2,0,0,RAINING,WET,False,SIDESWIPE COLLISION - SAME DIRECTION,SIDESWIPE-SAME DIRECTION,STRAIGHT & GRADE,DUSK,,,8/24/2020 9:01:11 PM,False,C-325,Accepted
27128061,0591000,LAKESIDE PK/CRESTVIEW HILLS PD,Accepted,KENTON,I 0275,,I275 W,,,,,,,,,39.029518353,-84.579183926,82.617,8/20/2020 12:00:00 AM,825.0,3,3,0,0,CLEAR,DRY,False,OTHER ROADWAY OR MID-BLOCK COLLISION,REAR END,STRAIGHT & LEVEL,DAYLIGHT,,,8/26/2020 8:29:52 AM,False,1423,Accepted
27267702,0170000,CALDWELL COUNTY SHERIFF,Accepted,CALDWELL,I 0024,,I24 W,,,,,,,,,36.966212636,-87.872862357,55.773,8/20/2020 12:00:00 AM,1102.0,3,3,0,0,CLEAR,DRY,False,REAR END IN TRAFFIC LANES BOTH VEHICLES MOVING,REAR END,STRAIGHT & LEVEL,DAYLIGHT,,,9/29/2020 9:38:35 AM,False,48,Accepted
27104205,KSP0900,KY STATE POLICE POST 09,Accepted,PIKE,KY0632,,KY632,,,,,,,,,37.493205347,-82.265056346,5.734,8/19/2020 12:00:00 AM,745.0,2,2,0,0,CLOUDY,DRY,False,REAR END IN TRAFFIC LANES BOTH VEHICLES MOVING,REAR END,STRAIGHT & LEVEL,DAYLIGHT,,,8/20/2020 10:10:39 AM,False,373,Accepted
27109637,0591300,FT. MITCHELL POLICE DEPARTMENT,Accepted,KENTON,I 0075,,I75 N,,,,,,,,,39.053040213,-84.547251507,187.951,8/19/2020 12:00:00 AM,1030.0,2,2,0,0,CLEAR,DRY,True,SIDESWIPE COLLISION - SAME DIRECTION,SIDESWIPE-SAME DIRECTION,,DAYLIGHT,,,8/21/2020 3:27:15 PM,False,FM11,Accepted
27103344,0590300,ERLANGER POLICE DEPARTMENT,Accepted,KENTON,I 0075,186.0,I75 N,,,,,I 0075,I75 N EXIT185 ON RAMP FROM I275,I 0075,I75 N EXIT186 OFF RAMP TO  BUTTERMILK PIKE,39.043495368,-84.579459491,185.94,8/19/2020 12:00:00 AM,1330.0,2,2,0,0,CLEAR,DRY,True,SIDESWIPE COLLISION - SAME DIRECTION,SIDESWIPE-SAME DIRECTION,STRAIGHT & LEVEL,DAYLIGHT,,,8/20/2020 6:10:00 AM,False,162,Accepted
27109604,0340200,LEXINGTON POLICE DEPARTMENT,Accepted,FAYETTE,US0025,4296,GEORGETOWN,RD,,,,,,,,38.139535355,-84.535479887,20.978,8/19/2020 12:00:00 AM,1005.0,2,2,0,0,CLEAR,DRY,False,OTHER ROADWAY OR MID-BLOCK COLLISION,REAR END,STRAIGHT & LEVEL,DAYLIGHT,,,8/21/2020 3:15:29 PM,False,56412,Accepted
27109211,0660000,LESLIE COUNTY SHERIFF DEPT.,Accepted,LESLIE,KY0257,,DRYHILL,RD,,,,,,,,37.188069088,-83.382187374,2.957,8/19/2020 12:00:00 AM,1219.0,2,2,0,0,CLEAR,DRY,False,SIDESWIPE COLLISION - OPPOSITE DIRECTION,SIDESWIPE-OPPOSITE DIRECTION,STRAIGHT & LEVEL,DAYLIGHT,,,8/21/2020 1:37:56 PM,False,SO1,Accepted
27102184,0730100,PADUCAH POLICE DEPARTMENT,Accepted,MCCRACKEN,I 0024,,,,,,,,,,,37.07727151,-88.680795356,0.11,8/19/2020 12:00:00 AM,1655.0,2,2,0,0,CLOUDY,DRY,False,OTHER RAMP RELATED COLLISIONS NOT LISTED ABOVE,REAR END,CURVE & HILLCREST,DAYLIGHT,I 0024,US0060,8/19/2020 10:11:51 PM,False,336,Accepted