IncidentID,AgencyORI,AgencyName,IncidentStatusDesc,County,RdwyNumber,Street,RoadwayName,StreetSfx,StreetDir,IntersectionRdwy,IntersectionRdwyName,BetweenStRdwy1,BetweenStRdwyName1,BetweenStRdwy2,BetweenStRdwyName2,Latitude,Longitude,Milepoint,CollisionDate,CollisionTime,UnitsInvolved,MotorVehiclesInvolved,NumberKilled,NumberInjured,Weather,RdwyConditionCode,HitandRun,DirAnalysisCode,MannerofCollision,RdwyCharacter,LightCondition,RampFromRdwyId,RampToRdwyId,AcceptedDate,IsSecondaryCollision,OwnerBadge,IncidentStatus
27103656,0568000,LOUISVILLE METRO POLICE DEPT,Accepted,JEFFERSON,I 0071,,I71 S,,,,,,,,,38.314287143,-85.583312143,8.997,8/19/2020 12:00:00 AM,957.0,1,1,0,1,CLEAR,DRY,False,COLLISION WITH FIXED OBJECT NON - INTERSECTION - FIRST EVENT COLLISION 09 - 32 EXCLUDING 16,SINGLE VEHICLE,STRAIGHT & LEVEL,DAYLIGHT,,,8/20/2020 8:06:13 AM,False,4903,Accepted
27136267,0370200,KY STATE POLICE CVE,Accepted,LAUREL,I 0075,,I75 S,,,,,,,,,37.023080987,-84.099568008,32.131,8/19/2020 12:00:00 AM,1815.0,1,1,0,0,CLOUDY,DRY,False,OTHER ROADWAY OR MID-BLOCK COLLISION,SINGLE VEHICLE,STRAIGHT & LEVEL,DAYLIGHT,,,8/27/2020 11:45:29 PM,False,C-331,Accepted
27099758,KSP0400,KY STATE POLICE POST 04,Accepted,HARDIN,I 0065,,I65 S,,,,,,,,,37.7981337,-85.75176788,102.038,8/19/2020 12:00:00 AM,200.0,2,2,0,0,CLEAR,DRY,False,SIDESWIPE COLLISION - SAME DIRECTION,SIDESWIPE-SAME DIRECTION,STRAIGHT & LEVEL,DARK (UNKNOWN ROADWAY LIGHTING),,,8/19/2020 10:45:55 AM,False,351,Accepted
27099911,0591300,FT. MITCHELL POLICE DEPARTMENT,Accepted,KENTON,I 0075,,I75 S,,,,,,,,,39.051226602,-84.550846755,187.709,8/18/2020 12:00:00 AM,1222.0,1,1,0,0,RAINING,WET,False,OTHER ROADWAY OR MID-BLOCK COLLISION,SINGLE VEHICLE,CURVE & LEVEL,DAYLIGHT,,,8/19/2020 11:04:23 AM,False,FM14,Accepted
27100309,0590100,COVINGTON POLICE DEPARTMENT,Accepted,KENTON,I 0075,,I75 N,,,,,,,,,39.075075274,-84.518978844,190.392,8/18/2020 12:00:00 AM,1614.0,2,2,0,0,RAINING,WET,False,SIDESWIPE COLLISION - SAME DIRECTION,SIDESWIPE-SAME DIRECTION,CURVE & LEVEL,DAYLIGHT,,,8/19/2020 1:21:48 PM,False,0254,Accepted
27120278,0591300,FT. MITCHELL POLICE DEPARTMENT,Accepted,KENTON,I 0075,,I75 N,,,,,,,,,39.04312206,-84.579997843,185.9,8/18/2020 12:00:00 AM,712.0,3,3,0,0,CLEAR,DRY,False,REAR END IN TRAFFIC LANES BOTH VEHICLES MOVING,REAR END,STRAIGHT & GRADE,DAYLIGHT,,,8/24/2020 4:06:02 PM,False,FM14,Accepted
27099807,0591000,LAKESIDE PK/CRESTVIEW HILLS PD,Accepted,KENTON,I 0275,,I275 W,,,,,,,,,39.028631383,-84.577569943,82.51,8/18/2020 12:00:00 AM,1500.0,2,2,0,0,RAINING,WET,False,REAR END IN TRAFFIC LANES BOTH VEHICLES MOVING,REAR END,STRAIGHT & LEVEL,DAYLIGHT,,,8/19/2020 10:54:21 AM,False,1432,Accepted
27091461,1110000,TRIGG COUNTY SHERIFF DEPT.,Accepted,TRIGG,US0068,,BYPASS,RD,,KY0139,SOUTH,,,,,36.84405967,-87.82523409,18.38,8/17/2020 12:00:00 AM,830.0,2,2,0,1,CLEAR,DRY,False,ANGLE COLLISION - OTHER,ANGLE,STRAIGHT & GRADE,DAYLIGHT,,,8/17/2020 3:51:17 PM,False,206,Accepted
27099912,0591300,FT. MITCHELL POLICE DEPARTMENT,Accepted,KENTON,I 0075,,I75 N,,,,,,,,,39.051450977,-84.549482819,187.789,8/17/2020 12:00:00 AM,1431.0,2,2,0,0,CLEAR,DRY,False,VEHICLE BACKING NON INTERSECTION,BACKING,CURVE & GRADE,DAYLIGHT,,,8/19/2020 11:04:34 AM,False,FM14,Accepted
27144456,0568000,LOUISVILLE METRO POLICE DEPT,Accepted,JEFFERSON,I 0064,,I64 W,,,,,,,I 0064,I64 W EXIT8 OFF RAMP TO  GRINSTEAD DR,38.243093828,-85.695342879,8.215,8/16/2020 12:00:00 AM,0.0,2,2,0,0,CLEAR,DRY,False,COLLISION WITH FIXED OBJECT NON - INTERSECTION - FIRST EVENT COLLISION 09 - 32 EXCLUDING 16,REAR END,STRAIGHT & LEVEL,DARK-HWY LIGHTED/ON,,,8/30/2020 11:00:52 AM,False,7544,Accepted
27434181,0340200,LEXINGTON POLICE DEPARTMENT,Accepted,FAYETTE,,,HIGH,ST,E,KY1974,EUCLID,,,,,38.029372965,-84.490023669,0.003,8/16/2020 12:00:00 AM,1300.0,2,2,0,0,CLEAR,DRY,True,OTHER INTERSECTION COLLISIONS,REAR END,CURVE & LEVEL,DAYLIGHT,,,11/9/2020 11:17:43 AM,False,41228,Accepted
27092252,0730000,MCCRACKEN COUNTY SHERIFF DEPT.,Accepted,MCCRACKEN,I 0024,,I24 E,,,,,,,,,37.131938375,-88.687740122,0.499,8/16/2020 12:00:00 AM,1323.0,6,6,0,1,CLEAR,DRY,False,REAR END IN TRAFFIC LANES BOTH VEHICLES MOVING,REAR END,STRAIGHT & LEVEL,DAYLIGHT,,,8/17/2020 7:01:21 PM,False,43,Accepted
27122544,0730000,MCCRACKEN COUNTY SHERIFF DEPT.,Accepted,MCCRACKEN,I 0024,,I24 E,,,,,,,,,37.130531941,-88.688197109,0.599,8/15/2020 12:00:00 AM,1105.0,2,2,0,0,CLEAR,DRY,False,OTHER ROADWAY OR MID-BLOCK COLLISION,REAR END,STRAIGHT & GRADE,DAYLIGHT,,,8/25/2020 6:57:50 AM,False,20,Accepted
27086208,0591300,FT. MITCHELL POLICE DEPARTMENT,Accepted,KENTON,I 0075,,I75 N,,,,,,,,,39.051453587,-84.562093783,187.09,8/15/2020 12:00:00 AM,1145.0,2,2,0,0,CLEAR,DRY,False,REAR END IN TRAFFIC LANES BOTH VEHICLES MOVING,REAR END,STRAIGHT & LEVEL,DAYLIGHT,,,8/16/2020 4:05:24 PM,False,FM13,Accepted
27086210,0591300,FT. MITCHELL POLICE DEPARTMENT,Accepted,KENTON,I 0075,,I75 N,,,,,,,,,39.05139507,-84.549624974,187.781,8/15/2020 12:00:00 AM,1009.0,2,2,0,0,CLEAR,DRY,False,OTHER ROADWAY OR MID-BLOCK COLLISION,REAR TO REAR,STRAIGHT & LEVEL,DAYLIGHT,,,8/16/2020 4:05:28 PM,False,FM13,Accepted
27083556,0591300,FT. MITCHELL POLICE DEPARTMENT,Accepted,KENTON,I 0075,,I75 N,,,,,,,,,39.051502074,-84.561571162,187.12,8/15/2020 12:00:00 AM,1615.0,2,2,0,0,CLEAR,DRY,False,OTHER ROADWAY OR MID-BLOCK COLLISION,REAR END,STRAIGHT & GRADE,DAYLIGHT,,,8/15/2020 4:48:01 PM,False,FM05,Accepted
27108708,0591300,FT. MITCHELL POLICE DEPARTMENT,Accepted,KENTON,I 0075,,I75 N,,,,,,,,,39.051624559,-84.560097508,187.203,8/15/2020 12:00:00 AM,2238.0,3,3,0,0,CLEAR,DRY,True,OTHER ROADWAY OR MID-BLOCK COLLISION,REAR END,STRAIGHT & LEVEL,DARK-HWY LIGHTED/ON,,,8/21/2020 10:42:52 AM,False,FM17,Accepted
27085661,KSP0800,KY STATE POLICE POST 08,Accepted,LEWIS,KY0009,,GRAYSON,SPUR,,,,,,,,38.545224214,-83.220788084,4.259,8/14/2020 12:00:00 AM,1313.0,2,2,0,0,CLEAR,DRY,False,SIDESWIPE COLLISION - OPPOSITE DIRECTION,SIDESWIPE-OPPOSITE DIRECTION,STRAIGHT & LEVEL,DAYLIGHT,,,8/16/2020 10:27:44 AM,False,887,Accepted
27083502,0730000,MCCRACKEN COUNTY SHERIFF DEPT.,Accepted,MCCRACKEN,I 0024,,I24 E,,,,,,,,,37.105067309,-88.69098305,2.411,8/14/2020 12:00:00 AM,1506.0,2,2,0,0,CLEAR,DRY,False,SIDESWIPE COLLISION - SAME DIRECTION,SIDESWIPE-SAME DIRECTION,STRAIGHT & LEVEL,DAYLIGHT,,,8/15/2020 4:18:50 PM,False,52,Accepted
27096166,0591000,LAKESIDE PK/CRESTVIEW HILLS PD,Accepted,KENTON,I 0275,,I275 W,,,,,,,,,39.031689615,-84.585098894,82.97,8/14/2020 12:00:00 AM,1518.0,3,3,0,3,CLEAR,DRY,False,REAR END IN TRAFFIC LANES BOTH VEHICLES MOVING,REAR END,STRAIGHT & LEVEL,DAYLIGHT,,,8/18/2020 3:14:47 PM,False,1427,Accepted
27095455,KSP0200,KY STATE POLICE POST 02,Accepted,HOPKINS,US0041,,US41 TURN LANE,,,,,,,,,37.348028991,-87.498251442,0.001,8/14/2020 12:00:00 AM,940.0,2,2,0,0,CLEAR,DRY,False,1 VEHICLE ENTERING/LEAVING ENTRANCE,ANGLE,STRAIGHT & LEVEL,DAYLIGHT,,,8/18/2020 11:55:02 AM,False,1043,Accepted
27094111,0590100,COVINGTON POLICE DEPARTMENT,Accepted,KENTON,I 0075,,I75 S,,,,,,,,,39.080891383,-84.522109798,190.798,8/13/2020 12:00:00 AM,1525.0,2,2,0,0,CLEAR,DRY,False,REAR END IN TRAFFIC LANES BOTH VEHICLES MOVING,REAR END,STRAIGHT & LEVEL,DAYLIGHT,,,8/18/2020 7:57:15 AM,False,0254,Accepted
27085762,0980100,PIKEVILLE POLICE DEPARTMENT,Accepted,PIKE,US0023,,US23,,,,,,,,,37.447912889,-82.514297881,20.157,8/13/2020 12:00:00 AM,756.0,3,3,0,1,CLOUDY,DRY,False,REAR END IN TRAFFIC LANES BOTH VEHICLES MOVING,REAR END,STRAIGHT & LEVEL,DAYLIGHT,,,8/16/2020 12:01:30 PM,False,106,Accepted
27078576,0980100,PIKEVILLE POLICE DEPARTMENT,Accepted,PIKE,US0023,,US23,,,,,,,,,37.45231947,-82.523028954,21.541,8/13/2020 12:00:00 AM,1610.0,2,2,0,0,CLEAR,DRY,False,VEHICLE BACKING NON INTERSECTION,BACKING,STRAIGHT & LEVEL,DAYLIGHT,,,8/14/2020 6:38:51 AM,False,120,Accepted
27080426,0590400,FT. WRIGHT POLICE DEPARTMENT,Accepted,KENTON,I 0075,,I75 N,,,,,I 0075,I75 N EXIT188 ON RAMP FROM  DIXIE HWY,I 0075,I75 N EXIT189 OFF RAMP TO  KYLES LN,39.056824167,-84.542386354,188.327,8/12/2020 12:00:00 AM,746.0,2,2,0,0,CLEAR,DRY,False,REAR END IN TRAFFIC LANES BOTH VEHICLES MOVING,REAR END,STRAIGHT & LEVEL,DAYLIGHT,,,8/14/2020 2:28:46 PM,False,407,Accepted
27074427,0730100,PADUCAH POLICE DEPARTMENT,Accepted,MCCRACKEN,I 0024,,I24 E,,,,,I 0024,I24 E EXIT4 ON RAMP TO US60,I 0024,I24 E EXIT7 OFF RAMP TO US62,37.07608375,-88.679401542,4.525,8/12/2020 12:00:00 AM,1103.0,2,2,0,0,CLOUDY,WET,False,SIDESWIPE COLLISION - SAME DIRECTION,SIDESWIPE-SAME DIRECTION,STRAIGHT & GRADE,DAYLIGHT,,,8/13/2020 8:48:27 AM,False,373,Accepted
27081145,0730100,PADUCAH POLICE DEPARTMENT,Accepted,MCCRACKEN,I 0024,4,I24 E,,,I 0024,I24 E EXIT4 ON RAMP TO US60,,,,,37.07628504,-88.679569813,4.508,8/12/2020 12:00:00 AM,1406.0,2,2,0,0,CLOUDY,WET,False,SIDESWIPE-SAME DIRECTION,SIDESWIPE-SAME DIRECTION,STRAIGHT & LEVEL,DAYLIGHT,,,8/14/2020 5:38:14 PM,False,314,Accepted
27073019,0590300,ERLANGER POLICE DEPARTMENT,Accepted,KENTON,I 0075,,,,,,,,,,,39.037251262,-84.602855514,0.644,8/12/2020 12:00:00 AM,1511.0,2,2,0,0,CLEAR,DRY,True,OTHER RAMP RELATED COLLISIONS NOT LISTED ABOVE,SIDESWIPE-SAME DIRECTION,CURVE & LEVEL,DAYLIGHT,I 0075,I 0275,8/13/2020 12:42:25 AM,False,107,Accepted
27074429,0730100,PADUCAH POLICE DEPARTMENT,Accepted,MCCRACKEN,I 0024,,I24 W,,,,,I 0024,I24 W EXIT7 ON RAMP FROM US62,I 0024,I24 W EXIT7 OFF RAMP TO US45,37.054840453,-88.652837645,6.607,8/12/2020 12:00:00 AM,1058.0,1,1,0,0,RAINING,WET,False,OTHER ROADWAY OR MID-BLOCK COLLISION,SINGLE VEHICLE,STRAIGHT & GRADE,DAYLIGHT,,,8/13/2020 8:48:36 AM,False,244,Accepted
27067209,0590300,ERLANGER POLICE DEPARTMENT,Accepted,KENTON,I 0075,,,,,,,,,,,39.037354269,-84.603626936,0.687,8/11/2020 12:00:00 AM,620.0,2,2,0,0,CLEAR,DRY,False,OTHER RAMP RELATED COLLISIONS NOT LISTED ABOVE,SIDESWIPE-SAME DIRECTION,CURVE & HILLCREST,DAYLIGHT,I 0075,I 0275,8/11/2020 5:24:20 PM,False,131,Accepted
27065830,0590400,FT. WRIGHT POLICE DEPARTMENT,Accepted,KENTON,I 0075,,I75 N,,,,,I 0075,I75 N EXIT188 ON RAMP FROM  DIXIE HWY,I 0075,I75 N EXIT189 OFF RAMP TO  KYLES LN,39.056514312,-84.542763949,188.298,8/11/2020 12:00:00 AM,702.0,2,2,0,0,CLEAR,DRY,False,REAR END IN TRAFFIC LANES BOTH VEHICLES MOVING,REAR END,STRAIGHT & LEVEL,DAYLIGHT,,,8/11/2020 12:10:27 PM,False,407,Accepted
27067210,0590300,ERLANGER POLICE DEPARTMENT,Accepted,KENTON,I 0275,,I275 W,,,,,,,,,39.038768335,-84.607715446,0.522,8/11/2020 12:00:00 AM,620.0,2,2,0,0,CLEAR,DRY,True,REAR END IN TRAFFIC LANES BOTH VEHICLES MOVING,REAR END,CURVE & HILLCREST,DAYLIGHT,,,8/11/2020 5:24:24 PM,False,131,Accepted
27069497,0568000,LOUISVILLE METRO POLICE DEPT,Accepted,JEFFERSON,I 0071,,I71 N,,,I 0071,I71 S EXIT35A RAMP TO I71 N,,,,,38.314481217,-85.582382993,9.056,8/11/2020 12:00:00 AM,2054.0,2,2,0,1,CLEAR,DRY,False,OTHER INTERSECTION COLLISIONS,REAR END,STRAIGHT & LEVEL,DUSK,,,8/12/2020 8:11:08 AM,False,7159,Accepted
27064609,0590100,COVINGTON POLICE DEPARTMENT,Accepted,KENTON,I 0075,,I75 S,,,,,,,,,39.082761714,-84.522658662,190.936,8/11/2020 12:00:00 AM,4.0,2,2,0,0,RAINING,WET,False,SIDESWIPE COLLISION - SAME DIRECTION,SIDESWIPE-SAME DIRECTION,CURVE & LEVEL,DARK-HWY LIGHTED/ON,,,8/11/2020 8:03:28 AM,False,0287,Accepted
27072704,0980100,PIKEVILLE POLICE DEPARTMENT,Accepted,PIKE,US0023,,US23,,,,,,,,,37.458104108,-82.517330181,22.057,8/10/2020 12:00:00 AM,821.0,3,3,0,0,CLEAR,DRY,False,REAR END IN TRAFFIC LANES BOTH VEHICLES MOVING,REAR END,STRAIGHT & LEVEL,DAYLIGHT,,,8/12/2020 10:41:15 PM,False,110,Accepted
27063977,0590300,ERLANGER POLICE DEPARTMENT,Accepted,KENTON,I 0075,,,,,,,,,,,39.037218935,-84.602765291,0.649,8/10/2020 12:00:00 AM,1955.0,2,2,0,0,CLEAR,DRY,False,OTHER RAMP RELATED COLLISIONS NOT LISTED ABOVE,SIDESWIPE-SAME DIRECTION,STRAIGHT & LEVEL,DAYLIGHT,I 0075,I 0275,8/11/2020 5:13:40 AM,False,151,Accepted
27062140,0590100,COVINGTON POLICE DEPARTMENT,Accepted,KENTON,I 0075,,I75 S,,,,,,,,,39.061384944,-84.526713581,189.264,8/10/2020 12:00:00 AM,1202.0,2,2,0,0,RAINING,WET,False,REAR END IN TRAFFIC LANES BOTH VEHICLES MOVING,REAR END,STRAIGHT & GRADE,DAYLIGHT,,,8/10/2020 3:54:27 PM,False,0254,Accepted
27067344,0591000,LAKESIDE PK/CRESTVIEW HILLS PD,Accepted,KENTON,I 0275,,I275 W,,,,,,,,,39.031904759,-84.587097494,83.078,8/9/2020 12:00:00 AM,1353.0,2,2,0,0,CLEAR,DRY,False,REAR END IN TRAFFIC LANES BOTH VEHICLES MOVING,REAR END,STRAIGHT & LEVEL,DAYLIGHT,,,8/11/2020 6:04:27 PM,False,1410,Accepted
27064606,0590100,COVINGTON POLICE DEPARTMENT,Accepted,KENTON,I 0075,,I75 S,,,,,,,,,39.077292474,-84.520478142,190.521,8/9/2020 12:00:00 AM,2300.0,2,2,0,1,CLEAR,DRY,False,REAR END IN TRAFFIC LANES BOTH VEHICLES MOVING,REAR END,STRAIGHT & LEVEL,DARK-HWY LIGHTED/ON,,,8/11/2020 8:03:22 AM,False,0278,Accepted
27059086,0340200,LEXINGTON POLICE DEPARTMENT,Accepted,FAYETTE,US0060,,HIGH,ST,W,,,,LEXINGTON CENTER,,MERINO,38.04879971,-84.502907496,8.114,8/9/2020 12:00:00 AM,310.0,1,1,0,1,CLEAR,DRY,False,OTHER ROADWAY OR MID-BLOCK COLLISION,SINGLE VEHICLE,STRAIGHT & LEVEL,DARK-HWY LIGHTED/ON,,,8/10/2020 5:58:16 AM,False,56241,Accepted
27065844,0530100,CLINTON POLICE DEPARTMENT,Accepted,HICKMAN,KY0058,,MAYFIELD,HWY,,US0051,WASHINGTON,,,,,36.665292216,-88.993597061,10.146,8/8/2020 12:00:00 AM,1147.0,2,2,0,0,CLEAR,DRY,False,VEHICLE BACKING IN INTERSECTION,BACKING,STRAIGHT & LEVEL,DAYLIGHT,,,8/11/2020 12:14:27 PM,False,102,Accepted
27069578,0591000,LAKESIDE PK/CRESTVIEW HILLS PD,Accepted,KENTON,I 0275,,I275 W,,,,,,,,,39.026286145,-84.56837967,81.987,8/8/2020 12:00:00 AM,1247.0,2,2,0,0,CLEAR,DRY,False,SIDESWIPE COLLISION - SAME DIRECTION,SIDESWIPE-SAME DIRECTION,STRAIGHT & HILLCREST,DAYLIGHT,,,8/12/2020 8:18:31 AM,False,1427,Accepted
27069701,0080000,BOONE COUNTY SHERIFF DEPT.,Accepted,BOONE,I 0275,,I275 E,,,,,,,,,39.08027474,-84.714787257,7.288,8/8/2020 12:00:00 AM,1119.0,2,2,0,0,CLEAR,DRY,False,SIDESWIPE COLLISION - SAME DIRECTION,SIDESWIPE-SAME DIRECTION,STRAIGHT & LEVEL,DAYLIGHT,,,8/12/2020 8:49:57 AM,False,3761,Accepted
27055682,KSP0100,KY STATE POLICE POST 01,Accepted,TRIGG,I 0024,,,,,,,,,,,36.883818931,-87.737688147,0.212,8/8/2020 12:00:00 AM,1600.0,2,2,0,0,CLEAR,DRY,False,OTHER RAMP RELATED COLLISIONS NOT LISTED ABOVE,SIDESWIPE-SAME DIRECTION,CURVE & LEVEL,DAYLIGHT,US0068,I 0024,8/8/2020 11:45:26 PM,False,410,Accepted
27065382,1110000,TRIGG COUNTY SHERIFF DEPT.,Accepted,TRIGG,I 0024,,I24 E,,,,,,,,,36.89048674,-87.748998732,64.368,8/8/2020 12:00:00 AM,1345.0,1,1,0,0,CLEAR,DRY,False,OTHER ROADWAY OR MID-BLOCK COLLISION,SINGLE VEHICLE,STRAIGHT & LEVEL,DAYLIGHT,,,8/11/2020 10:48:53 AM,False,204,Accepted
27060703,0730100,PADUCAH POLICE DEPARTMENT,Accepted,MCCRACKEN,I 0024,,I24 W,,,,,I 0024,I24 W EXIT7 ON RAMP FROM US62,I 0024,I24 W EXIT7 OFF RAMP TO US45,37.055275527,-88.653156687,6.573,8/7/2020 12:00:00 AM,1138.0,8,1,0,6,CLEAR,DRY,False,SIDESWIPE COLLISION - SAME DIRECTION,SIDESWIPE-SAME DIRECTION,STRAIGHT & GRADE,DAYLIGHT,,,8/10/2020 10:58:30 AM,True,244,Accepted
27060107,0590100,COVINGTON POLICE DEPARTMENT,Accepted,KENTON,I 0075,,I75 S,,,,,,,,,39.075646228,-84.519622803,190.392,8/7/2020 12:00:00 AM,1223.0,2,2,0,0,CLEAR,DRY,False,SIDESWIPE COLLISION - SAME DIRECTION,SIDESWIPE-SAME DIRECTION,STRAIGHT & LEVEL,DAYLIGHT,,,8/10/2020 9:21:56 AM,False,0254,Accepted
27053890,0080000,BOONE COUNTY SHERIFF DEPT.,Accepted,BOONE,,,GLENVIEW,DR,,,DEER CREEK,,,,,39.110948654,-84.727782641,0.002,8/7/2020 12:00:00 AM,1102.0,2,2,0,0,CLEAR,DRY,False,COLLISION WITH PARKED VEHICLE,ANGLE,STRAIGHT & GRADE,DAYLIGHT,,,8/8/2020 7:33:34 AM,False,3719,Accepted
27060190,0590100,COVINGTON POLICE DEPARTMENT,Accepted,KENTON,I 0075,,I75 S,,,,,,,,,39.08341424,-84.52272676,190.984,8/7/2020 12:00:00 AM,1144.0,2,2,0,0,CLEAR,DRY,False,REAR END IN TRAFFIC LANES BOTH VEHICLES MOVING,REAR END,STRAIGHT & LEVEL,DAYLIGHT,,,8/10/2020 9:31:37 AM,False,0230,Accepted
27062344,0590000,KENTON COUNTY SHERIFF DEPT.,Accepted,KENTON,I 0275,,I275 W,,,,,,,,,39.029947614,-84.58003267,82.672,8/7/2020 12:00:00 AM,1914.0,2,2,0,0,CLEAR,DRY,False,REAR END IN TRAFFIC LANES BOTH VEHICLES MOVING,REAR END,STRAIGHT & LEVEL,DAYLIGHT,,,8/10/2020 4:41:46 PM,False,407,Accepted
27069699,0080000,BOONE COUNTY SHERIFF DEPT.,Accepted,BOONE,I 0075,,I75 S,,,,,,,,,38.955109544,-84.634550867,177.95,8/7/2020 12:00:00 AM,1743.0,2,2,0,0,CLEAR,DRY,False,REAR END IN TRAFFIC LANES BOTH VEHICLES MOVING,REAR END,STRAIGHT & LEVEL,DAYLIGHT,,,8/12/2020 8:49:41 AM,False,3761,Accepted
27056969,0080000,BOONE COUNTY SHERIFF DEPT.,Accepted,BOONE,US0042,,US42,,,,,KY0536,MT ZION,,WHISPERING,38.942840412,-84.676059362,9.894,8/7/2020 12:00:00 AM,2255.0,4,4,0,0,CLEAR,DRY,False,HEAD-ON COLLISION,HEAD ON,STRAIGHT & LEVEL,DARK-HWY NOT LIGHTED,,,8/9/2020 1:21:09 PM,False,3759,Accepted
27057575,0930400,OLDHAM COUNTY POLICE DEPT.,Accepted,OLDHAM,I 0071,,I71 S,,,,,I 0071,I71 S REST AREA13 OFF RAMP,I 0071,I71 S EXIT14 ON RAMP FROM KY329,38.343528818,-85.499520183,14.055,8/6/2020 12:00:00 AM,18.0,2,2,0,0,CLEAR,DRY,False,1 VEHICLE PARKED POSITION (NOT PARKING LOT/DRIVEWAY),REAR END,STRAIGHT & GRADE,DARK-HWY LIGHTED/ON,,,8/9/2020 5:43:30 PM,False,3063,Accepted
27048786,0570000,JESSAMINE COUNTY SHERIFF DEPT.,Accepted,JESSAMINE,US0027,,DANVILLE,RD,,,,,,,,37.779150065,-84.610332406,0.791,8/6/2020 12:00:00 AM,30.0,1,1,0,0,CLEAR,DRY,True,COLLISION WITH FIXED OBJECT NON - INTERSECTION - FIRST EVENT COLLISION 09 - 32 EXCLUDING 16,SINGLE VEHICLE,STRAIGHT & GRADE,DARK-HWY NOT LIGHTED,,,8/7/2020 12:12:59 AM,False,720,Accepted
27051153,0080000,BOONE COUNTY SHERIFF DEPT.,Accepted,BOONE,I 0075,,I75 S,,,I 0075,I75 S EXIT175 ON RAMP FROM  RICHWOOD DR,,,,,38.91432427,-84.628836373,175.147,8/6/2020 12:00:00 AM,1930.0,2,2,0,0,CLEAR,DRY,False,SIDESWIPE-SAME DIRECTION,SIDESWIPE-SAME DIRECTION,STRAIGHT & LEVEL,DAYLIGHT,,,8/7/2020 11:44:46 AM,False,3700,Accepted
27048598,0300100,OWENSBORO POLICE DEPARTMENT,Accepted,DAVIESS,KY2262,100,GLOVER CARY BRIDGE,,,,,,,,,37.782218084,-87.109596253,1.229,8/6/2020 12:00:00 AM,1605.0,3,3,0,1,CLOUDY,DRY,False,OTHER ROADWAY OR MID-BLOCK COLLISION,REAR END,STRAIGHT & LEVEL,DAYLIGHT,,,8/6/2020 10:55:10 PM,False,389,Accepted
27045056,0590300,ERLANGER POLICE DEPARTMENT,Accepted,KENTON,I 0075,,,,,,,,,,,39.037271564,-84.603002531,0.653,8/5/2020 12:00:00 AM,1459.0,2,2,0,0,CLEAR,DRY,False,OTHER RAMP RELATED COLLISIONS NOT LISTED ABOVE,SIDESWIPE-SAME DIRECTION,CURVE & LEVEL,DAYLIGHT,I 0075,I 0275,8/6/2020 4:57:09 AM,False,160,Accepted
27160078,0730100,PADUCAH POLICE DEPARTMENT,Accepted,MCCRACKEN,I 0024,,I24 W,,,,,I 0024,I24 W EXIT7 ON RAMP FROM US62,I 0024,I24 W EXIT4 OFF RAMP TO US60,37.075346388,-88.678404354,4.594,8/5/2020 12:00:00 AM,1130.0,2,2,0,0,CLEAR,DRY,True,REAR END IN TRAFFIC LANES BOTH VEHICLES MOVING,REAR END,STRAIGHT & LEVEL,DAYLIGHT,,,9/2/2020 3:23:10 PM,False,373,Accepted
27044885,0591000,LAKESIDE PK/CRESTVIEW HILLS PD,Accepted,KENTON,I 0275,,I275 W,,,,,,,,,39.026564607,-84.570550106,82.106,8/5/2020 12:00:00 AM,645.0,3,3,0,0,CLEAR,DRY,True,REAR END IN TRAFFIC LANES BOTH VEHICLES MOVING,REAR END,STRAIGHT & LEVEL,DAYLIGHT,,,8/6/2020 2:44:54 AM,False,1427,Accepted
27065901,0591300,FT. MITCHELL POLICE DEPARTMENT,Accepted,KENTON,I 0075,,I75 S,,,,,,,,,39.051884052,-84.557089436,187.351,8/5/2020 12:00:00 AM,1433.0,2,2,0,0,CLEAR,DRY,False,REAR END IN TRAFFIC LANES BOTH VEHICLES MOVING,REAR END,CURVE & GRADE,DAYLIGHT,,,8/11/2020 12:27:16 PM,False,FM14,Accepted
27060127,1030000,ROWAN COUNTY SHERIFF DEPT.,Accepted,ROWAN,I 0064,,I64 E,,,,,,,,,38.185467906,-83.511442737,135.406,8/5/2020 12:00:00 AM,1120.0,3,3,0,0,CLEAR,DRY,False,REAR END IN TRAFFIC LANES BOTH VEHICLES MOVING,REAR END,STRAIGHT & GRADE,DAYLIGHT,,,8/10/2020 9:25:44 AM,False,S-10,Accepted
27045980,KSP0500,KY STATE POLICE POST 05,Accepted,CARROLL,I 0071,,I71 N,,,,,,,,,38.604486701,-85.170582879,40.248,8/4/2020 12:00:00 AM,1250.0,2,2,0,1,CLEAR,DRY,False,OTHER ROADWAY OR MID-BLOCK COLLISION,REAR END,CURVE & LEVEL,DAYLIGHT,,,8/6/2020 9:31:53 AM,False,524,Accepted
27045345,0590100,COVINGTON POLICE DEPARTMENT,Accepted,KENTON,I 0075,,I75 S,,,,,,,,,39.08229117,-84.522608906,190.902,8/4/2020 12:00:00 AM,1441.0,2,2,0,0,CLEAR,DRY,False,SIDESWIPE COLLISION - SAME DIRECTION,SIDESWIPE-SAME DIRECTION,STRAIGHT & LEVEL,DAYLIGHT,,,8/6/2020 7:05:40 AM,False,0271,Accepted