IncidentID,AgencyORI,AgencyName,IncidentStatusDesc,County,RdwyNumber,Street,RoadwayName,StreetSfx,StreetDir,IntersectionRdwy,IntersectionRdwyName,BetweenStRdwy1,BetweenStRdwyName1,BetweenStRdwy2,BetweenStRdwyName2,Latitude,Longitude,Milepoint,CollisionDate,CollisionTime,UnitsInvolved,MotorVehiclesInvolved,NumberKilled,NumberInjured,Weather,RdwyConditionCode,HitandRun,DirAnalysisCode,MannerofCollision,RdwyCharacter,LightCondition,RampFromRdwyId,RampToRdwyId,AcceptedDate,IsSecondaryCollision,OwnerBadge,IncidentStatus
27044883,0591000,LAKESIDE PK/CRESTVIEW HILLS PD,Accepted,KENTON,I 0275,,I275 W,,,,,,,,,39.026368536,-84.568949585,82.019,8/4/2020 12:00:00 AM,1443.0,2,2,0,0,CLEAR,DRY,False,SIDESWIPE COLLISION - SAME DIRECTION,SIDESWIPE-SAME DIRECTION,STRAIGHT & GRADE,DAYLIGHT,,,8/6/2020 2:44:45 AM,False,1403,Accepted
27040076,0340200,LEXINGTON POLICE DEPARTMENT,Accepted,FAYETTE,I 0075,,I75 S,,,,,,,,,38.108005414,-84.502770445,116.327,8/4/2020 12:00:00 AM,2051.0,2,2,0,0,CLEAR,DRY,False,SIDESWIPE COLLISION - SAME DIRECTION,SIDESWIPE-SAME DIRECTION,STRAIGHT & LEVEL,DUSK,,,8/5/2020 2:10:52 AM,False,55458,Accepted
27042816,0591300,FT. MITCHELL POLICE DEPARTMENT,Accepted,KENTON,I 0075,,I75 N,,,,,,,,,39.047065605,-84.574439927,186.317,8/3/2020 12:00:00 AM,1153.0,2,2,0,0,CLOUDY,DRY,False,OTHER ROADWAY OR MID-BLOCK COLLISION,REAR END,STRAIGHT & LEVEL,DAYLIGHT,,,8/5/2020 3:26:52 PM,False,FM14,Accepted
27037223,0591000,LAKESIDE PK/CRESTVIEW HILLS PD,Accepted,KENTON,I 0275,,I275 W,,,,,,,,,39.026394046,-84.569235815,82.034,8/3/2020 12:00:00 AM,1204.0,2,2,0,2,CLEAR,DRY,False,REAR END IN TRAFFIC LANES BOTH VEHICLES MOVING,REAR END,STRAIGHT & GRADE,DAYLIGHT,,,8/4/2020 11:34:42 AM,False,1403,Accepted
27039893,0080000,BOONE COUNTY SHERIFF DEPT.,Accepted,BOONE,I 0075,,I75 S,,,,,I 0075,I75 S EXIT178 OFF RAMP TO  MT ZION RD,I 0075,I75 S EXIT180 ON RAMP FROM,38.963443688,-84.635653572,178.514,8/3/2020 12:00:00 AM,1645.0,2,2,0,0,CLOUDY,DRY,False,REAR END IN TRAFFIC LANES BOTH VEHICLES MOVING,REAR END,STRAIGHT & LEVEL,DAYLIGHT,,,8/5/2020 12:56:06 AM,False,3744,Accepted
27037022,0591000,LAKESIDE PK/CRESTVIEW HILLS PD,Accepted,KENTON,I 0275,,I275 W,,,,,,,,,39.030940059,-84.582159877,82.805,8/2/2020 12:00:00 AM,1214.0,2,2,0,0,CLEAR,DRY,False,REAR END IN TRAFFIC LANES BOTH VEHICLES MOVING,REAR END,STRAIGHT & LEVEL,DAYLIGHT,,,8/4/2020 10:46:33 AM,False,1432,Accepted
27033464,0080000,BOONE COUNTY SHERIFF DEPT.,Accepted,BOONE,I 0075,,I75 S,,,,,,,,,38.913398803,-84.628758893,175.083,8/1/2020 12:00:00 AM,1334.0,2,2,0,1,CLOUDY,DRY,False,REAR END IN TRAFFIC LANES BOTH VEHICLES MOVING,REAR END,STRAIGHT & LEVEL,DAYLIGHT,,,8/3/2020 2:49:06 PM,False,3765,Accepted
27091512,1110000,TRIGG COUNTY SHERIFF DEPT.,Accepted,TRIGG,I 0024,,I24 W,,,,,,,,,36.931018041,-87.814263576,59.8,8/1/2020 12:00:00 AM,941.0,3,3,0,1,CLOUDY,WET,False,REAR END IN TRAFFIC LANES BOTH VEHICLES MOVING,REAR END,STRAIGHT & LEVEL,DAYLIGHT,,,8/17/2020 3:59:21 PM,False,208,Accepted
27032838,0590100,COVINGTON POLICE DEPARTMENT,Accepted,KENTON,I 0075,189.9,I75 N,,,,,,,,,39.062287411,-84.524326641,189.414,8/1/2020 12:00:00 AM,2105.0,4,4,0,0,RAINING,WET,True,COLLISION WITH FIXED OBJECT NON - INTERSECTION - FIRST EVENT COLLISION 09 - 32 EXCLUDING 16,SIDESWIPE-SAME DIRECTION,CURVE & HILLCREST,DARK-HWY LIGHTED/ON,,,8/3/2020 12:06:26 PM,False,0321,Accepted
27054376,0360100,PRESTONSBURG POLICE DEPARTMENT,Accepted,FLOYD,KY0404,,KY404,,,,,,,,,37.65114185,-82.815473377,8.154,7/31/2020 12:00:00 AM,949.0,2,2,0,0,CLEAR,DRY,False,VEHICLE BACKING NON INTERSECTION,BACKING,STRAIGHT & HILLCREST,DAYLIGHT,,,8/8/2020 3:07:05 PM,False,519,Accepted
27024282,0590300,ERLANGER POLICE DEPARTMENT,Accepted,KENTON,I 0075,,,,,,,,,,,39.037648881,-84.604889236,0.757,7/31/2020 12:00:00 AM,1458.0,1,1,0,0,CLEAR,DRY,False,COLLISION WITH FIXED OBJECT NOT IN GORE ,SINGLE VEHICLE,CURVE & LEVEL,DARK-HWY LIGHTED/ON,I 0075,I 0275,7/31/2020 5:27:59 PM,False,152,Accepted
27035819,0090100,PARIS POLICE DEPARTMENT,Accepted,BOURBON,US0068X,,MAIN,ST,S,,,,,,,38.202176903,-84.261984831,0.732,7/31/2020 12:00:00 AM,1225.0,2,2,0,0,CLOUDY,WET,False,REAR END IN TRAFFIC LANES BOTH VEHICLES MOVING,REAR END,STRAIGHT & LEVEL,DAYLIGHT,,,8/4/2020 6:34:31 AM,False,525,Accepted
27037021,0591000,LAKESIDE PK/CRESTVIEW HILLS PD,Accepted,KENTON,I 0275,,I275 W,,,,,,,,,39.027494625,-84.544583479,80.685,7/31/2020 12:00:00 AM,1259.0,2,2,0,0,CLOUDY,DRY,False,REAR END IN TRAFFIC LANES BOTH VEHICLES MOVING,REAR END,STRAIGHT & GRADE,DAYLIGHT,,,8/4/2020 10:46:29 AM,False,1427,Accepted
27028389,KSP0800,KY STATE POLICE POST 08,Accepted,ROWAN,I 0064,,I64 E,,,,,,,,,38.186372619,-83.502623478,135.893,7/31/2020 12:00:00 AM,1324.0,2,2,0,0,CLEAR,DRY,True,REAR END IN TRAFFIC LANES BOTH VEHICLES MOVING,REAR END,STRAIGHT & LEVEL,DAYLIGHT,,,8/2/2020 11:29:51 AM,False,339,Accepted
27023871,0080000,BOONE COUNTY SHERIFF DEPT.,Accepted,BOONE,KY0338,,RICHWOOD,RD,,,,I 0075,I75 S EXIT175 OFF RAMP TO  RICHWOOD DR,I 0075,I75 N EXIT175 ON RAMP FROM  RICHWOOD DR,38.91757502,-84.629342225,0.283,7/31/2020 12:00:00 AM,1007.0,2,2,0,0,CLOUDY,DRY,False,OTHER ROADWAY OR MID-BLOCK COLLISION,REAR END,STRAIGHT & LEVEL,DAYLIGHT,,,7/31/2020 3:41:13 PM,False,3719,Accepted
27024280,0590300,ERLANGER POLICE DEPARTMENT,Accepted,KENTON,I 0075,,,,,,,,,,,39.032567045,-84.602364198,0.283,7/31/2020 12:00:00 AM,900.0,2,2,0,0,CLOUDY,DRY,True,OTHER RAMP RELATED COLLISIONS NOT LISTED ABOVE,REAR END,STRAIGHT & LEVEL,DAYLIGHT,I 0075,I 0275,7/31/2020 5:27:53 PM,False,134,Accepted
27024281,0590300,ERLANGER POLICE DEPARTMENT,Accepted,KENTON,I 0075,,,,,,,,,,,39.038338873,-84.606833527,0.872,7/31/2020 12:00:00 AM,1208.0,2,2,0,0,CLOUDY,DRY,False,OTHER RAMP RELATED COLLISIONS NOT LISTED ABOVE,SIDESWIPE-SAME DIRECTION,CURVE & LEVEL,DAYLIGHT,I 0075,I 0275,7/31/2020 5:27:56 PM,False,157,Accepted
27078103,1170000,WEBSTER COUNTY SHERIFF DEPT.,Accepted,WEBSTER,KY0056,,KY56,,,,,,,,,37.61305415,-87.548858736,11.194,7/30/2020 12:00:00 AM,1505.0,2,1,0,0,CLEAR,DRY,False,REAR END IN TRAFFIC LANES BOTH VEHICLES MOVING,REAR END,STRAIGHT & GRADE,DAYLIGHT,,,8/14/2020 3:01:30 AM,False,82,Accepted
27020042,0590300,ERLANGER POLICE DEPARTMENT,Accepted,KENTON,I 0075,,,,,,,,,,,39.037249881,-84.60289242,0.517,7/29/2020 12:00:00 AM,1707.0,2,2,0,0,CLEAR,DRY,True,OTHER RAMP RELATED COLLISIONS NOT LISTED ABOVE,SIDESWIPE-SAME DIRECTION,CURVE & GRADE,DAYLIGHT,I 0075,I 0275,7/30/2020 5:12:53 PM,False,164,Accepted
27015752,0590300,ERLANGER POLICE DEPARTMENT,Accepted,KENTON,I 0075,,,,,,,,,,,39.037243615,-84.602790133,0.641,7/29/2020 12:00:00 AM,1945.0,2,2,0,0,CLEAR,DRY,False,OTHER RAMP RELATED COLLISIONS NOT LISTED ABOVE,SIDESWIPE-SAME DIRECTION,CURVE & LEVEL,DAYLIGHT,I 0075,I 0275,7/29/2020 11:06:12 PM,False,166,Accepted
27015076,0590300,ERLANGER POLICE DEPARTMENT,Accepted,KENTON,I 0275,,I275 W,,,,,,,,,39.031750656,-84.586176019,83.028,7/29/2020 12:00:00 AM,625.0,1,1,0,0,CLEAR,DRY,False,OTHER ROADWAY OR MID-BLOCK COLLISION,SINGLE VEHICLE,STRAIGHT & LEVEL,DAYLIGHT,,,7/29/2020 6:16:09 PM,False,164,Accepted
27019491,0340200,LEXINGTON POLICE DEPARTMENT,Accepted,FAYETTE,KY0004,,NEW CIRCLE,RD,W,,,,,,,38.075033415,-84.498787975,9.125,7/29/2020 12:00:00 AM,725.0,1,1,0,0,CLEAR,DRY,False,COLLISION WITH NON-FIXED OBJECT ,SINGLE VEHICLE,STRAIGHT & LEVEL,DAYLIGHT,,,7/30/2020 3:10:31 PM,False,55080,Accepted
27354625,0120000,BRACKEN COUNTY SHERIFF DEPT.,Accepted,BRACKEN,KY0009,,AA,HWY,N,,,,,,,38.758702228,-84.15089452,13.607,7/29/2020 12:00:00 AM,1046.0,2,2,0,2,CLEAR,DRY,False,MEDIAN CROSS-OVER COLLISION ,SIDESWIPE-SAME DIRECTION,STRAIGHT & HILLCREST,DAYLIGHT,,,10/20/2020 11:09:33 AM,False,65,Accepted
27009091,1140000,WARREN COUNTY SHERIFF DEPT.,Accepted,WARREN,KY0185,,KY185,,,,,,SCOGGINS,,PENNS CHAPEL,37.106618425,-86.426870778,,7/28/2020 12:00:00 AM,816.0,2,2,0,1,CLOUDY,DRY,False,OTHER ROADWAY OR MID-BLOCK COLLISION,REAR END,CURVE & GRADE,DAYLIGHT,,,7/28/2020 2:36:18 PM,False,441,Accepted
27013002,0470000,HARDIN COUNTY SHERIFF DEPT.,Accepted,HARDIN,US0031W,,DIXIE,HWY,N,,,,,,,37.766208245,-85.90182829,22.275,7/28/2020 12:00:00 AM,1304.0,2,2,0,0,CLEAR,DRY,True,SIDESWIPE COLLISION - SAME DIRECTION,SIDESWIPE-SAME DIRECTION,STRAIGHT & LEVEL,DAYLIGHT,,,7/29/2020 10:40:58 AM,False,956,Accepted
27019509,0591300,FT. MITCHELL POLICE DEPARTMENT,Accepted,KENTON,I 0075,,I75 S,,,,,,,,,39.051884611,-84.556993033,187.356,7/27/2020 12:00:00 AM,1327.0,3,3,0,2,CLOUDY,DRY,False,SIDESWIPE COLLISION - SAME DIRECTION,SIDESWIPE-SAME DIRECTION,CURVE & GRADE,DAYLIGHT,,,7/30/2020 3:19:00 PM,False,FM14,Accepted
27027044,0370200,KY STATE POLICE CVE,Accepted,LAUREL,I 0075,,I75 N,,,,,,,,,37.032789274,-84.097803254,32.795,7/27/2020 12:00:00 AM,1415.0,2,2,0,0,CLEAR,DRY,False,SIDESWIPE COLLISION - SAME DIRECTION,SIDESWIPE-SAME DIRECTION,STRAIGHT & GRADE,DAYLIGHT,,,8/1/2020 8:55:44 PM,False,C-319,Accepted
27028281,0540000,HOPKINS COUNTY SHERIFF DEPT.,Accepted,HOPKINS,EB9004,,EB9004 N,,,,,,,,,37.150960264,-87.464323211,29.724,7/27/2020 12:00:00 AM,1355.0,1,1,0,0,CLEAR,DRY,False,OTHER ROADWAY OR MID-BLOCK COLLISION,SINGLE VEHICLE,STRAIGHT & LEVEL,DAYLIGHT,,,8/2/2020 9:54:50 AM,False,306,Accepted
27014254,KSP0700,KY STATE POLICE POST 07,Accepted,MADISON,KY0627,,BOONESBOROUGH,RD,,I 0075,I75 S EXIT95 OFF RAMP TO KY627,,,,,37.843292857,-84.328238991,0.073,7/27/2020 12:00:00 AM,835.0,2,2,0,0,CLEAR,DRY,False,ANGLE COLLISION - OTHER,ANGLE,STRAIGHT & LEVEL,DAYLIGHT,,,7/29/2020 2:58:07 PM,False,0489,Accepted
27008443,0970000,PERRY COUNTY SHERIFF,Accepted,PERRY,KY0015,,KY15,,S,,,,,,,37.216121169,-83.15340539,7.938,7/27/2020 12:00:00 AM,2121.0,1,1,0,0,CLEAR,WET,False,COLLISION WITH FIXED OBJECT NON - INTERSECTION - FIRST EVENT COLLISION 09 - 32 EXCLUDING 16,SINGLE VEHICLE,STRAIGHT & LEVEL,DARK-HWY NOT LIGHTED,,,7/28/2020 11:32:34 AM,False,505,Accepted
26994214,KSP1100,KY STATE POLICE POST 11,Accepted,LAUREL,I 0075,,I75 N,,,,,,,,,36.995885656,-84.107313973,30.195,7/26/2020 12:00:00 AM,1500.0,4,4,0,0,CLEAR,DRY,False,REAR END IN TRAFFIC LANES BOTH VEHICLES MOVING,REAR END,STRAIGHT & GRADE,DAYLIGHT,,,7/27/2020 1:59:11 PM,True,829,Accepted
27075444,0590300,ERLANGER POLICE DEPARTMENT,Accepted,KENTON,I 0075,,,,,,,,,,,39.038280083,-84.606684799,0.863,7/26/2020 12:00:00 AM,1620.0,2,2,0,0,CLOUDY,DRY,False,OTHER RAMP RELATED COLLISIONS NOT LISTED ABOVE,SIDESWIPE-SAME DIRECTION,CURVE & LEVEL,DAYLIGHT,I 0075,I 0275,8/13/2020 12:10:33 PM,False,164,Accepted
26988900,0590300,ERLANGER POLICE DEPARTMENT,Accepted,KENTON,I 0075,,,,,,,,,,,39.037372751,-84.603476262,0.679,7/25/2020 12:00:00 AM,1215.0,2,2,0,0,CLEAR,DRY,False,OTHER RAMP RELATED COLLISIONS NOT LISTED ABOVE,SIDESWIPE-SAME DIRECTION,CURVE & GRADE,DAYLIGHT,I 0075,I 0275,7/26/2020 5:20:09 AM,False,137,Accepted
27008632,0591000,LAKESIDE PK/CRESTVIEW HILLS PD,Accepted,KENTON,I 0275,,I275 W,,,,,,,,,39.025961163,-84.564760047,81.79,7/25/2020 12:00:00 AM,1136.0,4,4,0,0,CLEAR,DRY,False,REAR END IN TRAFFIC LANES BOTH VEHICLES MOVING,REAR END,STRAIGHT & HILLCREST,DAYLIGHT,,,7/28/2020 12:23:38 PM,False,1427,Accepted
27149733,KSP1200,KY STATE POLICE POST 12,Accepted,FRANKLIN,US0127,,US127,,S,,,,,,,38.101852548,-84.918066286,0.162,7/25/2020 12:00:00 AM,1735.0,3,3,0,1,CLEAR,DRY,True,REAR END IN TRAFFIC LANES BOTH VEHICLES MOVING,REAR END,STRAIGHT & LEVEL,DAYLIGHT,,,8/31/2020 1:57:35 PM,False,274,Accepted
27008633,0591000,LAKESIDE PK/CRESTVIEW HILLS PD,Accepted,KENTON,I 0275,,I275 W,,,,,,,,,39.026683683,-84.571819481,82.174,7/25/2020 12:00:00 AM,1252.0,2,2,0,0,CLEAR,DRY,False,OTHER ROADWAY OR MID-BLOCK COLLISION,REAR END,STRAIGHT & HILLCREST,DAYLIGHT,,,7/28/2020 12:23:42 PM,False,1427,Accepted
27029638,0190200,CAMPBELL COUNTY POLICE DEPT.,Accepted,CAMPBELL,KY0008,,MARY INGLES,HWY,,,,,ASH,,TIEMEIER,39.038615451,-84.398680037,10.303,7/24/2020 12:00:00 AM,1150.0,2,2,0,1,CLEAR,DRY,False,OTHER ROADWAY OR MID-BLOCK COLLISION,REAR END,STRAIGHT & LEVEL,DAYLIGHT,,,8/2/2020 9:11:49 PM,False,661,Accepted
26990114,0591300,FT. MITCHELL POLICE DEPARTMENT,Accepted,KENTON,I 0075,,I75 N,,,,,,,,,39.044338971,-84.578282747,186.028,7/24/2020 12:00:00 AM,1938.0,2,2,0,0,CLEAR,DRY,False,REAR END IN TRAFFIC LANES BOTH VEHICLES MOVING,REAR END,STRAIGHT & LEVEL,DAYLIGHT,,,7/26/2020 5:15:12 PM,False,FM17,Accepted
27008630,0591000,LAKESIDE PK/CRESTVIEW HILLS PD,Accepted,KENTON,I 0275,,I275 W,,,,,,,,,39.026372689,-84.556383072,81.328,7/24/2020 12:00:00 AM,1238.0,2,2,0,0,CLEAR,DRY,False,REAR END IN TRAFFIC LANES BOTH VEHICLES MOVING,REAR END,STRAIGHT & HILLCREST,DAYLIGHT,,,7/28/2020 12:23:30 PM,False,1427,Accepted
26984710,0590300,ERLANGER POLICE DEPARTMENT,Accepted,KENTON,I 0075,,,,,,,,,,,39.037289117,-84.603168571,0.662,7/24/2020 12:00:00 AM,1221.0,2,2,0,0,CLEAR,DRY,False,OTHER RAMP RELATED COLLISIONS NOT LISTED ABOVE,SIDESWIPE-SAME DIRECTION,CURVE & GRADE,DAYLIGHT,I 0075,I 0275,7/24/2020 4:40:40 PM,False,155,Accepted
26984712,0590300,ERLANGER POLICE DEPARTMENT,Accepted,KENTON,I 0075,,,,,,,,,,,39.037260194,-84.602792824,0.516,7/24/2020 12:00:00 AM,1115.0,2,2,0,0,CLEAR,DRY,False,OTHER RAMP RELATED COLLISIONS NOT LISTED ABOVE,SIDESWIPE-SAME DIRECTION,CURVE & LEVEL,DAYLIGHT,I 0075,I 0275,7/24/2020 4:40:48 PM,False,161,Accepted
26984894,0590300,ERLANGER POLICE DEPARTMENT,Accepted,KENTON,I 0075,,,,,,,,,,,39.038301363,-84.606812608,0.87,7/24/2020 12:00:00 AM,1413.0,2,2,0,0,CLEAR,DRY,False,OTHER RAMP RELATED COLLISIONS NOT LISTED ABOVE,SIDESWIPE-SAME DIRECTION,CURVE & LEVEL,DAYLIGHT,I 0075,I 0275,7/24/2020 5:55:23 PM,False,152,Accepted
27008628,0591000,LAKESIDE PK/CRESTVIEW HILLS PD,Accepted,KENTON,I 0275,,I275 W,,,,,,,,,39.026147054,-84.566792081,81.9,7/23/2020 12:00:00 AM,1100.0,2,2,0,0,RAINING,WET,False,REAR END IN TRAFFIC LANES BOTH VEHICLES MOVING,REAR END,STRAIGHT & HILLCREST,DAYLIGHT,,,7/28/2020 12:23:22 PM,False,1427,Accepted
27008629,0591000,LAKESIDE PK/CRESTVIEW HILLS PD,Accepted,KENTON,I 0275,,I275 W,,,,,,,,,39.026471939,-84.5699502,82.073,7/23/2020 12:00:00 AM,910.0,2,2,0,0,RAINING,WET,False,REAR END IN TRAFFIC LANES BOTH VEHICLES MOVING,REAR END,STRAIGHT & HILLCREST,DAYLIGHT,,,7/28/2020 12:23:26 PM,False,1427,Accepted
27008631,0591000,LAKESIDE PK/CRESTVIEW HILLS PD,Accepted,KENTON,I 0275,,I275 W,,,,,,,,,39.026417583,-84.569520771,82.05,7/23/2020 12:00:00 AM,1846.0,2,2,0,3,CLOUDY,DRY,False,REAR END IN TRAFFIC LANES BOTH VEHICLES MOVING,REAR END,STRAIGHT & GRADE,DAYLIGHT,,,7/28/2020 12:23:34 PM,False,1426,Accepted
26965683,0340200,LEXINGTON POLICE DEPARTMENT,Accepted,FAYETTE,KY1974,,EUCLID,AVE,,,PARK,,,,,38.032524316,-84.493747817,12.429,7/22/2020 12:00:00 AM,1115.0,2,2,0,0,CLEAR,DRY,False,ANGLE COLLISION - OTHER,ANGLE,STRAIGHT & LEVEL,DAYLIGHT,,,7/22/2020 4:35:22 PM,False,55042,Accepted
26968391,0340300,UNIVERSITY OF KENTUCKY POLICE,Accepted,FAYETTE,,,PENNSYLVANIA,CT,,,,,,,,38.034700043,-84.500206071,0.02,7/22/2020 12:00:00 AM,1114.0,2,2,0,0,CLEAR,DRY,False,1 VEHICLE PARKED POSITION (NOT PARKING LOT/DRIVEWAY),SIDESWIPE-SAME DIRECTION,CURVE & LEVEL,DAYLIGHT,,,7/23/2020 10:02:56 AM,False,6959,Accepted
26992286,1090000,TAYLOR COUNTY SHERIFF DEPT.,Accepted,TAYLOR,KY0055,,NEW COLUMBIA,RD,,,,,,,,37.223428127,-85.345178976,1.232,7/22/2020 12:00:00 AM,653.0,1,1,0,0,CLEAR,DRY,False,RAN OFF ROADWAY (1 VEHICLE WITH/EARTH EMBANKMENT/DITCH),SINGLE VEHICLE,STRAIGHT & LEVEL,DAWN,,,7/27/2020 8:26:54 AM,False,1506,Accepted
27008634,0591000,LAKESIDE PK/CRESTVIEW HILLS PD,Accepted,KENTON,I 0275,,I275 W,,,,,,,,,39.026164122,-84.566924154,81.908,7/22/2020 12:00:00 AM,1629.0,2,2,0,0,CLEAR,DRY,True,VEHICLE BACKING NON INTERSECTION,BACKING,STRAIGHT & GRADE,DAYLIGHT,,,7/28/2020 12:23:49 PM,False,1432,Accepted
26995226,0190600,NEWPORT POLICE DEPARTMENT,Accepted,CAMPBELL,,610,8TH,ST,E,,TENNESSEE,,,,,39.093244252,-84.484567523,0.548,7/21/2020 12:00:00 AM,1503.0,2,2,0,0,CLEAR,DRY,False,COLLISION WITH PARKED VEHICLE,BACKING,STRAIGHT & LEVEL,DAYLIGHT,,,7/27/2020 5:10:03 PM,False,0855,Accepted
26989167,0870000,MONTGOMERY CTY SHERIFF DEPT,Accepted,MONTGOMERY,KY0011,,LEVEE,RD,,,,,,,,38.009505519,-83.948496847,7.021,7/21/2020 12:00:00 AM,1410.0,1,1,0,0,CLEAR,DRY,False,RAN OFF ROADWAY (1 VEHICLE WITH/EARTH EMBANKMENT/DITCH),SINGLE VEHICLE,STRAIGHT & GRADE,DAYLIGHT,,,7/26/2020 7:33:44 AM,False,248,Accepted
26956469,0340200,LEXINGTON POLICE DEPARTMENT,Accepted,FAYETTE,US0025,,MAIN,ST,W,,,US0025,VINE,,FELIX,38.050354902,-84.501478481,14.259,7/20/2020 12:00:00 AM,1129.0,1,1,0,0,CLEAR,DRY,False,COLLISION WITH FIXED OBJECT NON - INTERSECTION - FIRST EVENT COLLISION 09 - 32 EXCLUDING 16,SINGLE VEHICLE,STRAIGHT & LEVEL,DAYLIGHT,,,7/20/2020 5:25:05 PM,False,55042,Accepted
26960753,0591300,FT. MITCHELL POLICE DEPARTMENT,Accepted,KENTON,I 0075,,I75 N,,,,,,,,,39.051266405,-84.563547985,187.006,7/20/2020 12:00:00 AM,940.0,2,2,0,0,CLEAR,DRY,False,REAR END IN TRAFFIC LANES BOTH VEHICLES MOVING,REAR END,STRAIGHT & LEVEL,DAYLIGHT,,,7/21/2020 3:49:40 PM,False,FM11,Accepted
26948563,0590300,ERLANGER POLICE DEPARTMENT,Accepted,KENTON,I 0275,,I275 W,,,,,,,,,39.032077891,-84.588848461,83.173,7/18/2020 12:00:00 AM,1011.0,2,2,0,0,CLEAR,DRY,False,REAR END IN TRAFFIC LANES BOTH VEHICLES MOVING,REAR END,STRAIGHT & LEVEL,DAYLIGHT,,,7/18/2020 4:48:36 PM,False,160,Accepted
26946939,0730100,PADUCAH POLICE DEPARTMENT,Accepted,MCCRACKEN,I 0024,,I24 W,,,,,,,,,37.075633459,-88.678593198,4.534,7/17/2020 12:00:00 AM,1341.0,2,2,0,0,RAINING,WATER (STANDING OR MOVING),False,REAR END IN TRAFFIC LANES BOTH VEHICLES MOVING,REAR END,STRAIGHT & LEVEL,DAYLIGHT,,,7/17/2020 11:38:32 PM,False,367,Accepted
26945031,0300100,OWENSBORO POLICE DEPARTMENT,Accepted,DAVIESS,,300,J R MILLER,BLVD,,,,,,,,37.774267648,-87.108687752,0.051,7/17/2020 12:00:00 AM,1245.0,2,2,0,0,CLEAR,DRY,False,SIDESWIPE COLLISION - SAME DIRECTION,SIDESWIPE-SAME DIRECTION,STRAIGHT & LEVEL,DAYLIGHT,,,7/17/2020 2:37:20 PM,False,339,Accepted
26959793,0340200,LEXINGTON POLICE DEPARTMENT,Accepted,FAYETTE,KY0004,,,,,,,,,,,38.074006705,-84.492475342,0.209,7/17/2020 12:00:00 AM,1225.0,2,2,0,0,CLOUDY,DRY,False,OTHER RAMP RELATED COLLISIONS NOT LISTED ABOVE,REAR END,CURVE & LEVEL,DAYLIGHT,KY0922,KY0004,7/21/2020 12:32:06 PM,False,56413,Accepted
26947646,0590300,ERLANGER POLICE DEPARTMENT,Accepted,KENTON,I 0075,,,,,,,,,,,39.032891696,-84.593205245,0.223,7/17/2020 12:00:00 AM,2040.0,2,2,0,2,CLEAR,DRY,False,OTHER RAMP RELATED COLLISIONS NOT LISTED ABOVE,SIDESWIPE-SAME DIRECTION,CURVE & LEVEL,DARK-HWY LIGHTED/ON,I 0275,I 0075,7/18/2020 4:31:01 AM,False,139,Accepted
26958959,KSP0200,KY STATE POLICE POST 02,Accepted,CALDWELL,I 0024,,I24 E,,,,,,,,,36.964833978,-87.869850037,55.93,7/16/2020 12:00:00 AM,1215.0,2,2,0,0,CLEAR,DRY,False,SIDESWIPE COLLISION - SAME DIRECTION,SIDESWIPE-SAME DIRECTION,STRAIGHT & LEVEL,DAYLIGHT,,,7/21/2020 9:13:11 AM,False,1043,Accepted
26941552,0591300,FT. MITCHELL POLICE DEPARTMENT,Accepted,KENTON,I 0075,,I75 N,,,,,I 0075,I75 N EXIT185 ON RAMP FROM I275,I 0075,I75 N EXIT186 OFF RAMP TO  BUTTERMILK PIKE,39.044089972,-84.578643871,186.001,7/16/2020 12:00:00 AM,1148.0,2,2,0,0,CLOUDY,DRY,False,REAR END IN TRAFFIC LANES BOTH VEHICLES MOVING,REAR END,STRAIGHT & LEVEL,DAYLIGHT,,,7/16/2020 4:51:46 PM,False,FM16,Accepted
26954856,0591000,LAKESIDE PK/CRESTVIEW HILLS PD,Accepted,KENTON,I 0275,,I275 W,,,,,,,,,39.025967282,-84.564952299,81.8,7/16/2020 12:00:00 AM,1040.0,2,2,0,0,CLEAR,DRY,False,OTHER ROADWAY OR MID-BLOCK COLLISION,REAR END,STRAIGHT & LEVEL,DAYLIGHT,,,7/20/2020 11:59:02 AM,False,1423,Accepted
26942144,0591000,LAKESIDE PK/CRESTVIEW HILLS PD,Accepted,KENTON,I 0275,,I275 W,,,,,,,,,39.026403667,-84.569218085,82.033,7/16/2020 12:00:00 AM,1041.0,3,3,0,1,CLEAR,DRY,False,OTHER ROADWAY OR MID-BLOCK COLLISION,REAR END,STRAIGHT & HILLCREST,DAYLIGHT,,,7/16/2020 8:38:29 PM,False,1427,Accepted
27901137,0350000,FLEMING COUNTY SHERIFF DEPT.,Accepted,FLEMING,KY0032,,MOREHEAD,RD,,,,,,,,38.277492453,-83.55313701,26.024,7/16/2020 12:00:00 AM,804.0,2,2,0,0,CLEAR,DRY,False,REAR END IN TRAFFIC LANES BOTH VEHICLES MOVING,REAR END,STRAIGHT & HILLCREST,DAYLIGHT,,,3/18/2021 1:24:30 PM,False,254,Accepted