IncidentID,AgencyORI,AgencyName,IncidentStatusDesc,County,RdwyNumber,Street,RoadwayName,StreetSfx,StreetDir,IntersectionRdwy,IntersectionRdwyName,BetweenStRdwy1,BetweenStRdwyName1,BetweenStRdwy2,BetweenStRdwyName2,Latitude,Longitude,Milepoint,CollisionDate,CollisionTime,UnitsInvolved,MotorVehiclesInvolved,NumberKilled,NumberInjured,Weather,RdwyConditionCode,HitandRun,DirAnalysisCode,MannerofCollision,RdwyCharacter,LightCondition,RampFromRdwyId,RampToRdwyId,AcceptedDate,IsSecondaryCollision,OwnerBadge,IncidentStatus
26871890,1110000,TRIGG COUNTY SHERIFF DEPT.,Accepted,TRIGG,I 0024,,I24 W,,,,,,,,,36.854734029,-87.701146308,68.027,6/27/2020 12:00:00 AM,1155.0,2,2,0,0,RAINING,WET,False,REAR END IN TRAFFIC LANES BOTH VEHICLES MOVING,REAR END,STRAIGHT & LEVEL,DAYLIGHT,,,6/29/2020 1:44:42 PM,False,208,Accepted
26869708,0591000,LAKESIDE PK/CRESTVIEW HILLS PD,Accepted,KENTON,I 0275,,I275 W,,,,,,,,,39.025653919,-84.56169825,81.624,6/26/2020 12:00:00 AM,1238.0,2,2,0,0,CLOUDY,DRY,False,REAR END IN TRAFFIC LANES BOTH VEHICLES MOVING,REAR END,STRAIGHT & GRADE,DAYLIGHT,,,6/29/2020 3:07:21 AM,False,1430,Accepted
26869707,0591000,LAKESIDE PK/CRESTVIEW HILLS PD,Accepted,KENTON,I 0275,,I275 W,,,,,,,,,39.030545985,-84.581162383,82.745,6/26/2020 12:00:00 AM,1027.0,2,2,0,0,CLEAR,DRY,False,SIDESWIPE COLLISION - SAME DIRECTION,SIDESWIPE-SAME DIRECTION,STRAIGHT & GRADE,DAYLIGHT,,,6/29/2020 3:07:18 AM,False,1430,Accepted
26862836,KSP1100,KY STATE POLICE POST 11,Accepted,LAUREL,I 0075,,I75 N,,,,,,,,,37.189920496,-84.144542859,44.353,6/26/2020 12:00:00 AM,900.0,2,2,0,0,CLEAR,DRY,False,1 VEHICLE PARKED POSITION (NOT PARKING LOT/DRIVEWAY),BACKING,STRAIGHT & LEVEL,DAYLIGHT,,,6/26/2020 12:44:48 PM,False,376,Accepted
26860786,0340200,LEXINGTON POLICE DEPARTMENT,Accepted,FAYETTE,I 0075,,I75 N,,,,,I 0075,I75 N EXIT104 ON RAMP FROM KY418,I 0075,I75 N EXIT108 OFF RAMP TO  MAN O WAR BLVD,38.002019713,-84.400532546,106.716,6/25/2020 12:00:00 AM,2145.0,1,1,0,0,CLEAR,DRY,False,COLLISION WITH NON-FIXED OBJECT ,SINGLE VEHICLE,STRAIGHT & LEVEL,DUSK,,,6/25/2020 11:54:44 PM,False,49769,Accepted
26869705,0591000,LAKESIDE PK/CRESTVIEW HILLS PD,Accepted,KENTON,I 0275,,I275 W,,,,,,,,,39.02753346,-84.544448406,80.678,6/25/2020 12:00:00 AM,1651.0,1,1,0,0,CLEAR,DRY,False,COLLISION WITH FIXED OBJECT NON - INTERSECTION - FIRST EVENT COLLISION 09 - 32 EXCLUDING 16,SINGLE VEHICLE,STRAIGHT & GRADE,DAYLIGHT,,,6/29/2020 3:07:12 AM,False,1410,Accepted
26858305,0340200,LEXINGTON POLICE DEPARTMENT,Accepted,FAYETTE,US0025,,GEORGETOWN,RD,,,,,BRIARWOOD,,NANDINO,38.079509467,-84.508065692,16.513,6/24/2020 12:00:00 AM,1733.0,2,2,0,0,CLEAR,DRY,False,OTHER ROADWAY OR MID-BLOCK COLLISION,REAR END,STRAIGHT & LEVEL,DAYLIGHT,,,6/25/2020 9:47:35 AM,False,56413,Accepted
26859360,0591000,LAKESIDE PK/CRESTVIEW HILLS PD,Accepted,KENTON,I 0275,,I275 W,,,,,,,,,39.026034938,-84.565626383,81.837,6/24/2020 12:00:00 AM,1628.0,3,3,0,0,CLEAR,DRY,False,OTHER ROADWAY OR MID-BLOCK COLLISION,REAR END,STRAIGHT & GRADE,DAYLIGHT,,,6/25/2020 2:55:37 PM,False,1426,Accepted
26856211,0590100,COVINGTON POLICE DEPARTMENT,Accepted,KENTON,I 0075,,I75 S,,,,,,,,,39.086271571,-84.522873312,191.211,6/23/2020 12:00:00 AM,1115.0,2,2,0,1,CLOUDY,DRY,False,REAR END IN TRAFFIC LANES BOTH VEHICLES MOVING,REAR END,STRAIGHT & LEVEL,DAYLIGHT,,,6/24/2020 7:04:13 PM,False,0230,Accepted
26853382,0590000,KENTON COUNTY SHERIFF DEPT.,Accepted,KENTON,US0025,,DIXIE,HWY,,,,KY1072,KYLES,KY1072,SLEEPY HOLLOW,39.062788994,-84.538829751,10.955,6/23/2020 12:00:00 AM,1043.0,2,2,0,0,CLOUDY,DRY,False,SIDESWIPE COLLISION - SAME DIRECTION,SIDESWIPE-SAME DIRECTION,CURVE & LEVEL,DAYLIGHT,,,6/24/2020 5:51:53 AM,False,411,Accepted
26930654,KSP0100,KY STATE POLICE POST 01,Accepted,TRIGG,I 0024,,I24 W,,,,,,,,,36.906908053,-87.774269307,62.572,6/22/2020 12:00:00 AM,1530.0,2,2,0,0,CLOUDY,WET,False,OTHER ROADWAY OR MID-BLOCK COLLISION,REAR TO REAR,STRAIGHT & LEVEL,DAYLIGHT,,,7/14/2020 11:53:39 AM,False,991,Accepted
26847656,0340200,LEXINGTON POLICE DEPARTMENT,Accepted,FAYETTE,KY0004,,NEW CIRCLE,RD,W,,,US0025,GEORGETOWN,KY0004,KY4 EXIT8 RAMP FROM US25,38.074684214,-84.504708321,8.8,6/22/2020 12:00:00 AM,906.0,2,2,0,0,CLOUDY,DRY,False,OCCUPANT FELL FROM MOVING VEHICLE,ANGLE,STRAIGHT & LEVEL,DAYLIGHT,,,6/22/2020 5:05:33 PM,False,32684,Accepted
26989042,0470100,ELIZABETHTOWN POLICE DEPT.,Accepted,HARDIN,KY0361,,CARDINAL,DR,,,,,HELMWOOD,,HELMWOOD,37.709298672,-85.876847317,0.247,6/21/2020 12:00:00 AM,1329.0,2,2,0,0,CLOUDY,DRY,False,SIDESWIPE COLLISION - OPPOSITE DIRECTION,SIDESWIPE-OPPOSITE DIRECTION,CURVE & HILLCREST,DAYLIGHT,,,7/26/2020 6:39:07 AM,False,0084,Accepted
26844390,0590300,ERLANGER POLICE DEPARTMENT,Accepted,KENTON,I 0075,,,,,,,,,,,39.032857616,-84.593143752,0.229,6/21/2020 12:00:00 AM,2011.0,1,1,0,0,RAINING,WET,False,COLLISION WITH FIXED OBJECT NOT IN GORE ,SINGLE VEHICLE,CURVE & LEVEL,DAYLIGHT,I 0275,I 0075,6/22/2020 1:56:58 AM,False,134,Accepted
26859356,0591000,LAKESIDE PK/CRESTVIEW HILLS PD,Accepted,KENTON,I 0275,,I275 W,,,,,,,,,39.030847367,-84.581903481,82.789,6/20/2020 12:00:00 AM,1718.0,2,2,0,0,CLEAR,DRY,False,REAR END IN TRAFFIC LANES BOTH VEHICLES MOVING,REAR END,STRAIGHT & LEVEL,DAYLIGHT,,,6/25/2020 2:55:26 PM,False,1428,Accepted
26841388,0470200,RADCLIFF POLICE DEPARTMENT,Accepted,HARDIN,US0031W,7120,DIXIE,HWY,N,,,,,,,37.788107301,-85.911770703,23.771,6/19/2020 12:00:00 AM,1531.0,2,2,0,3,CLEAR,DRY,False,REAR END IN TRAFFIC LANES BOTH VEHICLES MOVING,REAR END,STRAIGHT & LEVEL,DAYLIGHT,,,6/20/2020 8:53:58 PM,False,929TL,Accepted
26838615,0590300,ERLANGER POLICE DEPARTMENT,Accepted,KENTON,I 0275,,I275 W,,,,,,,,,39.038813542,-84.607681019,0.522,6/19/2020 12:00:00 AM,1519.0,2,2,0,0,CLEAR,DRY,False,REAR END IN TRAFFIC LANES BOTH VEHICLES MOVING,REAR END,STRAIGHT & GRADE,DAYLIGHT,,,6/19/2020 6:20:39 PM,False,164,Accepted
26841029,0080000,BOONE COUNTY SHERIFF DEPT.,Accepted,BOONE,I 0075,,I75 S,,,,,,,,,38.930353687,-84.63109027,176.248,6/19/2020 12:00:00 AM,1551.0,2,2,0,0,CLEAR,DRY,False,SIDESWIPE COLLISION - SAME DIRECTION,SIDESWIPE-SAME DIRECTION,STRAIGHT & LEVEL,DAYLIGHT,,,6/20/2020 5:25:57 PM,False,3309,Accepted
26833056,0590300,ERLANGER POLICE DEPARTMENT,Accepted,KENTON,I 0275,,I275 W,,,,,,,,,39.041009378,-84.610636798,0.744,6/18/2020 12:00:00 AM,655.0,2,2,0,0,CLEAR,DRY,False,SIDESWIPE COLLISION - SAME DIRECTION,SIDESWIPE-SAME DIRECTION,STRAIGHT & LEVEL,DAYLIGHT,,,6/18/2020 1:12:47 PM,False,166,Accepted
27022103,0568000,LOUISVILLE METRO POLICE DEPT,Accepted,JEFFERSON,I 0071,,I71 N,,,,,,,,,38.317550108,-85.574295652,9.55,6/18/2020 12:00:00 AM,2035.0,1,1,0,2,RAINING,WET,False,COLLISION WITH FIXED OBJECT NON - INTERSECTION - FIRST EVENT COLLISION 09 - 32 EXCLUDING 16,SINGLE VEHICLE,CURVE & LEVEL,DUSK,,,7/31/2020 8:11:45 AM,False,7369,Accepted
26828787,0190700,ALEXANDRIA POLICE DEPARTMENT,Accepted,CAMPBELL,KY0010,,MAIN,ST,E,,,,FAIRGROUND,,THATCHER,38.959290197,-84.382510922,1.958,6/17/2020 12:00:00 AM,33.0,1,1,0,0,CLEAR,DRY,False,COLLISION WITH FIXED OBJECT NON - INTERSECTION - FIRST EVENT COLLISION 09 - 32 EXCLUDING 16,SINGLE VEHICLE,CURVE & LEVEL,DARK-HWY LIGHTED/ON,,,6/17/2020 2:15:36 PM,False,714,Accepted
26835667,0970100,HAZARD POLICE DEPARTMENT,Accepted,PERRY,KY0015,,KY15,,N,,,,,,,37.277718491,-83.215672304,14.338,6/17/2020 12:00:00 AM,954.0,2,2,0,1,CLEAR,DRY,False,1 VEHICLE ENTERING/LEAVING ENTRANCE,ANGLE,STRAIGHT & LEVEL,DAYLIGHT,,,6/19/2020 6:19:58 AM,False,412,Accepted
26838119,0470200,RADCLIFF POLICE DEPARTMENT,Accepted,HARDIN,US0031W,1511,DIXIE,BLVD,S,,,,,,,37.821927705,-85.92637909,26.303,6/17/2020 12:00:00 AM,1522.0,2,2,0,2,CLEAR,DRY,False,REAR END IN TRAFFIC LANES BOTH VEHICLES MOVING,REAR END,STRAIGHT & LEVEL,DAYLIGHT,,,6/19/2020 4:11:53 PM,False,929TL,Accepted
26850705,0660000,LESLIE COUNTY SHERIFF DEPT.,Accepted,LESLIE,US0421,,US421,,,,,,,,,37.147488195,-83.380982903,20.64,6/16/2020 12:00:00 AM,1620.0,2,2,0,1,CLEAR,DRY,False,OTHER ROADWAY OR MID-BLOCK COLLISION,REAR END,STRAIGHT & LEVEL,DAYLIGHT,,,6/23/2020 12:44:35 PM,False,SO12,Accepted
26854716,0568000,LOUISVILLE METRO POLICE DEPT,Accepted,JEFFERSON,,,BARRET,AVE,,,,,,,,38.235975461,-85.727935596,0.987,6/16/2020 12:00:00 AM,1245.0,2,2,0,0,CLEAR,DRY,False,1 VEHICLE PARKED POSITION (NOT PARKING LOT/DRIVEWAY),SIDESWIPE-SAME DIRECTION,STRAIGHT & LEVEL,DAYLIGHT,,,6/24/2020 12:30:19 PM,False,7280,Accepted
26824982,0080000,BOONE COUNTY SHERIFF DEPT.,Accepted,BOONE,KY0536,,MT ZION,RD,,,,,HAVEN HILL,,TIBURON,38.956040588,-84.639841118,13.071,6/15/2020 12:00:00 AM,1045.0,2,2,0,0,CLEAR,DRY,False,SIDESWIPE COLLISION - SAME DIRECTION,SIDESWIPE-SAME DIRECTION,STRAIGHT & LEVEL,DAYLIGHT,,,6/16/2020 4:02:52 PM,False,3753,Accepted
26910001,0591000,LAKESIDE PK/CRESTVIEW HILLS PD,Accepted,KENTON,I 0275,,I275 W,,,,,,,,,39.026612814,-84.571374329,82.15,6/15/2020 12:00:00 AM,755.0,2,2,0,1,CLEAR,DRY,False,REAR END IN TRAFFIC LANES BOTH VEHICLES MOVING,REAR END,STRAIGHT & LEVEL,DAYLIGHT,,,7/8/2020 9:13:44 PM,False,1423,Accepted
26850760,0630000,LAUREL COUNTY SHERIFF DEPT.,Accepted,LAUREL,I 0075,,I75 N,,,,,,,,,36.982329468,-84.110078792,29.251,6/14/2020 12:00:00 AM,1630.0,2,2,0,0,CLEAR,DRY,False,REAR END IN TRAFFIC LANES BOTH VEHICLES MOVING,REAR END,STRAIGHT & LEVEL,DAYLIGHT,,,6/23/2020 12:59:32 PM,False,1122,Accepted
26806915,0591000,LAKESIDE PK/CRESTVIEW HILLS PD,Accepted,KENTON,I 0275,,I275 W,,,,,,,,,39.027193258,-84.574303034,82.31,6/13/2020 12:00:00 AM,1150.0,2,2,0,1,CLEAR,DRY,False,REAR END IN TRAFFIC LANES BOTH VEHICLES MOVING,REAR END,STRAIGHT & LEVEL,DAYLIGHT,,,6/14/2020 10:39:17 PM,False,1430,Accepted
26808439,0470200,RADCLIFF POLICE DEPARTMENT,Accepted,HARDIN,US0031W,1700,DIXIE,BLVD,S,,,,BLACKJACK,,DIXIE MOBILE,37.818470745,-85.924999347,26.099,6/13/2020 12:00:00 AM,1300.0,2,2,0,0,CLEAR,DRY,False,OTHER ROADWAY OR MID-BLOCK COLLISION,REAR END,STRAIGHT & GRADE,DAYLIGHT,,,6/15/2020 8:51:31 AM,False,903JF,Accepted
26809186,1110000,TRIGG COUNTY SHERIFF DEPT.,Accepted,TRIGG,I 0024,,I24 W,,,,,,,,,36.909756729,-87.779012118,62.244,6/13/2020 12:00:00 AM,2234.0,1,1,0,0,CLEAR,DRY,False,OTHER ROADWAY OR MID-BLOCK COLLISION,SINGLE VEHICLE,STRAIGHT & LEVEL,DARK-HWY NOT LIGHTED,,,6/15/2020 10:18:09 AM,False,203,Accepted
26802020,0340200,LEXINGTON POLICE DEPARTMENT,Accepted,FAYETTE,I 0075,,I75 S,,,,,I 0075,I75 S EXIT113 ON RAMP FROM US27,I 0064,I75 S EXIT111 RAMP TO I64 E,38.059021476,-84.43541146,111.3,6/12/2020 12:00:00 AM,1636.0,2,2,0,0,CLEAR,DRY,False,OTHER ROADWAY OR MID-BLOCK COLLISION,REAR END,STRAIGHT & LEVEL,DAYLIGHT,,,6/12/2020 11:28:02 PM,False,46620,Accepted
26801314,0590300,ERLANGER POLICE DEPARTMENT,Accepted,KENTON,I 0275,,I275 W,,,,,,,,,39.035451693,-84.601169235,0.101,6/12/2020 12:00:00 AM,627.0,2,2,0,0,CLEAR,DRY,False,REAR END IN TRAFFIC LANES BOTH VEHICLES MOVING,REAR END,STRAIGHT & GRADE,DAWN,,,6/12/2020 5:40:48 PM,False,151,Accepted
26800794,0300100,OWENSBORO POLICE DEPARTMENT,Accepted,DAVIESS,,2849,LEWIS,LN,,,,,,,,37.741845275,-87.131604133,0.664,6/11/2020 12:00:00 AM,1101.0,1,1,0,1,CLEAR,DRY,False,OTHER ROADWAY OR MID-BLOCK COLLISION,SINGLE VEHICLE,STRAIGHT & LEVEL,DAYLIGHT,,,6/12/2020 3:10:56 PM,False,346,Accepted
26801318,0370200,KY STATE POLICE CVE,Accepted,LAUREL,I 0075,,I75 S,,,,,,,,,37.007153683,-84.103966111,31.008,6/11/2020 12:00:00 AM,1350.0,2,2,0,0,CLEAR,DRY,False,SIDESWIPE COLLISION - SAME DIRECTION,SIDESWIPE-SAME DIRECTION,CURVE & LEVEL,DAYLIGHT,,,6/12/2020 5:43:34 PM,False,C-357,Accepted
26806913,0591000,LAKESIDE PK/CRESTVIEW HILLS PD,Accepted,KENTON,I 0275,,I275 W,,,,,,,,,39.025642054,-84.561506006,81.614,6/11/2020 12:00:00 AM,950.0,2,2,0,1,CLEAR,DRY,False,REAR END IN TRAFFIC LANES BOTH VEHICLES MOVING,REAR END,CURVE & GRADE,DAYLIGHT,,,6/14/2020 10:39:09 PM,False,1430,Accepted
26806456,0080000,BOONE COUNTY SHERIFF DEPT.,Accepted,BOONE,I 0275,,I275 W,,,,,,,,,39.051718929,-84.622275608,1.739,6/10/2020 12:00:00 AM,1515.0,2,2,0,0,CLEAR,DRY,False,REAR END IN TRAFFIC LANES BOTH VEHICLES MOVING,REAR END,STRAIGHT & LEVEL,DAYLIGHT,,,6/14/2020 6:36:01 PM,False,3706,Accepted
26835749,0350000,FLEMING COUNTY SHERIFF DEPT.,Accepted,FLEMING,KY0032,,MOREHEAD,RD,,,,,,,,38.356224304,-83.613946526,19.006,6/10/2020 12:00:00 AM,600.0,2,2,0,0,CLEAR,DRY,False,REAR END IN TRAFFIC LANES BOTH VEHICLES MOVING,REAR END,STRAIGHT & GRADE,DAWN,,,6/19/2020 6:56:52 AM,False,243,Accepted
26793130,0370200,KY STATE POLICE CVE,Accepted,LAUREL,I 0075,,I75 S,,,,,,,,,36.981447087,-84.110524539,29.161,6/9/2020 12:00:00 AM,1903.0,2,2,0,0,CLOUDY,DRY,False,SIDESWIPE COLLISION - SAME DIRECTION,SIDESWIPE-SAME DIRECTION,STRAIGHT & LEVEL,DAYLIGHT,,,6/10/2020 6:25:56 PM,False,C-331,Accepted
26806907,0591000,LAKESIDE PK/CRESTVIEW HILLS PD,Accepted,KENTON,I 0275,,I275 W,,,,,,,,,39.031760156,-84.585674549,83.001,6/9/2020 12:00:00 AM,1525.0,2,2,0,0,CLEAR,DRY,False,REAR END IN TRAFFIC LANES BOTH VEHICLES MOVING,REAR END,STRAIGHT & LEVEL,DAYLIGHT,,,6/14/2020 10:38:51 PM,False,1432,Accepted
26825719,KSP0100,KY STATE POLICE POST 01,Accepted,LYON,I 0024,,I24 E,,,,,,,,,37.00357769,-87.967006781,49.927,6/9/2020 12:00:00 AM,1725.0,2,2,0,0,CLEAR,DRY,False,REAR END IN TRAFFIC LANES BOTH VEHICLES MOVING,REAR END,STRAIGHT & LEVEL,DAYLIGHT,,,6/16/2020 6:44:58 PM,False,721,Accepted
27686911,0970000,PERRY COUNTY SHERIFF,Accepted,PERRY,KY0015,,KY15,,N,,,,,,,37.292919354,-83.237686501,16.199,6/9/2020 12:00:00 AM,820.0,2,2,0,2,CLEAR,DRY,False,1 VEHICLE ENTERING/LEAVING ENTRANCE,ANGLE,STRAIGHT & HILLCREST,DAYLIGHT,,,1/19/2021 9:25:40 AM,False,504,Accepted
26828713,0470200,RADCLIFF POLICE DEPARTMENT,Accepted,HARDIN,US0031W,,DIXIE,BLVD,S,,,US0031W,US31W CROSSOVER,,BLACKJACK,37.817049587,-85.924173034,25.999,6/9/2020 12:00:00 AM,1145.0,2,2,0,0,RAINING,WET,False,1 VEHICLE ENTERING/LEAVING ENTRANCE,ANGLE,STRAIGHT & LEVEL,DAYLIGHT,,,6/17/2020 2:00:48 PM,False,938BK,Accepted
26806909,0591000,LAKESIDE PK/CRESTVIEW HILLS PD,Accepted,KENTON,I 0275,,I275 W,,,,,,,,,39.028549605,-84.577416426,82.5,6/8/2020 12:00:00 AM,1240.0,2,2,0,0,CLEAR,DRY,False,REAR END IN TRAFFIC LANES BOTH VEHICLES MOVING,REAR END,CURVE & LEVEL,DAYLIGHT,,,6/14/2020 10:39:01 PM,False,1423,Accepted
26789160,0590400,FT. WRIGHT POLICE DEPARTMENT,Accepted,KENTON,I 0075,,I75 S,,,,,I 0075,I75 S EXIT189 ON RAMP FROM  KYLES LN,I 0075,I75 S EXIT188 OFF RAMP TO  DIXIE HWY,39.056551377,-84.54312202,188.288,6/8/2020 12:00:00 AM,1720.0,3,3,0,0,CLEAR,DRY,False,REAR END IN TRAFFIC LANES BOTH VEHICLES MOVING,REAR END,STRAIGHT & LEVEL,DAYLIGHT,,,6/9/2020 10:34:28 PM,False,406,Accepted
26786236,0040000,BALLARD COUNTY SHERIFF DEPT.,Accepted,BALLARD,US0051,,4TH,ST,N,,OHIO,,,,,36.965613552,-89.089056253,3.433,6/8/2020 12:00:00 AM,1135.0,3,3,0,1,CLOUDY,DRY,False,OPPOSITE DIRECTION - BOTH VEHICLES GOING STRAIGHT AHEAD,SIDESWIPE-OPPOSITE DIRECTION,STRAIGHT & LEVEL,DAYLIGHT,,,6/9/2020 9:50:15 AM,False,10,Accepted
26783066,0730100,PADUCAH POLICE DEPARTMENT,Accepted,MCCRACKEN,I 0024,,I24 W,,,,,I 0024,I24 W EXIT7 ON RAMP FROM US62,I 0024,I24 W EXIT7 OFF RAMP TO US45,37.055224931,-88.653099177,6.577,6/7/2020 12:00:00 AM,1220.0,2,2,0,2,CLEAR,DRY,False,REAR END IN TRAFFIC LANES BOTH VEHICLES MOVING,REAR END,STRAIGHT & LEVEL,DAYLIGHT,,,6/8/2020 3:57:48 PM,False,257,Accepted
26781374,0568000,LOUISVILLE METRO POLICE DEPT,Accepted,JEFFERSON,I 0265,,I265 E,,,,,,,,,38.203455753,-85.507302915,24.145,6/6/2020 12:00:00 AM,1615.0,1,1,0,0,CLEAR,DRY,False,COLLISION WITH FIXED OBJECT NON - INTERSECTION - FIRST EVENT COLLISION 09 - 32 EXCLUDING 16,SINGLE VEHICLE,STRAIGHT & LEVEL,DAYLIGHT,,,6/8/2020 8:16:32 AM,False,7751,Accepted
26783812,0560400,SHIVELY POLICE DEPARTMENT,Accepted,JEFFERSON,US0031W,,DIXIE,HWY,,,,I 0264,I264 W EXIT8 ON RAMP FROM US31W S,,GARRS,38.188180756,-85.810860059,15.011,6/6/2020 12:00:00 AM,458.0,2,2,0,0,CLEAR,DRY,False,SIDESWIPE COLLISION - SAME DIRECTION,SIDESWIPE-SAME DIRECTION,STRAIGHT & LEVEL,DARK-HWY LIGHTED/ON,,,6/8/2020 7:53:27 PM,False,7123,Accepted
26781399,0568000,LOUISVILLE METRO POLICE DEPT,Accepted,JEFFERSON,I 0265,,I265 W,,,,,I 0064,I64 E EXIT19A RAMP TO I265 S,I 0265,I265 W EXIT23 OFF RAMP TO KY155,38.206076981,-85.507426802,24.293,6/6/2020 12:00:00 AM,2250.0,2,2,0,0,CLEAR,DRY,False,1 VEHICLE PARKED POSITION (NOT PARKING LOT/DRIVEWAY),REAR END,STRAIGHT & LEVEL,DARK-HWY LIGHTED/ON,,,6/8/2020 8:18:13 AM,False,2013,Accepted
27275234,0500000,HART COUNTY SHERIFF DEPARTMENT,Accepted,HART,US0031E,300,JACKSON,HWY,S,,,,,,,37.248233389,-85.79258936,7.849,6/3/2020 12:00:00 AM,1242.0,2,2,0,0,CLEAR,DRY,False,SIDESWIPE COLLISION - SAME DIRECTION,SIDESWIPE-SAME DIRECTION,CURVE & LEVEL,DAYLIGHT,,,9/30/2020 8:38:31 PM,False,377,Accepted
26774903,0470200,RADCLIFF POLICE DEPARTMENT,Accepted,HARDIN,US0031W,,DIXIE,HWY,N,,,,,,,37.788230371,-85.911896303,23.863,6/3/2020 12:00:00 AM,1749.0,2,2,0,0,CLEAR,DRY,False,REAR END IN TRAFFIC LANES BOTH VEHICLES MOVING,REAR END,STRAIGHT & LEVEL,DAYLIGHT,,,6/5/2020 7:14:39 PM,False,943RT,Accepted
26795672,0591000,LAKESIDE PK/CRESTVIEW HILLS PD,Accepted,KENTON,I 0275,,I275 W,,,,,,,,,39.026135677,-84.56663006,81.891,6/3/2020 12:00:00 AM,1050.0,2,2,0,0,CLOUDY,DRY,False,REAR END IN TRAFFIC LANES BOTH VEHICLES MOVING,REAR END,STRAIGHT & LEVEL,DAYLIGHT,,,6/11/2020 11:09:25 AM,False,1430,Accepted
26766964,0730100,PADUCAH POLICE DEPARTMENT,Accepted,MCCRACKEN,I 0024,,I24 W,,,,,,,,,37.055821448,-88.653483601,6.532,6/3/2020 12:00:00 AM,1031.0,2,2,0,0,CLEAR,DRY,False,OTHER ROADWAY OR MID-BLOCK COLLISION,REAR END,CURVE & GRADE,DAYLIGHT,,,6/3/2020 4:48:42 PM,False,244,Accepted
26766857,0150000,BULLITT COUNTY SHERIFF DEPT.,Accepted,BULLITT,KY1526,,BROOKS HILL,RD,,,WICKER,,,,,38.057500272,-85.757318832,7.997,6/2/2020 12:00:00 AM,1604.0,2,2,0,0,CLEAR,DRY,False,VEHICLE BACKING IN INTERSECTION,BACKING,CURVE & GRADE,DAYLIGHT,,,6/3/2020 4:26:45 PM,False,1007,Accepted
27691444,0680000,LEWIS COUNTY SHERIFF DEPT.,Accepted,LEWIS,KY0057,,KY57,,,,,,,,,38.504147271,-83.623511048,0.008,6/2/2020 12:00:00 AM,823.0,1,1,0,0,CLEAR,DRY,False,COLLISION WITH FIXED OBJECT NON - INTERSECTION - FIRST EVENT COLLISION 09 - 32 EXCLUDING 16,SINGLE VEHICLE,STRAIGHT & GRADE,DAYLIGHT,,,1/20/2021 9:39:37 AM,False,102,Accepted
26763170,0340200,LEXINGTON POLICE DEPARTMENT,Accepted,FAYETTE,KY1974,,EUCLID,AVE,,,LINDEN,,,,,38.037179362,-84.498942081,12.852,6/2/2020 12:00:00 AM,1500.0,1,1,0,0,CLEAR,OTHER,False,NON-COLLISION OBJECT COLLISION,SINGLE VEHICLE,STRAIGHT & LEVEL,DAYLIGHT,,,6/2/2020 4:49:14 PM,False,44966,Accepted
26781816,KSP1600,KY STATE POLICE POST 16,Accepted,MCLEAN,US0431,,US431,,,,,,,,,37.422859924,-87.15515341,0.696,6/2/2020 12:00:00 AM,1704.0,1,1,0,0,CLEAR,DRY,True,OTHER ROADWAY OR MID-BLOCK COLLISION,SINGLE VEHICLE,STRAIGHT & LEVEL,DAYLIGHT,,,6/8/2020 9:55:21 AM,False,429,Accepted
26763410,0590300,ERLANGER POLICE DEPARTMENT,Accepted,KENTON,I 0075,,,,,,,,,,,39.03710464,-84.602098651,0.462,6/2/2020 12:00:00 AM,1335.0,2,2,0,0,CLEAR,DRY,False,OTHER RAMP RELATED COLLISIONS NOT LISTED ABOVE,SIDESWIPE-SAME DIRECTION,STRAIGHT & LEVEL,DAYLIGHT,I 0075,I 0275,6/2/2020 5:51:00 PM,False,164,Accepted
26762376,0590300,ERLANGER POLICE DEPARTMENT,Accepted,KENTON,I 0075,,,,,,,,,,,39.032112453,-84.589195087,,6/2/2020 12:00:00 AM,730.0,2,2,0,0,CLEAR,DRY,False,OTHER RAMP RELATED COLLISIONS NOT LISTED ABOVE,SIDESWIPE-SAME DIRECTION,STRAIGHT & LEVEL,DAYLIGHT,I 0275,I 0075,6/2/2020 1:46:06 PM,False,126,Accepted
26769598,0340300,UNIVERSITY OF KENTUCKY POLICE,Accepted,FAYETTE,US0027,,LIMESTONE,,S,,,,ADMINISTRATION,,SCOTT,38.040686517,-84.505058168,5.608,6/1/2020 12:00:00 AM,1540.0,2,2,0,0,CLEAR,DRY,True,OTHER ROADWAY OR MID-BLOCK COLLISION,REAR END,STRAIGHT & LEVEL,DAYLIGHT,,,6/4/2020 9:50:48 AM,False,8315,Accepted
26761289,0540100,MADISONVILLE POLICE DEPT.,Accepted,HOPKINS,US0041A,,NEBO,RD,,,,,PRIDE,,BRIARWOOD,37.347069687,-87.502609759,0.253,6/1/2020 12:00:00 AM,854.0,3,3,0,1,CLEAR,DRY,False,REAR END IN TRAFFIC LANES BOTH VEHICLES MOVING,REAR END,STRAIGHT & LEVEL,DAYLIGHT,,,6/2/2020 8:12:43 AM,False,35,Accepted