IncidentID,AgencyORI,AgencyName,IncidentStatusDesc,County,RdwyNumber,Street,RoadwayName,StreetSfx,StreetDir,IntersectionRdwy,IntersectionRdwyName,BetweenStRdwy1,BetweenStRdwyName1,BetweenStRdwy2,BetweenStRdwyName2,Latitude,Longitude,Milepoint,CollisionDate,CollisionTime,UnitsInvolved,MotorVehiclesInvolved,NumberKilled,NumberInjured,Weather,RdwyConditionCode,HitandRun,DirAnalysisCode,MannerofCollision,RdwyCharacter,LightCondition,RampFromRdwyId,RampToRdwyId,AcceptedDate,IsSecondaryCollision,OwnerBadge,IncidentStatus
26472140,0568000,LOUISVILLE METRO POLICE DEPT,Accepted,JEFFERSON,,,EASTVIEW,AVE,,,,,,,,38.218592418,-85.689979448,0.573,3/5/2020 12:00:00 AM,1219.0,3,3,0,0,CLEAR,DRY,False,1 VEHICLE PARKED POSITION (NOT PARKING LOT/DRIVEWAY),BACKING,CURVE & GRADE,DAYLIGHT,,,3/6/2020 8:25:20 AM,False,6813,Accepted
26492756,0470400,WEST POINT POLICE DEPARTMENT,Accepted,HARDIN,US0031W,,DIXIE,HWY,,,,,,,,37.994805331,-85.948063398,36.836,3/5/2020 12:00:00 AM,2205.0,1,1,0,0,CLEAR,DRY,False,OTHER ROADWAY OR MID-BLOCK COLLISION,SINGLE VEHICLE,STRAIGHT & LEVEL,DARK-HWY LIGHTED/OFF,,,3/10/2020 2:18:32 PM,False,107,Accepted
26472763,KSP1100,KY STATE POLICE POST 11,Accepted,LAUREL,I 0075,,I75 N,,,,,,,,,37.007116042,-84.103742703,30.991,3/4/2020 12:00:00 AM,1935.0,2,2,0,0,CLEAR,DRY,False,REAR END IN TRAFFIC LANES BOTH VEHICLES MOVING,REAR END,STRAIGHT & GRADE,DARK-HWY NOT LIGHTED,,,3/6/2020 9:46:00 AM,False,619,Accepted
26509453,0630000,LAUREL COUNTY SHERIFF DEPT.,Accepted,LAUREL,I 0075,,I75 N,,,,,,,,,36.990538472,-84.108374975,29.823,3/4/2020 12:00:00 AM,1943.0,3,3,0,1,CLEAR,DRY,True,1 VEHICLE ENTERING/LEAVING ENTRANCE,ANGLE,STRAIGHT & LEVEL,DARK (UNKNOWN ROADWAY LIGHTING),,,3/13/2020 1:55:14 PM,False,1123,Accepted
26466356,KSP1300,KY STATE POLICE POST 13,Accepted,PERRY,KY0015,,KY15,,N,,,,,,,37.290795965,-83.230846773,15.797,3/3/2020 12:00:00 AM,826.0,2,2,0,2,RAINING,WET,False,REAR END IN TRAFFIC LANES BOTH VEHICLES MOVING,REAR END,STRAIGHT & GRADE,DAYLIGHT,,,3/5/2020 9:42:13 AM,False,230,Accepted
26498652,0970100,HAZARD POLICE DEPARTMENT,Accepted,PERRY,KY0015,,,,,,,,,,,37.27192403,-83.209570205,0.106,3/2/2020 12:00:00 AM,1151.0,2,2,0,0,RAINING,WET,False,OTHER RAMP RELATED COLLISIONS NOT LISTED ABOVE,REAR END,STRAIGHT & GRADE,DAYLIGHT,KY0550,KY0015,3/11/2020 2:47:51 PM,False,403,Accepted
26886172,0591000,LAKESIDE PK/CRESTVIEW HILLS PD,Accepted,KENTON,I 0275,,I275 W,,,,,,,,,39.025634489,-84.561513323,81.614,2/29/2020 12:00:00 AM,1752.0,2,2,0,0,CLOUDY,DRY,False,REAR END IN TRAFFIC LANES BOTH VEHICLES MOVING,REAR END,STRAIGHT & GRADE,DAYLIGHT,,,7/2/2020 8:44:44 PM,False,1426,Accepted
26443078,0080000,BOONE COUNTY SHERIFF DEPT.,Accepted,BOONE,US0025,,DIXIE,HWY,,,,KY0338,RICHWOOD,,LOGISTICS,38.910161384,-84.61908385,4.179,2/28/2020 12:00:00 AM,1557.0,1,1,0,0,CLOUDY,DRY,False,COLLISION WITH FIXED OBJECT NON - INTERSECTION - FIRST EVENT COLLISION 09 - 32 EXCLUDING 16,SINGLE VEHICLE,STRAIGHT & LEVEL,DAYLIGHT,,,2/29/2020 5:47:33 PM,False,3736,Accepted
27164148,0591000,LAKESIDE PK/CRESTVIEW HILLS PD,Accepted,KENTON,I 0075,,,,,,,,,,,39.03775497,-84.60527357,0.779,2/28/2020 12:00:00 AM,2254.0,1,1,0,0,RAINING,WET,False,COLLISION WITH FIXED OBJECT NOT IN GORE ,SINGLE VEHICLE,CURVE & LEVEL,DARK-HWY NOT LIGHTED,I 0075,I 0275,9/3/2020 1:30:48 PM,False,1426,Accepted
26440563,0300100,OWENSBORO POLICE DEPARTMENT,Accepted,DAVIESS,,119,19TH,ST,W,,,,,,,37.757415438,-87.111103037,0.045,2/28/2020 12:00:00 AM,1836.0,2,2,0,0,CLOUDY,DRY,False,1 VEHICLE PARKED POSITION (NOT PARKING LOT/DRIVEWAY),SIDESWIPE-SAME DIRECTION,STRAIGHT & LEVEL,DARK-HWY NOT LIGHTED,,,2/28/2020 9:29:45 PM,False,383,Accepted
26451086,0510000,HENDERSON COUNTY SHERIFF DEPT.,Accepted,HENDERSON,US0060,,US60,,E,,,,,,,37.861257027,-87.512166967,13.822,2/27/2020 12:00:00 AM,652.0,3,3,0,3,CLEAR,DRY,False,OTHER ROADWAY OR MID-BLOCK COLLISION,REAR END,STRAIGHT & GRADE,DAYLIGHT,,,3/2/2020 2:09:52 PM,False,138,Accepted
26491246,0610000,KNOX COUNTY SHERIFF DEPARTMENT,Accepted,KNOX,KY0011,,N KY 11,,,,,,,,,36.896942622,-83.866884417,12.038,2/26/2020 12:00:00 AM,1500.0,2,2,0,0,CLOUDY,DRY,False,OTHER ROADWAY OR MID-BLOCK COLLISION,REAR END,STRAIGHT & LEVEL,DAYLIGHT,,,3/10/2020 9:28:52 AM,False,109,Accepted
27121575,0990000,POWELL COUNTY SHERIFF DEPT.,Accepted,POWELL,KY0077,,NADA TUNNEL,RD,,,,,,,,37.816114218,-83.6755792,2.606,2/25/2020 12:00:00 AM,1425.0,2,2,0,0,CLEAR,WET,False,1 VEHICLE ENTERING/LEAVING ENTRANCE,ANGLE,STRAIGHT & LEVEL,DAYLIGHT,,,8/24/2020 11:32:46 PM,False,133,Accepted
26431041,0190200,CAMPBELL COUNTY POLICE DEPT.,Accepted,CAMPBELL,I 0275,,I275 E,,,,,I 0275,I275 TURN AROUND73,I 0275,KELLOGG,39.05609385,-84.432695431,,2/25/2020 12:00:00 AM,1734.0,2,2,0,0,RAINING,WET,False,1 VEHICLE ENTERING/LEAVING ENTRANCE,ANGLE,STRAIGHT & LEVEL,DUSK,,,2/27/2020 7:46:39 AM,False,674,Accepted
26485657,KSP0900,KY STATE POLICE POST 09,Accepted,FLOYD,KY3379,,KY3379,,,,,,,,,37.41433435,-82.614263309,0.105,2/24/2020 12:00:00 AM,1709.0,2,2,0,0,RAINING,OTHER,False,SIDESWIPE COLLISION - OPPOSITE DIRECTION,SIDESWIPE-OPPOSITE DIRECTION,STRAIGHT & GRADE,DAYLIGHT,,,3/9/2020 10:25:15 AM,False,101,Accepted
26418456,0190200,CAMPBELL COUNTY POLICE DEPT.,Accepted,CAMPBELL,I 0275,,I275 E,,,,,,,,,39.056602992,-84.431503573,73.258,2/21/2020 12:00:00 AM,1637.0,2,2,0,0,CLEAR,DRY,False,REAR END IN TRAFFIC LANES BOTH VEHICLES MOVING,REAR END,STRAIGHT & LEVEL,DAYLIGHT,,,2/24/2020 10:47:25 PM,False,684,Accepted
26402007,0568000,LOUISVILLE METRO POLICE DEPT,Accepted,JEFFERSON,,,GRINSTEAD,DR,,,LEXINGTON,,,,,38.245555922,-85.70151999,0.002,2/20/2020 12:00:00 AM,1227.0,2,2,0,0,CLEAR,DRY,False,ANGLE COLLISION - OTHER,ANGLE,STRAIGHT & LEVEL,DAYLIGHT,,,2/21/2020 8:12:06 AM,False,6813,Accepted
26394063,0340200,LEXINGTON POLICE DEPARTMENT,Accepted,FAYETTE,US0027,,BROADWAY,,N,,5TH,,,,,38.055025886,-84.491232723,7.122,2/19/2020 12:00:00 AM,1329.0,2,2,0,1,CLEAR,DRY,False,OTHER INTERSECTION COLLISIONS,REAR END,STRAIGHT & LEVEL,DAYLIGHT,,,2/19/2020 5:02:56 PM,False,55042,Accepted
26394050,0340200,LEXINGTON POLICE DEPARTMENT,Accepted,FAYETTE,US0027,,BROADWAY,,N,,,,5TH,,FAYETTE,38.055092668,-84.491098399,7.137,2/19/2020 12:00:00 AM,735.0,2,2,0,0,CLEAR,DRY,False,REAR END IN TRAFFIC LANES BOTH VEHICLES MOVING,REAR END,STRAIGHT & LEVEL,DAYLIGHT,,,2/19/2020 5:02:27 PM,False,55042,Accepted
26391954,0970000,PERRY COUNTY SHERIFF,Accepted,PERRY,KY0015,,KY15,,N,,,,,,,37.294502349,-83.239511373,16.347,2/19/2020 12:00:00 AM,758.0,2,2,0,1,CLOUDY,DRY,False,OTHER ROADWAY OR MID-BLOCK COLLISION,REAR END,STRAIGHT & GRADE,DAYLIGHT,,,2/19/2020 10:47:46 AM,False,501,Accepted
26395952,0340200,LEXINGTON POLICE DEPARTMENT,Accepted,FAYETTE,,,4TH,ST,W,,BOURBON,,,,,38.055129458,-84.495059722,0.375,2/19/2020 12:00:00 AM,126.0,1,1,0,1,CLEAR,DRY,False,COLLISION WITH FIXED OBJECT IN INTERSECTION - FIRST EVENT COLLISION 09 - 32,SINGLE VEHICLE,STRAIGHT & LEVEL,DARK-HWY LIGHTED/ON,,,2/20/2020 3:49:52 AM,False,49204,Accepted
26392376,0370200,KY STATE POLICE CVE,Accepted,LAUREL,I 0075,,I75 S,,,,,,,,,37.176562734,-84.131346099,43.165,2/18/2020 12:00:00 AM,1203.0,2,2,0,0,RAINING,WET,False,SIDESWIPE COLLISION - SAME DIRECTION,SIDESWIPE-SAME DIRECTION,STRAIGHT & LEVEL,DAYLIGHT,,,2/19/2020 12:12:28 PM,False,C-362,Accepted
26390179,0190200,CAMPBELL COUNTY POLICE DEPT.,Accepted,CAMPBELL,I 0275,,I275 E,,,,,,27 OVER PASS,,STATE LINE,39.05603761,-84.432809761,,2/18/2020 12:00:00 AM,1539.0,2,2,0,0,CLOUDY,DRY,False,REAR END IN TRAFFIC LANES BOTH VEHICLES MOVING,REAR END,STRAIGHT & LEVEL,DAYLIGHT,,,2/19/2020 2:30:16 AM,False,668,Accepted
26403958,KSP0200,KY STATE POLICE POST 02,Accepted,CHRISTIAN,EB9004,,EB9004 N,,,,,,,,,37.067271962,-87.466117942,23.822,2/14/2020 12:00:00 AM,1359.0,2,2,0,0,CLEAR,DRY,False,REAR END IN TRAFFIC LANES BOTH VEHICLES MOVING,REAR END,STRAIGHT & LEVEL,DAYLIGHT,,,2/21/2020 1:24:35 PM,False,449,Accepted
26351580,0190200,CAMPBELL COUNTY POLICE DEPT.,Accepted,CAMPBELL,I 0275,,I275 E,,,,,,I-275 TURN AROUND 73,,KY/OH STATE LINE,39.055973059,-84.433042039,,2/14/2020 12:00:00 AM,1800.0,4,4,0,0,CLEAR,DRY,False,REAR END IN TRAFFIC LANES BOTH VEHICLES MOVING,REAR END,STRAIGHT & LEVEL,DAWN,,,2/15/2020 4:46:54 AM,False,680,Accepted
26351581,0190200,CAMPBELL COUNTY POLICE DEPT.,Accepted,CAMPBELL,I 0275,,I275 E,,,,,,I-275 TURN AROUND 73,,STATE LINE,39.055420519,-84.434262811,,2/14/2020 12:00:00 AM,1742.0,2,2,0,0,CLEAR,DRY,False,REAR END IN TRAFFIC LANES BOTH VEHICLES MOVING,REAR END,STRAIGHT & LEVEL,DARK-HWY LIGHTED/ON,,,2/15/2020 4:47:00 AM,False,680,Accepted
26350201,0370200,KY STATE POLICE CVE,Accepted,LAUREL,I 0075,,I75 S,,,,,,,,,37.158029642,-84.113363584,41.536,2/13/2020 12:00:00 AM,1931.0,2,2,0,0,CLOUDY,DRY,False,SIDESWIPE COLLISION - SAME DIRECTION,SIDESWIPE-SAME DIRECTION,STRAIGHT & LEVEL,DARK-HWY NOT LIGHTED,,,2/14/2020 7:11:17 PM,False,C-325,Accepted
26370141,KSP1100,KY STATE POLICE POST 11,Accepted,LAUREL,I 0075,,I75 S,,,,,,,,,37.054208022,-84.098448155,34.312,2/13/2020 12:00:00 AM,1627.0,3,3,0,0,CLOUDY,WET,False,REAR END IN TRAFFIC LANES BOTH VEHICLES MOVING,REAR END,CURVE & GRADE,DAYLIGHT,,,2/17/2020 10:46:25 AM,False,917,Accepted
26341550,0080000,BOONE COUNTY SHERIFF DEPT.,Accepted,BOONE,KY0536,196,MT ZION,RD,,,,,,,,38.957393678,-84.621770189,14.075,2/11/2020 12:00:00 AM,1453.0,2,2,0,0,RAINING,WET,False,SIDESWIPE COLLISION - SAME DIRECTION,SIDESWIPE-SAME DIRECTION,STRAIGHT & LEVEL,DAYLIGHT,,,2/13/2020 7:22:49 AM,False,3746,Accepted
26329806,0340200,LEXINGTON POLICE DEPARTMENT,Accepted,FAYETTE,KY0004,,NEW CIRCLE,RD,W,,,KY0004,KY4 EXIT9B RAMP FROM KY922 N,KY0004,KY4 EXIT9B RAMP TO KY922 N,38.074106568,-84.492277177,9.486,2/10/2020 12:00:00 AM,1717.0,2,2,0,0,RAINING,WET,False,REAR END IN TRAFFIC LANES BOTH VEHICLES MOVING,REAR END,CURVE & LEVEL,DAYLIGHT,,,2/11/2020 1:39:53 AM,False,56208,Accepted
26330284,0080000,BOONE COUNTY SHERIFF DEPT.,Accepted,BOONE,I 0275,,I275 E,,,I 0275,I275 E EXIT2 ON RAMP FROM  MINEOLA PIKE,,,,,39.05230001,-84.623202369,1.806,2/10/2020 12:00:00 AM,30.0,2,2,0,0,RAINING,WATER (STANDING OR MOVING),False,OTHER INTERSECTION COLLISIONS,REAR END,CURVE & LEVEL,DARK-HWY LIGHTED/ON,,,2/11/2020 6:17:48 AM,False,3712,Accepted
26386646,1070000,SIMPSON COUNTY SHERIFF DEPT.,Accepted,SIMPSON,I 0065,,I65 S,,,,,,,,,36.644683972,-86.569608304,0.409,2/9/2020 12:00:00 AM,1622.0,1,1,0,1,CLEAR,DRY,False,COLLISION WITH FIXED OBJECT NON - INTERSECTION - FIRST EVENT COLLISION 09 - 32 EXCLUDING 16,SINGLE VEHICLE,STRAIGHT & LEVEL,DAYLIGHT,,,2/18/2020 11:47:57 AM,False,118,Accepted
26315521,0370200,KY STATE POLICE CVE,Accepted,LAUREL,I 0075,,I75 N,,,,,,,,,36.982172003,-84.110021167,29.241,2/7/2020 12:00:00 AM,1034.0,2,2,0,0,SNOWING,WET,True,SIDESWIPE COLLISION - SAME DIRECTION,SIDESWIPE-SAME DIRECTION,STRAIGHT & LEVEL,DAYLIGHT,,,2/7/2020 12:06:43 PM,False,C-351,Accepted
26336563,0370200,KY STATE POLICE CVE,Accepted,LAUREL,I 0075,,I75 S,,,,,,,,,37.035389324,-84.098423307,33.003,2/7/2020 12:00:00 AM,1515.0,2,2,0,0,CLOUDY,WET,False,SIDESWIPE COLLISION - SAME DIRECTION,SIDESWIPE-SAME DIRECTION,STRAIGHT & LEVEL,DAYLIGHT,,,2/12/2020 7:10:06 AM,False,C-119,Accepted
26333020,KSP0200,KY STATE POLICE POST 02,Accepted,CHRISTIAN,I 0024,,I24 E,,,,,,,,,36.655022628,-87.366663278,91.587,2/7/2020 12:00:00 AM,1337.0,2,2,0,0,CLEAR,DRY,False,REAR END IN TRAFFIC LANES BOTH VEHICLES MOVING,REAR END,STRAIGHT & GRADE,DAYLIGHT,,,2/11/2020 2:32:56 PM,False,449,Accepted
26318843,0340200,LEXINGTON POLICE DEPARTMENT,Accepted,FAYETTE,KY0004,,,,,,,,,,,38.075447972,-84.506004312,0.205,2/7/2020 12:00:00 AM,2350.0,2,2,0,0,CLOUDY,DRY,False,OTHER RAMP RELATED COLLISIONS NOT LISTED ABOVE,REAR END,CURVE & GRADE,DARK-HWY LIGHTED/ON,KY0004,US0025,2/8/2020 6:19:42 AM,False,49744,Accepted
26312732,0370200,KY STATE POLICE CVE,Accepted,ROCKCASTLE,I 0075,,I75 S,,,,,,,,,37.337424508,-84.306212275,58.513,2/6/2020 12:00:00 AM,1610.0,1,1,0,0,RAINING,WET,False,COLLISION WITH FIXED OBJECT NON - INTERSECTION - FIRST EVENT COLLISION 09 - 32 EXCLUDING 16,SINGLE VEHICLE,CURVE & GRADE,DAYLIGHT,,,2/6/2020 8:32:46 PM,False,C-325,Accepted
26295343,0410000,GRANT COUNTY SHERIFF DEPT.,Accepted,GRANT,KY0022,2600,TAFT,HWY,,,,,RUTHMAN,,STANLEY,38.672216507,-84.636345916,8.988,2/3/2020 12:00:00 AM,821.0,1,1,0,1,CLOUDY,DRY,False,RAN OFF ROADWAY (1 VEHICLE WITH/EARTH EMBANKMENT/DITCH),SINGLE VEHICLE,STRAIGHT & LEVEL,DAYLIGHT,,,2/3/2020 12:41:39 PM,False,906,Accepted
26403706,KSP1300,KY STATE POLICE POST 13,Accepted,KNOTT,KY0550,,MAIN,ST,E,,,,,,,37.343382336,-82.9686828,12.799,2/3/2020 12:00:00 AM,1210.0,2,2,0,0,CLEAR,DRY,False,1 VEHICLE PARKED POSITION (NOT PARKING LOT/DRIVEWAY),HEAD ON,STRAIGHT & LEVEL,DAYLIGHT,,,2/21/2020 12:39:45 PM,False,357,Accepted
26283500,0970100,HAZARD POLICE DEPARTMENT,Accepted,PERRY,KY0015,,KY15,,N,,,,,,,37.277621171,-83.215572843,14.33,2/1/2020 12:00:00 AM,2006.0,2,2,0,0,CLOUDY,WET,False,OTHER ROADWAY OR MID-BLOCK COLLISION,OPPOSING LEFT TURN,STRAIGHT & GRADE,DARK-HWY LIGHTED/ON,,,2/3/2020 8:06:13 AM,False,409,Accepted
26275187,0370200,KY STATE POLICE CVE,Accepted,LAUREL,I 0075,,I75 S,,,,,,,,,37.18990359,-84.144804446,44.373,1/31/2020 12:00:00 AM,1716.0,2,2,0,0,CLOUDY,DRY,False,SIDESWIPE COLLISION - SAME DIRECTION,SIDESWIPE-SAME DIRECTION,STRAIGHT & LEVEL,DAYLIGHT,,,1/31/2020 7:15:16 PM,False,C-325,Accepted
26294457,0240000,CHRISTIAN COUNTY SHERIFF OFFICE,Accepted,CHRISTIAN,I 0024,,I24 W,,,,,,,,,36.713037649,-87.479176209,84.063,1/29/2020 12:00:00 AM,2228.0,2,2,0,0,RAINING,WET,True,1 VEHICLE ENTERING/LEAVING ENTRANCE,ANGLE,STRAIGHT & LEVEL,DARK-HWY NOT LIGHTED,,,2/3/2020 10:13:16 AM,True,675,Accepted
26259380,0190200,CAMPBELL COUNTY POLICE DEPT.,Accepted,CAMPBELL,I 0275,,I275 W,,,,,,,,,39.057139363,-84.431232506,73.226,1/28/2020 12:00:00 AM,935.0,2,2,0,0,CLOUDY,DRY,False,REAR END IN TRAFFIC LANES BOTH VEHICLES MOVING,REAR END,STRAIGHT & LEVEL,DAYLIGHT,,,1/29/2020 1:16:19 AM,False,686,Accepted
26266428,KSP0200,KY STATE POLICE POST 02,Accepted,CHRISTIAN,I 0024,,,,,,,,,,,36.650961182,-87.357540798,0.718,1/28/2020 12:00:00 AM,1012.0,2,2,0,2,CLEAR,DRY,False,REAR END IN TRAFFIC LANES BOTH VEHICLES MOVING,REAR END,STRAIGHT & LEVEL,DAYLIGHT,,,1/30/2020 10:19:56 AM,False,449,Accepted
26262381,0970000,PERRY COUNTY SHERIFF,Accepted,PERRY,KY0015,,KY15,,N,,SHERIFF,,,,,37.302438255,-83.246514601,17.014,1/28/2020 12:00:00 AM,1546.0,2,2,0,2,CLEAR,DRY,False,OPPOSING LEFT TURN,OPPOSING LEFT TURN,STRAIGHT & GRADE,DAYLIGHT,,,1/29/2020 2:07:58 PM,False,502,Accepted
26273031,0530100,CLINTON POLICE DEPARTMENT,Accepted,HICKMAN,US0051,,WASHINGTON,ST,S,,,,,,,36.666156873,-88.993610144,7.705,1/27/2020 12:00:00 AM,1109.0,2,2,0,0,CLEAR,DRY,False,REAR END IN TRAFFIC LANES BOTH VEHICLES MOVING,REAR END,STRAIGHT & LEVEL,DAYLIGHT,,,1/31/2020 11:21:57 AM,False,102,Accepted
26836129,0350000,FLEMING COUNTY SHERIFF DEPT.,Accepted,FLEMING,KY0057,,MT CARAMEL,RD,,,,,,,,38.503955911,-83.623607408,9.176,1/27/2020 12:00:00 AM,750.0,2,2,0,1,FOG,ICE,False,COLLISION WITH FIXED OBJECT NON - INTERSECTION - FIRST EVENT COLLISION 09 - 32 EXCLUDING 16,SIDESWIPE-SAME DIRECTION,STRAIGHT & GRADE,DAWN,,,6/19/2020 8:06:56 AM,True,253,Accepted
26255745,0240000,CHRISTIAN COUNTY SHERIFF OFFICE,Accepted,CHRISTIAN,I 0024,,I24 E,,,,,,,,,36.668296186,-87.384949463,90.221,1/24/2020 12:00:00 AM,1626.0,2,2,0,0,RAINING,WET,False,REAR END IN TRAFFIC LANES BOTH VEHICLES MOVING,REAR END,STRAIGHT & LEVEL,DAYLIGHT,,,1/28/2020 10:48:08 AM,False,616,Accepted
26255746,0240000,CHRISTIAN COUNTY SHERIFF OFFICE,Accepted,CHRISTIAN,I 0024,,I24 E,,,,,,,,,36.668296186,-87.384949463,90.221,1/24/2020 12:00:00 AM,1658.0,2,2,0,0,RAINING,WET,False,REAR END IN TRAFFIC LANES BOTH VEHICLES MOVING,REAR END,STRAIGHT & LEVEL,DAYLIGHT,,,1/28/2020 10:48:13 AM,False,616,Accepted
26296674,0240000,CHRISTIAN COUNTY SHERIFF OFFICE,Accepted,CHRISTIAN,I 0024,,I24 E,,,,,,,,,36.660300285,-87.374022665,91.048,1/24/2020 12:00:00 AM,1643.0,4,4,0,0,RAINING,WET,False,REAR END IN TRAFFIC LANES BOTH VEHICLES MOVING,REAR END,STRAIGHT & GRADE,DARK-HWY NOT LIGHTED,,,2/3/2020 3:58:24 PM,False,616,Accepted
26241187,0080000,BOONE COUNTY SHERIFF DEPT.,Accepted,BOONE,KY0237,,PLEASANT VALLEY,RD,,,WOODCREEK,,,,,38.984603946,-84.686801072,3.206,1/23/2020 12:00:00 AM,1700.0,2,2,0,0,CLEAR,DRY,False,OTHER INTERSECTION COLLISIONS,REAR END,STRAIGHT & HILLCREST,DAYLIGHT,,,1/25/2020 12:18:57 AM,False,3735,Accepted
26232980,0470400,WEST POINT POLICE DEPARTMENT,Accepted,HARDIN,US0031W,,DIXIE,HWY,,,,,,,,37.992666414,-85.949901247,36.657,1/23/2020 12:00:00 AM,805.0,2,2,0,0,CLEAR,DRY,True,SIDESWIPE COLLISION - OPPOSITE DIRECTION,SIDESWIPE-OPPOSITE DIRECTION,STRAIGHT & HILLCREST,DAYLIGHT,,,1/23/2020 11:41:33 AM,False,104,Accepted
26220770,0340200,LEXINGTON POLICE DEPARTMENT,Accepted,FAYETTE,US0068,,BROADWAY,,S,,GIBSON,,,,,38.036188514,-84.519623135,5.395,1/20/2020 12:00:00 AM,1445.0,2,2,0,0,CLOUDY,DRY,False,OTHER INTERSECTION COLLISIONS,REAR END,STRAIGHT & LEVEL,DAYLIGHT,,,1/21/2020 9:55:01 AM,False,56412,Accepted
26217422,0590600,PARK HILLS POLICE DEPARTMENT,Accepted,KENTON,,1064,AMSTERDAM,RD,,,,,,,,39.073350848,-84.529126874,0.781,1/20/2020 12:00:00 AM,1045.0,2,2,0,0,CLEAR,DRY,False,VEHICLE BACKING NON INTERSECTION,BACKING,STRAIGHT & GRADE,DAYLIGHT,,,1/20/2020 7:11:29 PM,False,008,Accepted
26231386,0470000,HARDIN COUNTY SHERIFF DEPT.,Accepted,HARDIN,US0031W,,DIXIE,HWY,,,,,4TH,,6TH,37.99687081,-85.946188965,37.012,1/17/2020 12:00:00 AM,1105.0,2,2,0,0,CLEAR,DRY,True,SIDESWIPE COLLISION - OPPOSITE DIRECTION,SIDESWIPE-OPPOSITE DIRECTION,STRAIGHT & LEVEL,DAYLIGHT,,,1/23/2020 8:14:26 AM,False,989,Accepted
26208265,0340200,LEXINGTON POLICE DEPARTMENT,Accepted,FAYETTE,US0025,,GEORGETOWN,RD,,,,,BRIARWOOD,,NANDINO,38.078499228,-84.507559974,16.438,1/17/2020 12:00:00 AM,1253.0,3,3,0,0,CLOUDY,DRY,False,OTHER ROADWAY OR MID-BLOCK COLLISION,REAR END,STRAIGHT & LEVEL,DAYLIGHT,,,1/17/2020 6:11:12 PM,False,32684,Accepted
26307240,0340200,LEXINGTON POLICE DEPARTMENT,Accepted,FAYETTE,I 0075,,I75 N,,,,,I 0075,I75 N EXIT113 OFF RAMP TO US27,I 0064,I64 W,38.06698096,-84.445421469,112.056,1/16/2020 12:00:00 AM,752.0,2,2,0,0,CLOUDY,DRY,True,OTHER ROADWAY OR MID-BLOCK COLLISION,REAR END,STRAIGHT & LEVEL,DARK-HWY LIGHTED/ON,,,2/5/2020 4:41:35 PM,False,40247,Accepted
26202973,0370200,KY STATE POLICE CVE,Accepted,LAUREL,I 0075,,I75 N,,,,,,,,,37.009449373,-84.103011934,31.156,1/16/2020 12:00:00 AM,1850.0,2,2,0,1,CLOUDY,DRY,False,SIDESWIPE COLLISION - SAME DIRECTION,SIDESWIPE-SAME DIRECTION,STRAIGHT & GRADE,DARK-HWY NOT LIGHTED,,,1/16/2020 9:05:09 PM,False,C-325,Accepted
26194451,0340200,LEXINGTON POLICE DEPARTMENT,Accepted,FAYETTE,,,LOWRY,LN,E,,,,DELLWOOD,US0027,NICHOLASVILLE,38.005650742,-84.518217588,0.022,1/15/2020 12:00:00 AM,1155.0,2,2,0,0,CLOUDY,WET,False,VEHICLE BACKING NON INTERSECTION,BACKING,STRAIGHT & GRADE,DAYLIGHT,,,1/15/2020 1:53:34 PM,False,30541,Accepted
26193888,0470400,WEST POINT POLICE DEPARTMENT,Accepted,HARDIN,US0031W,,DIXIE,HWY,,,,,,,,37.992546272,-85.950011738,36.647,1/15/2020 12:00:00 AM,751.0,2,2,0,0,FOG,WET,True,SIDESWIPE COLLISION - OPPOSITE DIRECTION,SIDESWIPE-OPPOSITE DIRECTION,STRAIGHT & HILLCREST,DAWN,,,1/15/2020 11:52:00 AM,False,104,Accepted
26220926,0240000,CHRISTIAN COUNTY SHERIFF OFFICE,Accepted,CHRISTIAN,I 0024,,I24 E,,,,,I 0024,I24 E EXIT89 OFF RAMP TO KY115,I 0024,I24 E EXIT89 ON RAMP FROM KY115,36.682897056,-87.40668134,88.625,1/15/2020 12:00:00 AM,1327.0,2,2,0,0,CLEAR,DRY,False,REAR END IN TRAFFIC LANES BOTH VEHICLES MOVING,REAR END,STRAIGHT & LEVEL,DAYLIGHT,,,1/21/2020 10:09:24 AM,False,626,Accepted
26191024,0080000,BOONE COUNTY SHERIFF DEPT.,Accepted,BOONE,I 0275,,I275 E,,,,,,,,,39.058660361,-84.639185775,2.788,1/14/2020 12:00:00 AM,518.0,2,2,0,0,CLEAR,DRY,False,REAR END IN TRAFFIC LANES BOTH VEHICLES MOVING,REAR END,STRAIGHT & LEVEL,DARK (UNKNOWN ROADWAY LIGHTING),,,1/14/2020 10:53:03 PM,False,3753,Accepted
26177950,0080000,BOONE COUNTY SHERIFF DEPT.,Accepted,BOONE,,,OLD UNION,RD,,KY0536,HATHAWAY,,,,,38.945865463,-84.681003528,0.432,1/12/2020 12:00:00 AM,2.0,1,1,0,0,BLOWING SAND/SOIL/DIRT/SNOW,WET,False,COLLISION WITH FIXED OBJECT IN INTERSECTION - FIRST EVENT COLLISION 09 - 32,SINGLE VEHICLE,STRAIGHT & LEVEL,DARK-HWY LIGHTED/ON,,,1/12/2020 9:41:25 PM,False,3311,Accepted