IncidentID,AgencyORI,AgencyName,IncidentStatusDesc,County,RdwyNumber,Street,RoadwayName,StreetSfx,StreetDir,IntersectionRdwy,IntersectionRdwyName,BetweenStRdwy1,BetweenStRdwyName1,BetweenStRdwy2,BetweenStRdwyName2,Latitude,Longitude,Milepoint,CollisionDate,CollisionTime,UnitsInvolved,MotorVehiclesInvolved,NumberKilled,NumberInjured,Weather,RdwyConditionCode,HitandRun,DirAnalysisCode,MannerofCollision,RdwyCharacter,LightCondition,RampFromRdwyId,RampToRdwyId,AcceptedDate,IsSecondaryCollision,OwnerBadge,IncidentStatus
29381860,0560400,SHIVELY POLICE DEPARTMENT,Accepted,JEFFERSON,I 0264,,I264 E,,,,,I 0264,I264 E EXIT5 ON RAMP FROM KY1934,I 0264,I264 E EXIT8B OFF RAMP TO US31W S,38.20150279,-85.827459741,5.612,11/30/2021 12:00:00 AM,1429.0,4,4,0,1,CLEAR,DRY,False,REAR END IN TRAFFIC LANES BOTH VEHICLES MOVING,REAR END,STRAIGHT & LEVEL,DAYLIGHT,,,12/3/2021 7:07:41 AM,False,7088,Accepted
29396455,0080200,FLORENCE POLICE DEPARTMENT,Accepted,BOONE,KY0536,,MT ZION,RD,,I 0075,I75 N EXIT178 ON RAMP FROM  MT ZION RD,,,,,38.956428246,-84.632965812,13.457,11/30/2021 12:00:00 AM,1909.0,2,2,0,0,CLEAR,DRY,False,ANGLE COLLISION - OTHER,ANGLE,STRAIGHT & LEVEL,DARK-HWY LIGHTED/OFF,,,12/7/2021 12:01:57 PM,False,20,Accepted
29380987,0080000,BOONE COUNTY SHERIFF DEPT.,Accepted,BOONE,KY0338,,RICHWOOD,RD,,I 0075,I75 N EXIT175 ON RAMP FROM  RICHWOOD DR,,,,,38.917770279,-84.627992107,0.205,11/30/2021 12:00:00 AM,1700.0,2,2,0,0,CLEAR,DRY,False,ANGLE COLLISION - OTHER,ANGLE,STRAIGHT & LEVEL,DARK-HWY NOT LIGHTED,,,12/3/2021 1:53:08 AM,False,3751,Accepted
29375523,0890200,CENTRAL CITY POLICE DEPARTMENT,Accepted,MUHLENBERG,US0062,,EVERLY BROTHERS,BLVD,,,MASSEY,,,,,37.281304055,-87.133192172,17.007,11/30/2021 12:00:00 AM,1125.0,2,2,0,0,CLEAR,DRY,False,ANGLE COLLISION - OTHER,ANGLE,STRAIGHT & GRADE,DAYLIGHT,,,12/1/2021 6:27:59 PM,False,164,Accepted
29370417,0340300,UNIVERSITY OF KENTUCKY POLICE,Accepted,FAYETTE,US0027,,LIMESTONE,,S,,TRANSCRIPT,,,,,38.031509998,-84.509483254,4.857,11/30/2021 12:00:00 AM,1322.0,2,2,0,0,CLEAR,DRY,False,OPPOSITE DIRECTION - BOTH VEHICLES GOING STRAIGHT AHEAD,SIDESWIPE-OPPOSITE DIRECTION,STRAIGHT & LEVEL,DAYLIGHT,,,11/30/2021 5:14:52 PM,False,6510,Accepted
29369971,0080000,BOONE COUNTY SHERIFF DEPT.,Accepted,BOONE,US0025,,DIXIE,HWY,,,SHORLAND,,,,,38.922046064,-84.625967171,5.083,11/29/2021 12:00:00 AM,1625.0,2,2,0,0,CLEAR,DRY,False,VEHICLE BACKING IN INTERSECTION,BACKING,STRAIGHT & LEVEL,DAYLIGHT,,,11/30/2021 3:52:44 PM,False,3751,Accepted
29375268,1110000,TRIGG COUNTY SHERIFF DEPT.,Accepted,TRIGG,I 0024,,I24 W,,,,,,,,,36.877935069,-87.728502658,65.803,11/29/2021 12:00:00 AM,1026.0,2,2,0,0,CLEAR,DRY,False,REAR END IN TRAFFIC LANES BOTH VEHICLES MOVING,REAR END,STRAIGHT & LEVEL,DAYLIGHT,,,12/1/2021 5:28:05 PM,False,201,Accepted
29369625,0080000,BOONE COUNTY SHERIFF DEPT.,Accepted,BOONE,US0025,,DIXIE,HWY,,,,,,,,38.9177676,-84.623452542,4.759,11/29/2021 12:00:00 AM,1616.0,2,2,0,1,CLEAR,DRY,False,OTHER ROADWAY OR MID-BLOCK COLLISION,REAR END,STRAIGHT & LEVEL,DAYLIGHT,,,11/30/2021 2:32:59 PM,False,3763,Accepted
29363938,1060000,SHELBY COUNTY SHERIFF DEPT.,Accepted,SHELBY,KY0053,,MT EDEN,RD,,,,,,,,38.20112128,-85.206761204,7.265,11/28/2021 12:00:00 AM,1313.0,2,2,0,0,CLEAR,DRY,False,REAR END IN TRAFFIC LANES BOTH VEHICLES MOVING,REAR END,STRAIGHT & GRADE,DAYLIGHT,,,11/29/2021 10:17:27 AM,False,36,Accepted
29375262,1110000,TRIGG COUNTY SHERIFF DEPT.,Accepted,TRIGG,I 0024,,I24 E,,,,,,,,,36.928980653,-87.811659344,60.006,11/28/2021 12:00:00 AM,1639.0,2,2,0,0,CLEAR,DRY,False,REAR END IN TRAFFIC LANES BOTH VEHICLES MOVING,REAR END,STRAIGHT & LEVEL,DARK-HWY NOT LIGHTED,,,12/1/2021 5:27:50 PM,False,205,Accepted
29363622,0730000,MCCRACKEN COUNTY SHERIFF DEPT.,Accepted,MCCRACKEN,I 0024,MM2,I24 W,,,,,,,,,37.104348842,-88.690654774,2.466,11/28/2021 12:00:00 AM,1242.0,2,2,0,0,CLEAR,DRY,False,REAR END IN TRAFFIC LANES BOTH VEHICLES MOVING,REAR END,STRAIGHT & LEVEL,DAYLIGHT,,,11/29/2021 9:31:22 AM,False,26,Accepted
29483152,0630000,LAUREL COUNTY SHERIFF DEPT.,Accepted,LAUREL,I 0075,,I75 N,,,,,,,,,37.193360251,-84.14802993,44.664,11/28/2021 12:00:00 AM,944.0,2,2,0,0,CLEAR,DRY,False,REAR END IN TRAFFIC LANES BOTH VEHICLES MOVING,REAR END,STRAIGHT & LEVEL,DAYLIGHT,,,12/20/2021 8:07:57 AM,False,1122,Accepted
29375260,1110000,TRIGG COUNTY SHERIFF DEPT.,Accepted,TRIGG,I 0024,,I24 W,,,,,,,,,36.952910049,-87.84468449,57.496,11/27/2021 12:00:00 AM,1210.0,2,2,0,0,CLEAR,DRY,False,REAR END IN TRAFFIC LANES BOTH VEHICLES MOVING,REAR END,STRAIGHT & LEVEL,DAYLIGHT,,,12/1/2021 5:27:44 PM,False,210,Accepted
29371560,KSP0100,KY STATE POLICE POST 01,Accepted,CALDWELL,I 0024,,I24 E,,,,,,,,,36.966608419,-87.87460091,55.641,11/24/2021 12:00:00 AM,825.0,2,2,0,0,CLEAR,DRY,True,REAR END IN TRAFFIC LANES BOTH VEHICLES MOVING,REAR END,STRAIGHT & LEVEL,DAYLIGHT,,,11/30/2021 11:56:42 PM,False,520,Accepted
29355183,KSP0400,KY STATE POLICE POST 04,Accepted,HARDIN,I 0065,,I65 N,,,,,,,,,37.71721338,-85.828911646,94.393,11/24/2021 12:00:00 AM,107.0,2,2,0,0,CLEAR,DRY,False,REAR END IN TRAFFIC LANES BOTH VEHICLES MOVING,REAR END,CURVE & LEVEL,DARK-HWY LIGHTED/ON,,,11/26/2021 12:42:36 PM,False,841,Accepted
29378129,0470000,HARDIN COUNTY SHERIFF DEPT.,Accepted,HARDIN,I 0065,,I65 N,,,,,,,,,37.741289275,-85.797287823,96.897,11/23/2021 12:00:00 AM,136.0,2,2,0,0,CLEAR,DRY,True,REAR END IN TRAFFIC LANES BOTH VEHICLES MOVING,REAR END,STRAIGHT & LEVEL,DARK-HWY NOT LIGHTED,,,12/2/2021 12:05:40 PM,True,992,Accepted
29370770,0080000,BOONE COUNTY SHERIFF DEPT.,Accepted,BOONE,I 0075,,I75 S,,,,,,,,,38.912986567,-84.628719761,175.055,11/23/2021 12:00:00 AM,951.0,2,2,0,0,CLEAR,DRY,True,SIDESWIPE COLLISION - SAME DIRECTION,SIDESWIPE-SAME DIRECTION,STRAIGHT & LEVEL,DAYLIGHT,,,11/30/2021 6:37:11 PM,False,3202,Accepted
29349595,0370200,KY STATE POLICE CVE,Accepted,LAUREL,I 0075,,,,,,,,,,,36.98129069,-84.110505619,0.005,11/23/2021 12:00:00 AM,1345.0,2,2,0,0,CLEAR,DRY,False,OTHER RAMP RELATED COLLISIONS NOT LISTED ABOVE,SIDESWIPE-SAME DIRECTION,STRAIGHT & LEVEL,DAYLIGHT,I 0075,KY0770,11/24/2021 10:18:31 AM,False,C-319,Accepted
29343661,0080200,FLORENCE POLICE DEPARTMENT,Accepted,BOONE,KY0237,,PLEASANT VALLEY,RD,,,,,VALLEY VIEW,XX0237,OLD PLEASANT VALLEY RD CONN,38.980254212,-84.672714839,2.358,11/22/2021 12:00:00 AM,633.0,1,1,0,0,CLEAR,DRY,False,OTHER ROADWAY OR MID-BLOCK COLLISION,SINGLE VEHICLE,STRAIGHT & LEVEL,DARK (UNKNOWN ROADWAY LIGHTING),,,11/23/2021 12:10:07 AM,False,58,Accepted
29577208,0630000,LAUREL COUNTY SHERIFF DEPT.,Accepted,LAUREL,I 0075,,I75 N,,,,,,,,,37.213523205,-84.188379114,47.313,11/22/2021 12:00:00 AM,130.0,1,1,0,0,CLEAR,WET,False,OTHER ROADWAY OR MID-BLOCK COLLISION,SINGLE VEHICLE,STRAIGHT & LEVEL,DARK-HWY NOT LIGHTED,,,1/12/2022 10:53:48 AM,False,1141,Accepted
29344454,0040000,BALLARD COUNTY SHERIFF DEPT.,Accepted,BALLARD,US0051,,CAIRO,RD,,,,,,,,36.973906582,-89.095693882,4.235,11/22/2021 12:00:00 AM,1442.0,2,2,0,0,CLEAR,DRY,False,REAR END IN TRAFFIC LANES BOTH VEHICLES MOVING,REAR END,STRAIGHT & LEVEL,DAYLIGHT,,,11/23/2021 6:23:18 AM,False,02,Accepted
29345059,0340200,LEXINGTON POLICE DEPARTMENT,Accepted,FAYETTE,,,CLAYS MILL,RD,,,PASADENA,,,,,38.0123627,-84.538804874,1.383,11/22/2021 12:00:00 AM,714.0,2,2,0,0,CLEAR,DRY,False,ANGLE COLLISION - OTHER,ANGLE,CURVE & LEVEL,DAWN,,,11/23/2021 9:23:07 AM,False,56412,Accepted
29375696,0730000,MCCRACKEN COUNTY SHERIFF DEPT.,Accepted,MCCRACKEN,I 0024,,I24 W,,,,,,,,,37.125831748,-88.689725543,0.937,11/21/2021 12:00:00 AM,1240.0,2,2,0,0,RAINING,WET,False,REAR END IN TRAFFIC LANES BOTH VEHICLES MOVING,REAR END,STRAIGHT & LEVEL,DAYLIGHT,,,12/1/2021 8:03:52 PM,False,43,Accepted
29350829,1160100,MONTICELLO POLICE DEPARTMENT,Accepted,WAYNE,KY0090X,,MAIN,ST,N,,,,,,,36.832307521,-84.846741041,1.512,11/21/2021 12:00:00 AM,1826.0,2,2,0,0,RAINING,WET,False,REAR END IN TRAFFIC LANES BOTH VEHICLES MOVING,REAR END,STRAIGHT & LEVEL,DARK-HWY LIGHTED/ON,,,11/24/2021 4:28:39 PM,False,952,Accepted
29340223,0930400,OLDHAM COUNTY POLICE DEPT.,Accepted,OLDHAM,I 0071,,I71 S,,,,,,,,,38.34545566,-85.49539573,14.317,11/21/2021 12:00:00 AM,1345.0,1,1,0,1,RAINING,WET,False,OTHER COLLISIONS ON SHOULDER,SINGLE VEHICLE,STRAIGHT & GRADE,DAYLIGHT,,,11/22/2021 10:24:56 AM,False,3060,Accepted
29339518,KSP1100,KY STATE POLICE POST 11,Accepted,CLAY,HR9006,,HR9006,,,,,,,,,37.172387537,-83.588319341,33.584,11/21/2021 12:00:00 AM,2054.0,1,1,0,1,RAINING,WET,False,OTHER ROADWAY OR MID-BLOCK COLLISION,SINGLE VEHICLE,STRAIGHT & LEVEL,DARK-HWY LIGHTED/ON,,,11/22/2021 8:34:19 AM,False,621,Accepted
29342652,1050100,GEORGETOWN POLICE DEPARTMENT,Accepted,SCOTT,I 0075,,,,,,,,,,,38.213779038,-84.533906201,0.267,11/21/2021 12:00:00 AM,1812.0,2,2,0,0,RAINING,WET,False,OTHER RAMP RELATED COLLISIONS NOT LISTED ABOVE,REAR END,CURVE & GRADE,DARK-HWY LIGHTED/OFF,US0460,I 0075,11/22/2021 6:04:58 PM,False,851,Accepted
29337846,1050100,GEORGETOWN POLICE DEPARTMENT,Accepted,SCOTT,I 0075,,,,,,,,,,,38.222126438,-84.537315101,0.156,11/20/2021 12:00:00 AM,1742.0,2,2,0,0,CLEAR,DRY,False,OTHER RAMP RELATED COLLISIONS NOT LISTED ABOVE,REAR END,CURVE & LEVEL,DARK-HWY NOT LIGHTED,CHERRY BLOSSOM WAY,I 0075,11/21/2021 6:57:21 PM,False,876,Accepted
29337851,1050100,GEORGETOWN POLICE DEPARTMENT,Accepted,SCOTT,I 0075,,I75 S,,,,,,,,,38.216572822,-84.534993765,124.905,11/20/2021 12:00:00 AM,2005.0,2,2,0,0,CLEAR,DRY,False,SIDESWIPE COLLISION - SAME DIRECTION,SIDESWIPE-SAME DIRECTION,STRAIGHT & LEVEL,DARK-HWY LIGHTED/ON,,,11/21/2021 6:57:46 PM,False,851,Accepted
29337850,1050100,GEORGETOWN POLICE DEPARTMENT,Accepted,SCOTT,I 0075,,I75 S,,,,,,,,,38.216014357,-84.534604783,124.862,11/20/2021 12:00:00 AM,1712.0,1,1,0,1,CLEAR,DRY,False,OTHER ROADWAY OR MID-BLOCK COLLISION,SINGLE VEHICLE,STRAIGHT & LEVEL,DARK-HWY LIGHTED/ON,,,11/21/2021 6:57:43 PM,False,851,Accepted
29332772,0080200,FLORENCE POLICE DEPARTMENT,Accepted,BOONE,I 0075,,I75 N,,,,,,,,,38.985412012,-84.641726927,180.023,11/19/2021 12:00:00 AM,1547.0,3,3,0,0,CLEAR,DRY,False,1 VEHICLE ENTERING/LEAVING ENTRANCE,ANGLE,STRAIGHT & LEVEL,DAYLIGHT,,,11/19/2021 6:41:28 PM,False,43,Accepted
29339598,0900100,BARDSTOWN POLICE DEPARTMENT,Accepted,NELSON,US0150,,SPRINGFIELD,RD,,,,,,,,37.798441179,-85.435605665,1.618,11/19/2021 12:00:00 AM,1457.0,2,2,0,0,CLEAR,DRY,False,REAR END IN TRAFFIC LANES BOTH VEHICLES MOVING,REAR END,STRAIGHT & LEVEL,DAYLIGHT,,,11/22/2021 8:43:44 AM,False,2923,Accepted
29330697,KSP1100,KY STATE POLICE POST 11,Accepted,LAUREL,I 0075,,I75 S,,,,,,,,,37.211673344,-84.183507346,47.028,11/18/2021 12:00:00 AM,1241.0,2,2,0,0,RAINING,WET,False,REAR END IN TRAFFIC LANES BOTH VEHICLES MOVING,REAR END,STRAIGHT & GRADE,DAYLIGHT,,,11/19/2021 8:25:42 AM,False,1113,Accepted
29324373,0340200,LEXINGTON POLICE DEPARTMENT,Accepted,FAYETTE,US0068,,HARRODSBURG,RD,,,MCCUBBING,,,,,38.029586895,-84.53006403,4.618,11/17/2021 12:00:00 AM,1303.0,2,2,0,0,CLEAR,DRY,False,ANGLE COLLISION - OTHER,ANGLE,STRAIGHT & LEVEL,DAYLIGHT,,,11/17/2021 6:32:49 PM,False,56413,Accepted
29331818,0920000,OHIO COUNTY SHERIFF DEPT.,Accepted,OHIO,WK9001,82123,WK9001 W,,,,,,,,,37.389450197,-86.700278199,82.911,11/17/2021 12:00:00 AM,2038.0,2,2,0,0,CLEAR,DRY,False,REAR END IN TRAFFIC LANES BOTH VEHICLES MOVING,REAR END,CURVE & GRADE,DARK-HWY NOT LIGHTED,,,11/19/2021 2:12:00 PM,False,1115,Accepted
29340665,0160000,BUTLER COUNTY SHERIFF DEPT.,Accepted,BUTLER,WN9007,,WN9007 N,,,,,,,,,37.298656957,-86.738703913,35.942,11/17/2021 12:00:00 AM,1337.0,1,1,0,0,CLEAR,DRY,False,OTHER ROADWAY OR MID-BLOCK COLLISION,SINGLE VEHICLE,STRAIGHT & LEVEL,DAYLIGHT,,,11/22/2021 11:56:28 AM,False,164,Accepted
29331343,0080000,BOONE COUNTY SHERIFF DEPT.,Accepted,BOONE,I 0075,,I75 S,,,,,,,,,38.914005227,-84.62879389,175.164,11/17/2021 12:00:00 AM,1752.0,2,2,0,0,CLEAR,DRY,False,SIDESWIPE COLLISION - SAME DIRECTION,SIDESWIPE-SAME DIRECTION,STRAIGHT & GRADE,DARK-HWY LIGHTED/OFF,,,11/19/2021 11:13:48 AM,False,3739,Accepted
29331342,0080000,BOONE COUNTY SHERIFF DEPT.,Accepted,BOONE,I 0075,,,,,,,,,,,38.918619363,-84.630323546,0.17,11/17/2021 12:00:00 AM,1638.0,2,2,0,0,CLEAR,DRY,False,OTHER RAMP RELATED COLLISIONS NOT LISTED ABOVE,REAR END,STRAIGHT & HILLCREST,DAYLIGHT,I 0075,RICHWOOD DR,11/19/2021 11:13:44 AM,False,3739,Accepted
29344891,1140000,WARREN COUNTY SHERIFF DEPT.,Accepted,WARREN,US0231,,SCOTTSVILLE,RD,,,,,OLDE STONE,,PHIL MOORE PARK,36.900492716,-86.388228869,6.016,11/16/2021 12:00:00 AM,819.0,2,2,0,0,CLEAR,DRY,False,REAR END IN TRAFFIC LANES BOTH VEHICLES MOVING,REAR END,STRAIGHT & GRADE,DAYLIGHT,,,11/23/2021 8:36:29 AM,False,409,Accepted
29317325,0568000,LOUISVILLE METRO POLICE DEPT,Accepted,JEFFERSON,I 0265,,I265 S,,,,,,,,,38.270266061,-85.501166196,28.734,11/15/2021 12:00:00 AM,912.0,3,3,0,2,CLEAR,DRY,False,OTHER ROADWAY OR MID-BLOCK COLLISION,REAR END,STRAIGHT & LEVEL,DAYLIGHT,,,11/16/2021 8:08:50 AM,True,4903,Accepted
29317428,0900100,BARDSTOWN POLICE DEPARTMENT,Accepted,NELSON,US0150,,SPRINGFIELD,RD,,,MAYWOOD,,,,,37.796457054,-85.426185398,2.148,11/15/2021 12:00:00 AM,1301.0,2,2,0,0,CLOUDY,DRY,False,OPPOSING LEFT TURN,OPPOSING LEFT TURN,STRAIGHT & LEVEL,DAYLIGHT,,,11/16/2021 8:38:19 AM,False,2914,Accepted
29325643,0080200,FLORENCE POLICE DEPARTMENT,Accepted,BOONE,,,BILTMORE,BLVD,,KY0536,MT ZION,,,,,38.956317812,-84.630342264,,11/14/2021 12:00:00 AM,2240.0,2,2,0,0,CLEAR,DRY,False,ANGLE COLLISION - OTHER,ANGLE,STRAIGHT & LEVEL,DARK-HWY LIGHTED/OFF,,,11/18/2021 5:44:16 AM,False,27,Accepted
29313247,1060000,SHELBY COUNTY SHERIFF DEPT.,Accepted,SHELBY,,,OLD SEVEN MILE,PIKE,,KY0053,MT EDEN,,,,,38.201026145,-85.206830976,0.001,11/14/2021 12:00:00 AM,1200.0,3,3,0,1,RAINING,WET,False,ANGLE COLLISION - OTHER,ANGLE,STRAIGHT & GRADE,DAYLIGHT,,,11/15/2021 10:38:40 AM,False,36,Accepted
29339416,0390100,WARSAW POLICE DEPARTMENT,Accepted,GALLATIN,I 0071,,I71 N,,,,,,,,,38.747915706,-84.820121598,62.626,11/12/2021 12:00:00 AM,1543.0,2,2,0,0,RAINING,WET,False,1 VEHICLE ENTERING/LEAVING ENTRANCE,ANGLE,STRAIGHT & GRADE,DAYLIGHT,,,11/22/2021 7:59:45 AM,False,450,Accepted
29735490,0390000,GALLATIN COUNTY SHERIFF DEPT.,Accepted,GALLATIN,I 0071,,I71 N,,,,,,,,,38.741210985,-84.833103894,61.777,11/12/2021 12:00:00 AM,1842.0,2,2,0,0,CLOUDY,WET,False,REAR END IN TRAFFIC LANES BOTH VEHICLES MOVING,REAR END,STRAIGHT & GRADE,DARK-HWY NOT LIGHTED,,,2/23/2022 11:11:52 AM,False,114,Accepted
29312590,0730000,MCCRACKEN COUNTY SHERIFF DEPT.,Accepted,MCCRACKEN,I 0024,,I24 W,,,,,,,,,37.131620429,-88.687715092,0.521,11/12/2021 12:00:00 AM,1353.0,2,2,0,0,CLEAR,DRY,False,REAR END IN TRAFFIC LANES BOTH VEHICLES MOVING,REAR END,STRAIGHT & LEVEL,DAYLIGHT,,,11/15/2021 8:14:30 AM,False,42,Accepted
29309184,0080000,BOONE COUNTY SHERIFF DEPT.,Accepted,BOONE,I 0275,,I275 E,,,I 0275,I275 E EXIT7 OFF RAMP TO KY237,,,,,39.080375194,-84.714512657,7.302,11/12/2021 12:00:00 AM,2323.0,2,2,0,0,RAINING,WET,True,SIDESWIPE-SAME DIRECTION,SIDESWIPE-SAME DIRECTION,,DARK (UNKNOWN ROADWAY LIGHTING),,,11/14/2021 3:28:22 AM,False,3759,Accepted
29318753,1110000,TRIGG COUNTY SHERIFF DEPT.,Accepted,TRIGG,I 0024,,I24 E,,,,,,,,,36.932983078,-87.818122131,59.554,11/12/2021 12:00:00 AM,845.0,1,1,0,0,CLOUDY,DRY,False,COLLISION WITH FIXED OBJECT NON - INTERSECTION - FIRST EVENT COLLISION 09 - 32 EXCLUDING 16,SINGLE VEHICLE,STRAIGHT & GRADE,DAYLIGHT,,,11/16/2021 1:12:21 PM,False,210,Accepted
29307143,1140000,WARREN COUNTY SHERIFF DEPT.,Accepted,WARREN,US0231,,SCOTTSVILLE,RD,,,,,,,,36.87955378,-86.357906962,3.793,11/11/2021 12:00:00 AM,741.0,1,1,0,0,CLEAR,DRY,False,OTHER ROADWAY OR MID-BLOCK COLLISION,SINGLE VEHICLE,STRAIGHT & LEVEL,DAYLIGHT,,,11/13/2021 9:11:10 AM,False,472,Accepted
29357190,0390000,GALLATIN COUNTY SHERIFF DEPT.,Accepted,GALLATIN,I 0071,,I71 N,,,,,,,,,38.745770457,-84.825023009,62.322,11/11/2021 12:00:00 AM,630.0,2,1,0,0,CLEAR,DRY,False,SIDESWIPE COLLISION - SAME DIRECTION,SIDESWIPE-SAME DIRECTION,STRAIGHT & HILLCREST,DAWN,,,11/27/2021 3:02:23 AM,False,103,Accepted
29304347,1140000,WARREN COUNTY SHERIFF DEPT.,Accepted,WARREN,US0231,,SCOTTSVILLE,RD,,,,,,,,36.873087122,-86.354185623,3.295,11/11/2021 12:00:00 AM,1232.0,2,2,0,0,RAINING,WET,False,1 VEHICLE ENTERING/LEAVING ENTRANCE,ANGLE,STRAIGHT & LEVEL,DAYLIGHT,,,11/12/2021 11:33:51 AM,False,413,Accepted
29303994,KSP0500,KY STATE POLICE POST 05,Accepted,GALLATIN,I 0071,,I71 N,,,,,,,,,38.730469456,-84.850360167,60.549,11/10/2021 12:00:00 AM,1548.0,2,2,0,0,CLEAR,DRY,False,OTHER ROADWAY OR MID-BLOCK COLLISION,REAR END,STRAIGHT & LEVEL,DAYLIGHT,,,11/12/2021 9:49:08 AM,False,524,Accepted
29304145,1060000,SHELBY COUNTY SHERIFF DEPT.,Accepted,SHELBY,US0060,,FRANKFORT,RD,,,,,,,,38.211273809,-85.200193569,11.596,11/10/2021 12:00:00 AM,1340.0,2,2,0,0,CLEAR,DRY,False,OTHER ROADWAY OR MID-BLOCK COLLISION,REAR END,STRAIGHT & LEVEL,DAYLIGHT,,,11/12/2021 10:17:45 AM,False,25,Accepted
29290529,0930400,OLDHAM COUNTY POLICE DEPT.,Accepted,OLDHAM,KY2856,,ELDER PARK,RD,,,,,MAPLE LEAF,,PIN OAK,38.368682932,-85.403892981,1.117,11/10/2021 12:00:00 AM,955.0,2,2,0,0,CLEAR,DRY,False,OTHER ROADWAY OR MID-BLOCK COLLISION,REAR END,CURVE & GRADE,DAYLIGHT,,,11/10/2021 7:01:47 PM,False,3060,Accepted
29300037,0568000,LOUISVILLE METRO POLICE DEPT,Accepted,JEFFERSON,I 0264,,I264 E,,,,,,,,,38.185376218,-85.809393197,7.681,11/10/2021 12:00:00 AM,2300.0,2,2,0,0,CLEAR,DRY,True,SIDESWIPE COLLISION - SAME DIRECTION,SIDESWIPE-SAME DIRECTION,STRAIGHT & LEVEL,DARK-HWY LIGHTED/ON,,,11/11/2021 8:36:27 AM,False,5337,Accepted
29283968,0590100,COVINGTON POLICE DEPARTMENT,Accepted,KENTON,KY0008,,4TH,ST,E,,COURT,,,,,39.087404191,-84.508598348,7.288,11/10/2021 12:00:00 AM,703.0,2,2,0,0,CLEAR,DRY,False,OTHER INTERSECTION COLLISIONS,REAR END,STRAIGHT & LEVEL,DAYLIGHT,,,11/10/2021 2:57:30 PM,False,5126,Accepted
29291416,0250100,WINCHESTER POLICE DEPARTMENT,Accepted,CLARK,KY0627,,BOONE,AVE,,,,KY1927,BELMONT,,SHORT,37.987559224,-84.185282272,7.356,11/10/2021 12:00:00 AM,950.0,2,2,0,0,CLEAR,DRY,False,1 VEHICLE PARKED POSITION (NOT PARKING LOT/DRIVEWAY),SIDESWIPE-SAME DIRECTION,STRAIGHT & LEVEL,DAYLIGHT,,,11/10/2021 11:58:03 PM,False,5063,Accepted
29314494,1000000,PULASKI COUNTY SHERIFF DEPT.,Accepted,PULASKI,KY0461,,KY461,,,,VALLEY OAK COMPLEX,,,,,37.174944011,-84.485259126,1.264,11/9/2021 12:00:00 AM,1152.0,2,2,0,0,CLEAR,DRY,False,OPPOSITE DIRECTION - BOTH VEHICLES GOING STRAIGHT AHEAD,SIDESWIPE-OPPOSITE DIRECTION,STRAIGHT & LEVEL,DAYLIGHT,,,11/15/2021 3:30:05 PM,False,1103,Accepted
29338701,0390000,GALLATIN COUNTY SHERIFF DEPT.,Accepted,GALLATIN,I 0071,,I71 N,,,,,,,,,38.720580351,-84.867244651,59.386,11/9/2021 12:00:00 AM,1158.0,2,1,0,1,CLEAR,DRY,False,REAR END IN TRAFFIC LANES BOTH VEHICLES MOVING,REAR END,STRAIGHT & LEVEL,DAYLIGHT,,,11/22/2021 3:01:48 AM,False,103,Accepted
29344990,KSP0900,KY STATE POLICE POST 09,Accepted,PIKE,US0023,,US23,,,,,,,,,37.402587437,-82.530003072,15.483,11/9/2021 12:00:00 AM,1619.0,2,2,0,0,CLEAR,DRY,False,REAR END IN TRAFFIC LANES BOTH VEHICLES MOVING,REAR END,STRAIGHT & LEVEL,DAYLIGHT,,,11/23/2021 9:10:10 AM,False,757,Accepted
29339902,0270000,CLINTON COUNTY SHERIFF DEPT.,Accepted,CLINTON,KY0696,,KY696,,,,,,,,,36.672207878,-85.066988642,3.065,11/8/2021 12:00:00 AM,700.0,2,2,0,0,CLEAR,DRY,False,1 VEHICLE PARKED POSITION (NOT PARKING LOT/DRIVEWAY),BACKING,STRAIGHT & LEVEL,DAYLIGHT,,,11/22/2021 9:33:26 AM,False,1250,Accepted
29237519,0568000,LOUISVILLE METRO POLICE DEPT,Accepted,JEFFERSON,I 0265,,I265 N,,,,,,,,,38.24597732,-85.503247727,27.089,11/8/2021 12:00:00 AM,1629.0,2,2,0,0,CLEAR,DRY,True,SIDESWIPE COLLISION - SAME DIRECTION,SIDESWIPE-SAME DIRECTION,STRAIGHT & LEVEL,DAYLIGHT,,,11/9/2021 8:29:43 AM,False,7751,Accepted
29199513,0370200,KY STATE POLICE CVE,Accepted,LAUREL,I 0075,,I75 S,,,,,,,,,37.156004968,-84.112986965,41.397,11/7/2021 12:00:00 AM,1658.0,2,2,0,0,CLEAR,DRY,False,SIDESWIPE COLLISION - SAME DIRECTION,SIDESWIPE-SAME DIRECTION,STRAIGHT & GRADE,DAYLIGHT,,,11/8/2021 10:43:19 AM,False,C-325,Accepted
29194483,0340200,LEXINGTON POLICE DEPARTMENT,Accepted,FAYETTE,KY0004,,,,,,,,,,,38.016032992,-84.549926394,0.014,11/7/2021 12:00:00 AM,1757.0,2,2,0,0,CLEAR,DRY,False,OTHER RAMP RELATED COLLISIONS NOT LISTED ABOVE,SIDESWIPE-SAME DIRECTION,STRAIGHT & LEVEL,DUSK,KY0004,US0068,11/7/2021 9:57:35 PM,False,58537,Accepted