IncidentID,AgencyORI,AgencyName,IncidentStatusDesc,County,RdwyNumber,Street,RoadwayName,StreetSfx,StreetDir,IntersectionRdwy,IntersectionRdwyName,BetweenStRdwy1,BetweenStRdwyName1,BetweenStRdwy2,BetweenStRdwyName2,Latitude,Longitude,Milepoint,CollisionDate,CollisionTime,UnitsInvolved,MotorVehiclesInvolved,NumberKilled,NumberInjured,Weather,RdwyConditionCode,HitandRun,DirAnalysisCode,MannerofCollision,RdwyCharacter,LightCondition,RampFromRdwyId,RampToRdwyId,AcceptedDate,IsSecondaryCollision,OwnerBadge,IncidentStatus
29357651,0610000,KNOX COUNTY SHERIFF DEPARTMENT,Accepted,KNOX,US0025E,,US25E,,S,KY2415,BRADLEY MARTIN,,,,,36.854571579,-83.850382343,8.628,11/5/2021 12:00:00 AM,1645.0,2,2,0,0,CLEAR,DRY,False,OTHER INTERSECTION COLLISIONS,REAR END,STRAIGHT & GRADE,DAYLIGHT,,,11/27/2021 8:35:04 AM,False,105,Accepted
29283358,0470100,ELIZABETHTOWN POLICE DEPT.,Accepted,HARDIN,US0031WB,,31W,BYP,,,,WK9001,WK9001 W EXIT136 ON RAMP FROM US31W,WK9001,WK9001 E EXIT136 ON RAMP FROM US31W,37.678720341,-85.861242675,0.225,11/5/2021 12:00:00 AM,1638.0,2,2,0,0,CLEAR,DRY,False,OTHER ROADWAY OR MID-BLOCK COLLISION,REAR END,STRAIGHT & LEVEL,DAYLIGHT,,,11/10/2021 2:41:00 PM,False,0129,Accepted
29253186,0080000,BOONE COUNTY SHERIFF DEPT.,Accepted,BOONE,I 0075,,I75 S,,,,,,,,,38.916024831,-84.629004198,175.263,11/5/2021 12:00:00 AM,1137.0,2,2,0,0,CLEAR,DRY,False,1 VEHICLE ENTERING/LEAVING ENTRANCE,ANGLE,STRAIGHT & LEVEL,DAYLIGHT,,,11/9/2021 6:15:34 PM,False,3765,Accepted
29355330,0150200,LEBANON JUNCTION POLICE DEPT.,Accepted,BULLITT,I 0065,,I65 S,,,,,,,,,37.882526277,-85.70074615,108.678,11/5/2021 12:00:00 AM,1258.0,2,2,0,0,CLEAR,DRY,False,REAR END IN TRAFFIC LANES BOTH VEHICLES MOVING,REAR END,STRAIGHT & LEVEL,DAYLIGHT,,,11/26/2021 2:04:20 PM,False,601,Accepted
29187569,1140100,BOWLING GREEN POLICE,Accepted,WARREN,US0068,,VETERANS MEMORIAL,LN,,,,,TOMBLINSON,US0068,RUSSELLVILLE,36.972334492,-86.483996581,9.656,11/4/2021 12:00:00 AM,931.0,2,2,0,0,CLEAR,DRY,False,REAR END IN TRAFFIC LANES BOTH VEHICLES MOVING,REAR END,STRAIGHT & LEVEL,DAYLIGHT,,,11/5/2021 10:44:15 AM,False,181,Accepted
29196313,KSP1100,KY STATE POLICE POST 11,Accepted,LAUREL,I 0075,,I75 N,,,,,,,,,37.163748385,-84.117191141,41.972,11/4/2021 12:00:00 AM,1105.0,3,3,0,1,CLEAR,DRY,False,REAR END IN TRAFFIC LANES BOTH VEHICLES MOVING,REAR END,STRAIGHT & LEVEL,DAYLIGHT,,,11/8/2021 8:35:58 AM,False,376,Accepted
29183233,0920000,OHIO COUNTY SHERIFF DEPT.,Accepted,OHIO,WK9001,69000,WK9001 W,,,,,,,,,37.358715323,-86.868171637,73.015,11/4/2021 12:00:00 AM,615.0,2,2,0,0,CLEAR,DRY,False,1 VEHICLE PARKED POSITION (NOT PARKING LOT/DRIVEWAY),REAR END,STRAIGHT & LEVEL,DARK (UNKNOWN ROADWAY LIGHTING),,,11/4/2021 9:59:18 AM,False,1107,Accepted
29188144,0080000,BOONE COUNTY SHERIFF DEPT.,Accepted,BOONE,I 0075,,I75 S,,,,,,,,,38.903461669,-84.627713763,174.405,11/4/2021 12:00:00 AM,1218.0,2,2,0,0,CLEAR,DRY,False,1 VEHICLE ENTERING/LEAVING ENTRANCE,ANGLE,STRAIGHT & LEVEL,DAYLIGHT,,,11/5/2021 1:19:59 PM,False,3765,Accepted
29197336,0180000,CALLOWAY COUNTY SHERIFF DEPT.,Accepted,CALLOWAY,KY0094,,KY94,,E,,,,,,,36.612596382,-88.28751321,11.318,11/4/2021 12:00:00 AM,740.0,3,3,0,1,CLEAR,DRY,False,HEAD-ON COLLISION,HEAD ON,STRAIGHT & LEVEL,DAYLIGHT,,,11/8/2021 9:41:42 AM,False,2,Accepted
29191505,0080000,BOONE COUNTY SHERIFF DEPT.,Accepted,BOONE,KY1017,,AERO,PKWY,,,,,,,,39.019269345,-84.67308434,0.46,11/4/2021 12:00:00 AM,1431.0,2,2,0,0,CLEAR,DRY,True,REAR END IN TRAFFIC LANES BOTH VEHICLES MOVING,REAR END,STRAIGHT & GRADE,DAYLIGHT,,,11/6/2021 4:26:25 PM,False,3734,Accepted
29187002,0590100,COVINGTON POLICE DEPARTMENT,Accepted,KENTON,I 0075,,I75 N,,,,,,,,,39.087119079,-84.522696987,191.281,11/4/2021 12:00:00 AM,1855.0,3,3,0,2,CLEAR,DRY,False,REAR END IN TRAFFIC LANES BOTH VEHICLES MOVING,REAR END,STRAIGHT & LEVEL,DARK-HWY LIGHTED/ON,,,11/5/2021 8:15:59 AM,False,0292,Accepted
29245860,1060100,SHELBYVILLE POLICE DEPARTMENT,Accepted,SHELBY,US0060,,MAIN,ST,,,8TH,,,,,38.211255668,-85.220338759,10.482,11/4/2021 12:00:00 AM,828.0,1,1,0,0,CLEAR,DRY,False,COLLISION WITH FIXED OBJECT IN INTERSECTION - FIRST EVENT COLLISION 09 - 32,SINGLE VEHICLE,STRAIGHT & LEVEL,DAYLIGHT,,,11/9/2021 2:28:46 PM,False,218,Accepted
29179136,0920000,OHIO COUNTY SHERIFF DEPT.,Accepted,OHIO,WK9001,85000,WK9001 W,,,,,,,,,37.389938908,-86.625377908,87.132,11/3/2021 12:00:00 AM,600.0,1,1,0,0,CLEAR,DRY,False,COLLISION WITH FIXED OBJECT NON - INTERSECTION - FIRST EVENT COLLISION 09 - 32 EXCLUDING 16,SINGLE VEHICLE,STRAIGHT & LEVEL,DARK (UNKNOWN ROADWAY LIGHTING),,,11/3/2021 11:11:00 AM,False,1107,Accepted
29183416,0340200,LEXINGTON POLICE DEPARTMENT,Accepted,FAYETTE,KY0004,,,,,,,,,,,38.075010004,-84.502365775,0.201,11/3/2021 12:00:00 AM,1325.0,2,2,0,0,CLEAR,DRY,False,OTHER RAMP RELATED COLLISIONS NOT LISTED ABOVE,REAR END,CURVE & GRADE,DAYLIGHT,US0025,KY0004,11/4/2021 10:50:37 AM,False,56412,Accepted
29188048,0730000,MCCRACKEN COUNTY SHERIFF DEPT.,Accepted,MCCRACKEN,I 0024,,I24 W,,,,,,,,,37.122879172,-88.690841495,1.152,11/3/2021 12:00:00 AM,937.0,2,2,0,0,CLOUDY,DRY,False,SIDESWIPE COLLISION - SAME DIRECTION,SIDESWIPE-SAME DIRECTION,CURVE & LEVEL,DAYLIGHT,,,11/5/2021 12:50:35 PM,False,39,Accepted
29182891,0590100,COVINGTON POLICE DEPARTMENT,Accepted,KENTON,I 0075,,I75 N,,,,,,,,,39.075912094,-84.5193759,190.454,11/3/2021 12:00:00 AM,756.0,2,2,0,0,CLEAR,DRY,False,SIDESWIPE COLLISION - SAME DIRECTION,SIDESWIPE-SAME DIRECTION,STRAIGHT & LEVEL,DAYLIGHT,,,11/4/2021 9:02:14 AM,False,0231,Accepted
29187334,1140000,WARREN COUNTY SHERIFF DEPT.,Accepted,WARREN,US0068,850,VETERANS MEMORIAL,LN,,,,,,,,36.998118098,-86.488489569,11.477,11/3/2021 12:00:00 AM,1058.0,2,2,0,0,CLOUDY,DRY,False,SIDESWIPE COLLISION - SAME DIRECTION,SIDESWIPE-SAME DIRECTION,CURVE & LEVEL,DAYLIGHT,,,11/5/2021 9:42:43 AM,False,415,Accepted
29545372,0780000,MARION COUNTY SHERIFF DEPT.,Accepted,MARION,US0068,,CAMPBELLSVILLE,HWY,,KY0289,KY289,,,,,37.526608237,-85.302145656,6.636,11/3/2021 12:00:00 AM,1926.0,2,2,0,1,CLEAR,DRY,False,OTHER INTERSECTION COLLISIONS,REAR END,STRAIGHT & LEVEL,DARK-HWY NOT LIGHTED,,,1/8/2022 11:29:18 AM,False,1209,Accepted
29183013,1140000,WARREN COUNTY SHERIFF DEPT.,Accepted,WARREN,US0068,,VETERANS MEMORIAL,LN,,,,,,,,37.003512926,-86.485675327,11.883,11/3/2021 12:00:00 AM,1105.0,2,2,0,0,CLEAR,DRY,False,1 VEHICLE ENTERING/LEAVING ENTRANCE,ANGLE,STRAIGHT & LEVEL,DAYLIGHT,,,11/4/2021 9:29:23 AM,False,472,Accepted
29191498,0080000,BOONE COUNTY SHERIFF DEPT.,Accepted,BOONE,KY0237,,CAMP ERNST,RD,,,BLUESTEM,,,,,39.005007813,-84.704629565,5.142,11/3/2021 12:00:00 AM,723.0,2,2,0,1,CLEAR,DRY,False,ANGLE COLLISION - OTHER,ANGLE,CURVE & LEVEL,DARK-HWY NOT LIGHTED,,,11/6/2021 4:26:02 PM,False,3721,Accepted
29184707,0080000,BOONE COUNTY SHERIFF DEPT.,Accepted,BOONE,I 0275,,I275 E,,,,,,,,,39.082685161,-84.732728485,8.305,11/3/2021 12:00:00 AM,1742.0,2,2,0,0,CLEAR,DRY,False,REAR END IN TRAFFIC LANES BOTH VEHICLES MOVING,REAR END,CURVE & GRADE,DAYLIGHT,,,11/4/2021 4:24:19 PM,False,3756,Accepted
29187132,0240000,CHRISTIAN COUNTY SHERIFF OFFICE,Accepted,CHRISTIAN,I 0024,,I24 W,,,,,,,,,36.662287738,-87.376378326,90.848,11/2/2021 12:00:00 AM,1508.0,2,2,0,0,CLEAR,DRY,False,REAR END IN TRAFFIC LANES BOTH VEHICLES MOVING,REAR END,STRAIGHT & LEVEL,DAYLIGHT,,,11/5/2021 8:52:40 AM,False,626,Accepted
29178213,0590100,COVINGTON POLICE DEPARTMENT,Accepted,KENTON,I 0075,,I75 N,,,,,,,,,39.081952602,-84.522313604,190.918,11/2/2021 12:00:00 AM,739.0,2,2,0,0,CLEAR,DRY,False,REAR END IN TRAFFIC LANES BOTH VEHICLES MOVING,REAR END,STRAIGHT & LEVEL,DAYLIGHT,,,11/3/2021 7:35:46 AM,False,0159,Accepted
29178317,0568000,LOUISVILLE METRO POLICE DEPT,Accepted,JEFFERSON,I 0265,,I265 S,,,,,,,,,38.227657233,-85.505253701,25.787,11/2/2021 12:00:00 AM,1549.0,2,2,0,0,CLEAR,DRY,False,REAR END IN TRAFFIC LANES BOTH VEHICLES MOVING,REAR END,STRAIGHT & LEVEL,DAYLIGHT,,,11/3/2021 8:22:33 AM,False,8278,Accepted
29176127,0340200,LEXINGTON POLICE DEPARTMENT,Accepted,FAYETTE,US0025,,MAIN,ST,W,,,,FELIX,,TUCKER,38.050763422,-84.502020789,14.316,11/2/2021 12:00:00 AM,1211.0,3,3,0,1,CLEAR,DRY,False,OTHER ROADWAY OR MID-BLOCK COLLISION,REAR END,STRAIGHT & LEVEL,DAYLIGHT,,,11/2/2021 5:28:20 PM,False,57922,Accepted
29274377,0710000,LOGAN COUNTY SHERIFF DEPT.,Accepted,LOGAN,KY3519,,LEWISBURG,RD,,,STACY,,,,,36.875249898,-86.915884928,2.694,11/2/2021 12:00:00 AM,1614.0,2,2,0,0,CLEAR,DRY,False,OTHER INTERSECTION COLLISIONS,REAR END,CURVE & GRADE,DAYLIGHT,,,11/10/2021 9:53:58 AM,False,712,Accepted
29187118,KSP0200,KY STATE POLICE POST 02,Accepted,CHRISTIAN,I 0024,,I24 W,,,,,,,,,36.648180195,-87.350047958,92.625,11/2/2021 12:00:00 AM,1438.0,2,2,0,0,CLEAR,DRY,False,REAR END IN TRAFFIC LANES BOTH VEHICLES MOVING,REAR END,STRAIGHT & LEVEL,DAYLIGHT,,,11/5/2021 8:49:11 AM,False,449,Accepted
29162758,0240000,CHRISTIAN COUNTY SHERIFF OFFICE,Accepted,CHRISTIAN,I 0024,,I24 E,,,,,,,,,36.706257002,-87.464309014,85.031,11/2/2021 12:00:00 AM,113.0,2,2,0,0,CLOUDY,WET,False,REAR END IN TRAFFIC LANES BOTH VEHICLES MOVING,REAR END,STRAIGHT & LEVEL,DARK-HWY LIGHTED/ON,,,11/2/2021 11:37:57 AM,False,602,Accepted
29183487,0370200,KY STATE POLICE CVE,Accepted,LAUREL,I 0075,,I75 S,,,,,,,,,37.057265188,-84.098255016,34.524,11/2/2021 12:00:00 AM,1134.0,2,2,0,0,CLOUDY,WET,True,SIDESWIPE COLLISION - SAME DIRECTION,SIDESWIPE-SAME DIRECTION,STRAIGHT & LEVEL,DAYLIGHT,,,11/4/2021 11:03:23 AM,False,C-362,Accepted
29185690,KSP0300,KY STATE POLICE POST 03,Accepted,WARREN,WN9007,,,,,,,,,,,36.993859389,-86.505248904,0.107,11/2/2021 12:00:00 AM,1207.0,2,2,0,0,CLOUDY,DRY,False,OTHER RAMP RELATED COLLISIONS NOT LISTED ABOVE,REAR END,CURVE & GRADE,DAYLIGHT,US0231,WN9007,11/4/2021 10:12:46 PM,False,446,Accepted
29738890,0140000,BRECKINRIDGE COUNTY SHERIFF,Accepted,BRECKINRIDGE,KY0086,,LODIBURG,RD,,,,,,,,37.858639594,-86.372510529,10.118,11/1/2021 12:00:00 AM,819.0,2,2,1,0,CLEAR,DRY,False,1 VEHICLE PARKED POSITION (NOT PARKING LOT/DRIVEWAY),REAR END,STRAIGHT & GRADE,DAYLIGHT,,,2/24/2022 5:11:18 AM,False,708,Accepted
29151928,0080000,BOONE COUNTY SHERIFF DEPT.,Accepted,BOONE,KY0236,,DONALDSON,HWY,,,,,COX,,AIRFIELD,39.041549799,-84.638867837,1.362,11/1/2021 12:00:00 AM,615.0,2,2,0,0,CLOUDY,DRY,False,SIDESWIPE COLLISION - SAME DIRECTION,SIDESWIPE-SAME DIRECTION,STRAIGHT & LEVEL,DARK-HWY NOT LIGHTED,,,11/1/2021 12:06:09 PM,False,3774,Accepted
29239581,0390000,GALLATIN COUNTY SHERIFF DEPT.,Accepted,GALLATIN,I 0071,,I71 N,,,,,,,,,38.74933777,-84.813097483,63.028,11/1/2021 12:00:00 AM,1345.0,2,2,0,0,CLEAR,DRY,False,SIDESWIPE COLLISION - SAME DIRECTION,SIDESWIPE-SAME DIRECTION,CURVE & GRADE,DAYLIGHT,,,11/9/2021 10:22:17 AM,False,103,Accepted
29174461,0930400,OLDHAM COUNTY POLICE DEPT.,Accepted,OLDHAM,I 0071,,I71 N,,,,,I 0071,I71 N REST AREA13 ON RAMP,I 0071,I71 N EXIT14 OFF RAMP TO KY329,38.341816435,-85.500367075,13.899,11/1/2021 12:00:00 AM,952.0,2,1,0,0,CLEAR,DRY,False,SIDESWIPE COLLISION - SAME DIRECTION,SIDESWIPE-SAME DIRECTION,CURVE & GRADE,DAYLIGHT,,,11/2/2021 4:05:03 PM,False,3068,Accepted
29175499,0080000,BOONE COUNTY SHERIFF DEPT.,Accepted,BOONE,I 0075,,I75 S,,,,,,,,,38.885884165,-84.626143041,173.208,11/1/2021 12:00:00 AM,1303.0,3,1,0,0,CLEAR,DRY,True,SIDESWIPE COLLISION - SAME DIRECTION,SIDESWIPE-SAME DIRECTION,STRAIGHT & LEVEL,DAYLIGHT,,,11/2/2021 10:00:12 AM,False,3731,Accepted
29175836,0920000,OHIO COUNTY SHERIFF DEPT.,Accepted,OHIO,WK9001,70000,WK9001 W,,,,,,,,,37.352915405,-86.899982697,71.221,11/1/2021 12:00:00 AM,1100.0,1,1,0,0,CLEAR,DRY,False,COLLISION WITH FIXED OBJECT NON - INTERSECTION - FIRST EVENT COLLISION 09 - 32 EXCLUDING 16,SINGLE VEHICLE,STRAIGHT & LEVEL,DAYLIGHT,,,11/2/2021 1:05:39 PM,False,1107,Accepted
29185405,0260100,MANCHESTER POLICE DEPARTMENT,Accepted,CLAY,US0421,,US421,,S,,,,,,,37.136332138,-83.762402673,16.516,11/1/2021 12:00:00 AM,1648.0,2,2,0,0,CLEAR,DRY,False,OTHER ROADWAY OR MID-BLOCK COLLISION,OPPOSING LEFT TURN,STRAIGHT & LEVEL,DAYLIGHT,,,11/4/2021 7:36:21 PM,False,105,Accepted
29162744,0240000,CHRISTIAN COUNTY SHERIFF OFFICE,Accepted,CHRISTIAN,I 0024,,I24 E,,,,,,,,,36.749375862,-87.520614156,80.566,11/1/2021 12:00:00 AM,1551.0,2,2,0,0,CLEAR,DRY,False,OTHER ROADWAY OR MID-BLOCK COLLISION,REAR END,STRAIGHT & GRADE,DAYLIGHT,,,11/2/2021 11:36:34 AM,False,650A,Accepted
29178305,0568000,LOUISVILLE METRO POLICE DEPT,Accepted,JEFFERSON,I 0265,,I265 W,,,,,,,,,38.218327003,-85.506163376,25.141,11/1/2021 12:00:00 AM,1143.0,2,2,0,1,CLEAR,DRY,False,REAR END IN TRAFFIC LANES BOTH VEHICLES MOVING,REAR END,STRAIGHT & LEVEL,DAYLIGHT,,,11/3/2021 8:21:31 AM,False,4903,Accepted
29162258,0370200,KY STATE POLICE CVE,Accepted,LAUREL,I 0075,,I75 S,,,,,,,,,37.088028851,-84.099976525,36.649,10/31/2021 12:00:00 AM,1847.0,2,2,0,0,CLEAR,DRY,False,OTHER ROADWAY OR MID-BLOCK COLLISION,REAR END,STRAIGHT & GRADE,DARK-HWY NOT LIGHTED,,,11/2/2021 10:12:44 AM,False,C-344,Accepted
29163116,0920000,OHIO COUNTY SHERIFF DEPT.,Accepted,OHIO,WK9001,73 MM,WK9001 W,,,,,,,,,37.365237044,-86.847754783,74.297,10/31/2021 12:00:00 AM,2132.0,2,2,0,0,CLOUDY,DRY,False,SIDESWIPE COLLISION - SAME DIRECTION,SIDESWIPE-SAME DIRECTION,STRAIGHT & LEVEL,DARK-HWY NOT LIGHTED,,,11/2/2021 1:05:14 PM,False,1118,Accepted
29150888,KSP1100,KY STATE POLICE POST 11,Accepted,LAUREL,I 0075,,I75 N,,,,,,,,,37.215690231,-84.20022432,48.005,10/30/2021 12:00:00 AM,900.0,1,1,0,0,RAINING,WET,False,OTHER ROADWAY OR MID-BLOCK COLLISION,SINGLE VEHICLE,CURVE & GRADE,DAYLIGHT,,,11/1/2021 9:00:27 AM,False,376,Accepted
29173989,0920000,OHIO COUNTY SHERIFF DEPT.,Accepted,OHIO,WK9001,,WK9001 W,,,,,,,,,37.387344228,-86.803927851,77.105,10/29/2021 12:00:00 AM,2015.0,1,1,0,0,CLOUDY,WET,False,OTHER ROADWAY OR MID-BLOCK COLLISION,SINGLE VEHICLE,STRAIGHT & LEVEL,DARK-HWY NOT LIGHTED,,,11/2/2021 3:57:22 PM,False,1118,Accepted
29144523,1050000,SCOTT COUNTY SHERIFF DEPT.,Accepted,SCOTT,I 0075,121.6,I75 N,,,,,,,,,38.166157614,-84.53626851,121.202,10/29/2021 12:00:00 AM,1654.0,1,1,0,0,RAINING,WET,False,COLLISION WITH FIXED OBJECT NON - INTERSECTION - FIRST EVENT COLLISION 09 - 32 EXCLUDING 16,SINGLE VEHICLE,STRAIGHT & LEVEL,DAYLIGHT,,,10/29/2021 11:35:03 PM,False,218,Accepted
29181607,0630000,LAUREL COUNTY SHERIFF DEPT.,Accepted,LAUREL,I 0075,,I75 N,,,,,,,,,37.217155291,-84.201836071,48.137,10/29/2021 12:00:00 AM,410.0,1,1,0,0,RAINING,WET,False,OTHER COLLISIONS ON SHOULDER,SINGLE VEHICLE,CURVE & GRADE,DARK-HWY NOT LIGHTED,,,11/3/2021 11:08:13 PM,False,1141,Accepted
29150721,0568000,LOUISVILLE METRO POLICE DEPT,Accepted,JEFFERSON,US0060A,,EASTERN,PKWY,,,,,DAHLIA,,BARRET,38.226197517,-85.721825863,6.024,10/29/2021 12:00:00 AM,1455.0,2,2,0,0,CLEAR,DRY,False,SIDESWIPE COLLISION - SAME DIRECTION,SIDESWIPE-SAME DIRECTION,CURVE & GRADE,DAYLIGHT,,,11/1/2021 8:27:26 AM,False,7129,Accepted
29144599,0190900,COLD SPRING POLICE DEPARTMENT,Accepted,CAMPBELL,US0027,5400,ALEXANDRIA,PIKE,,,,,,,,38.999909732,-84.4194536,13.543,10/29/2021 12:00:00 AM,1928.0,2,2,0,0,RAINING,WET,False,COLLISION IN PARKING LOT,BACKING,STRAIGHT & LEVEL,DARK-HWY LIGHTED/ON,,,10/30/2021 12:10:50 AM,False,912,Accepted
29143403,0370200,KY STATE POLICE CVE,Accepted,WARREN,WN9007,,WN9007 N,,,,,,,,,36.997222341,-86.50520341,9.867,10/28/2021 12:00:00 AM,1404.0,2,2,0,0,RAINING,WET,False,REAR END IN TRAFFIC LANES BOTH VEHICLES MOVING,REAR END,STRAIGHT & LEVEL,DAYLIGHT,,,10/29/2021 3:43:51 PM,False,C-352,Accepted
29127254,0340200,LEXINGTON POLICE DEPARTMENT,Accepted,FAYETTE,US0068,,HARRODSBURG,RD,,,,,BURBANK,US0068,US68 CROSSOVER,38.019413856,-84.545869664,3.536,10/28/2021 12:00:00 AM,240.0,1,1,0,0,CLEAR,DRY,False,COLLISION WITH FIXED OBJECT NON - INTERSECTION - FIRST EVENT COLLISION 09 - 32 EXCLUDING 16,SINGLE VEHICLE,STRAIGHT & LEVEL,DARK-HWY LIGHTED/ON,,,10/28/2021 7:04:59 AM,False,54253,Accepted
29141601,KSP1600,KY STATE POLICE POST 16,Accepted,OHIO,WK9001,,WK9001 E,,,,,,,,,37.383748844,-86.811002737,76.644,10/27/2021 12:00:00 AM,1520.0,1,1,0,0,CLEAR,DRY,False,COLLISION WITH NON-FIXED OBJECT ,SINGLE VEHICLE,STRAIGHT & LEVEL,DAYLIGHT,,,10/29/2021 8:43:11 AM,False,110,Accepted
29126368,0340200,LEXINGTON POLICE DEPARTMENT,Accepted,FAYETTE,,,I75 S,,,,,,,,,38.14993736,-84.53119108,120.0,10/27/2021 12:00:00 AM,2115.0,1,1,0,0,CLEAR,DRY,False,OTHER ROADWAY OR MID-BLOCK COLLISION,SINGLE VEHICLE,STRAIGHT & LEVEL,DARK-HWY LIGHTED/ON,,,10/28/2021 1:21:19 AM,False,56201,Accepted
29151617,0370200,KY STATE POLICE CVE,Accepted,HARDIN,KY1600,,RINEYVILLE,RD,,,,,,,,37.745157974,-85.949728094,2.254,10/27/2021 12:00:00 AM,1024.0,2,2,0,0,CLEAR,DRY,False,1 VEHICLE PARKED POSITION (NOT PARKING LOT/DRIVEWAY),SIDESWIPE-OPPOSITE DIRECTION,STRAIGHT & GRADE,DAYLIGHT,,,11/1/2021 11:02:23 AM,False,351,Accepted
29396454,0670000,LETCHER COUNTY SHERIFF DEPT.,Accepted,LETCHER,US0119,,US119 N,,N,US0023,US23,,,,,37.161823904,-82.647804925,27.921,10/27/2021 12:00:00 AM,1650.0,2,2,0,0,CLEAR,DRY,False,OTHER INTERSECTION COLLISIONS,REAR END,CURVE & GRADE,DAYLIGHT,,,12/7/2021 12:01:54 PM,False,104,Accepted
29150008,0470200,RADCLIFF POLICE DEPARTMENT,Accepted,HARDIN,KY1646,,LOGSDON,PKWY,S,KY0144,VINE,,,,,37.827335412,-85.94933602,1.416,10/26/2021 12:00:00 AM,1805.0,2,2,0,0,CLEAR,DRY,False,OPPOSING LEFT TURN,OPPOSING LEFT TURN,STRAIGHT & LEVEL,DAYLIGHT,,,11/1/2021 5:14:13 AM,False,932JS,Accepted
29150779,0240000,CHRISTIAN COUNTY SHERIFF OFFICE,Accepted,CHRISTIAN,I 0024,,I24 W,,,,,,,,,36.648623806,-87.351270094,92.55,10/26/2021 12:00:00 AM,929.0,2,2,0,0,CLEAR,DRY,False,REAR END IN TRAFFIC LANES BOTH VEHICLES MOVING,REAR END,STRAIGHT & LEVEL,DAYLIGHT,,,11/1/2021 8:31:24 AM,False,626,Accepted
29150782,0240000,CHRISTIAN COUNTY SHERIFF OFFICE,Accepted,CHRISTIAN,I 0024,,I24 W,,,,,,,,,36.648886319,-87.352080524,92.501,10/26/2021 12:00:00 AM,1644.0,2,2,0,0,CLEAR,DRY,False,REAR END IN TRAFFIC LANES BOTH VEHICLES MOVING,REAR END,STRAIGHT & LEVEL,DAYLIGHT,,,11/1/2021 8:31:52 AM,False,616,Accepted
29138045,1140100,BOWLING GREEN POLICE,Accepted,WARREN,US0068,,VETERANS MEMORIAL,LN,,,,,RAVEN,,GORDON,37.003279522,-86.445061797,14.359,10/26/2021 12:00:00 AM,1935.0,1,1,0,0,CLEAR,DRY,False,OTHER ROADWAY OR MID-BLOCK COLLISION,SINGLE VEHICLE,CURVE & LEVEL,DARK-HWY LIGHTED/ON,,,10/28/2021 10:16:20 PM,False,165,Accepted
29138040,1140100,BOWLING GREEN POLICE,Accepted,WARREN,US0031W,,LOUISVILLE,RD,,,,,LOWE,,TOBACCO,37.005183846,-86.426717515,15.036,10/26/2021 12:00:00 AM,2136.0,1,1,0,0,CLEAR,DRY,False,COLLISION WITH FIXED OBJECT NON - INTERSECTION - FIRST EVENT COLLISION 09 - 32 EXCLUDING 16,SINGLE VEHICLE,STRAIGHT & LEVEL,DARK-HWY LIGHTED/ON,,,10/28/2021 10:16:05 PM,False,165,Accepted
29239316,KSP0300,KY STATE POLICE POST 03,Accepted,WARREN,WN9007,,WN9007 S,,,,,,,,,37.086441551,-86.623064623,19.137,10/25/2021 12:00:00 AM,1315.0,2,2,0,0,CLEAR,DRY,True,SIDESWIPE COLLISION - SAME DIRECTION,SIDESWIPE-SAME DIRECTION,STRAIGHT & LEVEL,DAYLIGHT,,,11/9/2021 9:27:13 AM,False,295,Accepted
28948379,0340200,LEXINGTON POLICE DEPARTMENT,Accepted,FAYETTE,US0060,,WINCHESTER,RD,,,,,MIDLAND,US0060,MIDLAND,38.042349693,-84.481552102,8.635,10/25/2021 12:00:00 AM,755.0,2,2,0,1,RAINING,WET,False,1 VEHICLE ENTERING/LEAVING ENTRANCE,ANGLE,STRAIGHT & LEVEL,DAYLIGHT,,,10/25/2021 3:27:15 PM,False,39441,Accepted
29605173,0920200,BEAVER DAM POLICE DEPARTMENT,Accepted,OHIO,WK9001,,WK9001 W,,,,,,,,,37.379011813,-86.823254653,75.877,10/24/2021 12:00:00 AM,1130.0,2,1,0,0,CLEAR,DRY,False,REAR END IN TRAFFIC LANES BOTH VEHICLES MOVING,REAR END,CURVE & GRADE,DAYLIGHT,,,1/20/2022 3:02:16 AM,False,73,Accepted
28982922,0790000,MARSHALL COUNTY SHERIFF DEPT.,Accepted,MARSHALL,I 0024,,I24 W,,,,,,,,,37.018884883,-88.294555919,28.65,10/24/2021 12:00:00 AM,1420.0,2,2,0,0,CLEAR,DRY,False,OTHER ROADWAY OR MID-BLOCK COLLISION,REAR END,STRAIGHT & LEVEL,DAYLIGHT,,,10/26/2021 9:45:35 AM,False,20,Accepted
28980829,0080000,BOONE COUNTY SHERIFF DEPT.,Accepted,BOONE,I 0275,,I275 E,,,,,,,,,39.080495078,-84.721057724,7.665,10/23/2021 12:00:00 AM,1207.0,2,2,0,1,CLEAR,DRY,False,OTHER ROADWAY OR MID-BLOCK COLLISION,REAR TO REAR,STRAIGHT & LEVEL,DAYLIGHT,,,10/26/2021 7:57:48 AM,False,3761,Accepted