IncidentID,AgencyORI,AgencyName,IncidentStatusDesc,County,RdwyNumber,Street,RoadwayName,StreetSfx,StreetDir,IntersectionRdwy,IntersectionRdwyName,BetweenStRdwy1,BetweenStRdwyName1,BetweenStRdwy2,BetweenStRdwyName2,Latitude,Longitude,Milepoint,CollisionDate,CollisionTime,UnitsInvolved,MotorVehiclesInvolved,NumberKilled,NumberInjured,Weather,RdwyConditionCode,HitandRun,DirAnalysisCode,MannerofCollision,RdwyCharacter,LightCondition,RampFromRdwyId,RampToRdwyId,AcceptedDate,IsSecondaryCollision,OwnerBadge,IncidentStatus
28956934,KSP0300,KY STATE POLICE POST 03,Accepted,WARREN,WN9007,,WN9007 N,,,,,,,,,36.998454211,-86.505535428,9.956,10/23/2021 12:00:00 AM,1050.0,2,2,0,0,CLEAR,DRY,False,REAR END IN TRAFFIC LANES BOTH VEHICLES MOVING,REAR END,STRAIGHT & LEVEL,DAYLIGHT,,,10/25/2021 8:01:46 PM,False,752,Accepted
28945404,0930100,LAGRANGE POLICE DEPARTMENT,Accepted,OLDHAM,KY0053,,1ST,AVE,S,I 0071,I71 S EXIT22 ON RAMP FROM KY53,,,,,38.400820639,-85.375263919,6.465,10/23/2021 12:00:00 AM,1033.0,2,2,0,1,CLEAR,DRY,False,ANGLE COLLISION - OTHER,ANGLE,STRAIGHT & LEVEL,DAYLIGHT,,,10/25/2021 12:35:27 PM,False,2045,Accepted
28944048,0790200,CALVERT CITY POLICE DEPARTMENT,Accepted,MARSHALL,I 0024,,I24 W,,,,,,,,,37.006840216,-88.321374744,26.901,10/23/2021 12:00:00 AM,1146.0,2,2,0,0,RAINING,WET,False,REAR END IN TRAFFIC LANES BOTH VEHICLES MOVING,REAR END,CURVE & LEVEL,DAYLIGHT,,,10/25/2021 10:27:08 AM,False,26,Accepted
28945988,0590100,COVINGTON POLICE DEPARTMENT,Accepted,KENTON,I 0075,,I75 N,,,,,,,,,39.063762021,-84.522149234,189.56,10/23/2021 12:00:00 AM,1403.0,3,3,0,0,CLOUDY,DRY,False,REAR END IN TRAFFIC LANES BOTH VEHICLES MOVING,REAR END,STRAIGHT & GRADE,DAYLIGHT,,,10/25/2021 1:13:00 PM,False,0328,Accepted
28945086,0590100,COVINGTON POLICE DEPARTMENT,Accepted,KENTON,I 0075,,I75 N,,,,,,,,,39.075044704,-84.51835865,190.558,10/22/2021 12:00:00 AM,1710.0,4,4,0,0,RAINING,WET,True,REAR END IN TRAFFIC LANES BOTH VEHICLES MOVING,REAR END,STRAIGHT & GRADE,DAYLIGHT,,,10/25/2021 12:05:47 PM,False,0328,Accepted
28943064,0220100,GRAYSON POLICE DEPARTMENT,Accepted,CARTER,KY0007,,CAROL MALONE,BLVD,S,,,,,,,38.324808312,-82.94809706,10.407,10/22/2021 12:00:00 AM,1215.0,2,2,0,0,CLEAR,DRY,False,1 VEHICLE ENTERING/LEAVING ENTRANCE,ANGLE,STRAIGHT & LEVEL,DAYLIGHT,,,10/25/2021 8:15:52 AM,False,306,Accepted
28941134,1140000,WARREN COUNTY SHERIFF DEPT.,Accepted,WARREN,US0231,,SCOTTSVILLE,RD,,,DYE FORD,,,,,36.902125254,-86.39452087,6.361,10/22/2021 12:00:00 AM,1710.0,2,2,0,0,CLEAR,DRY,False,SIDESWIPE-SAME DIRECTION,SIDESWIPE-SAME DIRECTION,STRAIGHT & LEVEL,DUSK,,,10/24/2021 5:49:01 PM,False,415,Accepted
29181616,0630000,LAUREL COUNTY SHERIFF DEPT.,Accepted,LAUREL,I 0075,,I75 N,,,,,,,,,37.156983559,-84.112931924,41.45,10/22/2021 12:00:00 AM,2235.0,1,1,0,0,CLEAR,DRY,False,COLLISION WITH FIXED OBJECT NON - INTERSECTION - FIRST EVENT COLLISION 09 - 32 EXCLUDING 16,SINGLE VEHICLE,STRAIGHT & LEVEL,DARK-HWY NOT LIGHTED,,,11/3/2021 11:10:33 PM,False,1147,Accepted
28935135,0190400,FT. THOMAS POLICE DEPARTMENT,Accepted,CAMPBELL,,,WOODLAND,PL,,,,,,,,39.078692662,-84.449488998,0.031,10/21/2021 12:00:00 AM,1530.0,2,2,0,0,CLEAR,DRY,False,1 VEHICLE PARKED POSITION (NOT PARKING LOT/DRIVEWAY),BACKING,STRAIGHT & LEVEL,DAYLIGHT,,,10/22/2021 1:41:30 PM,False,4457,Accepted
29077097,0240000,CHRISTIAN COUNTY SHERIFF OFFICE,Accepted,CHRISTIAN,I 0024,,I24 E,,,,,,,,,36.808579218,-87.619661284,73.669,10/21/2021 12:00:00 AM,2020.0,2,2,0,0,CLEAR,DRY,False,VEHICLE BACKING NON INTERSECTION,BACKING,STRAIGHT & LEVEL,DARK-HWY NOT LIGHTED,,,10/27/2021 9:53:04 AM,False,650A,Accepted
28929689,0590100,COVINGTON POLICE DEPARTMENT,Accepted,KENTON,I 0075,,I75 N,,,,,,,,,39.08995035,-84.522621834,191.48,10/21/2021 12:00:00 AM,140.0,2,2,0,0,CLEAR,DRY,False,REAR END IN TRAFFIC LANES BOTH VEHICLES MOVING,REAR END,STRAIGHT & LEVEL,DARK-HWY LIGHTED/ON,,,10/21/2021 8:46:26 AM,False,0310,Accepted
28930211,0080000,BOONE COUNTY SHERIFF DEPT.,Accepted,BOONE,KY0338,,RICHWOOD,RD,,,PADDOCK,,,,,38.915149315,-84.633780881,0.596,10/20/2021 12:00:00 AM,1105.0,2,2,0,0,CLEAR,DRY,False,OTHER INTERSECTION COLLISIONS,REAR END,STRAIGHT & LEVEL,DAYLIGHT,,,10/21/2021 10:32:56 AM,False,3743,Accepted
28930230,1200100,VERSAILLES POLICE DEPARTMENT,Accepted,WOODFORD,US0060,,US60,BYP,,,DOUGLAS,,,,,38.058399232,-84.721778537,8.761,10/20/2021 12:00:00 AM,1120.0,2,2,0,0,CLEAR,DRY,False,SIDESWIPE-SAME DIRECTION,SIDESWIPE-SAME DIRECTION,STRAIGHT & LEVEL,DAYLIGHT,,,10/21/2021 10:38:01 AM,False,154,Accepted
28929691,0590100,COVINGTON POLICE DEPARTMENT,Accepted,KENTON,I 0075,,I75 N,,,,,,,,,39.075573984,-84.519249726,190.429,10/20/2021 12:00:00 AM,1226.0,2,2,0,0,CLEAR,DRY,False,SIDESWIPE COLLISION - SAME DIRECTION,SIDESWIPE-SAME DIRECTION,STRAIGHT & LEVEL,DAYLIGHT,,,10/21/2021 8:46:35 AM,False,0254,Accepted
29239574,0390000,GALLATIN COUNTY SHERIFF DEPT.,Accepted,GALLATIN,I 0071,,I71 S,,,,,,,,,38.748813511,-84.818411679,62.734,10/20/2021 12:00:00 AM,1230.0,2,2,0,0,CLEAR,DRY,True,SIDESWIPE COLLISION - SAME DIRECTION,SIDESWIPE-SAME DIRECTION,STRAIGHT & LEVEL,DAYLIGHT,,,11/9/2021 10:21:48 AM,False,107,Accepted
28924923,0590100,COVINGTON POLICE DEPARTMENT,Accepted,KENTON,I 0075,,I75 N,,,,,,,,,39.075792944,-84.519370165,190.446,10/19/2021 12:00:00 AM,1558.0,2,2,0,0,CLEAR,DRY,False,SIDESWIPE COLLISION - SAME DIRECTION,SIDESWIPE-SAME DIRECTION,STRAIGHT & LEVEL,DAYLIGHT,,,10/20/2021 7:38:11 AM,False,0254,Accepted
28925112,1200100,VERSAILLES POLICE DEPARTMENT,Accepted,WOODFORD,US0060,,US60,BYP,,,,,DOUGLAS,,CROSSFIELD,38.056684847,-84.720177533,8.911,10/19/2021 12:00:00 AM,1234.0,2,2,0,0,CLEAR,DRY,False,SIDESWIPE COLLISION - SAME DIRECTION,SIDESWIPE-SAME DIRECTION,STRAIGHT & LEVEL,DAYLIGHT,,,10/20/2021 8:52:08 AM,False,136,Accepted
28927797,0080000,BOONE COUNTY SHERIFF DEPT.,Accepted,BOONE,I 0075,,I75 S,,,I 0075,I75 S EXIT175 ON RAMP FROM  RICHWOOD DR,,,,,38.914364807,-84.628885809,175.15,10/18/2021 12:00:00 AM,1343.0,2,2,0,0,CLEAR,DRY,False,SIDESWIPE-SAME DIRECTION,SIDESWIPE-SAME DIRECTION,STRAIGHT & LEVEL,DAYLIGHT,,,10/20/2021 6:41:13 PM,False,3761,Accepted
28937608,0370000,FRANKLIN COUNTY SHERIFF,Accepted,FRANKLIN,I 0064,,I64 W,,,,,,,,,38.174113881,-84.820670591,57.361,10/18/2021 12:00:00 AM,1217.0,2,2,0,0,CLEAR,DRY,False,SIDESWIPE COLLISION - SAME DIRECTION,SIDESWIPE-SAME DIRECTION,CURVE & LEVEL,DAYLIGHT,,,10/23/2021 6:20:54 AM,False,1299,Accepted
28941758,1050000,SCOTT COUNTY SHERIFF DEPT.,Accepted,SCOTT,I 0075,,I75 S,,,,,,,,,38.178069303,-84.532169882,122.082,10/18/2021 12:00:00 AM,2045.0,3,3,0,0,CLEAR,DRY,True,VEHICLE BACKING NON INTERSECTION,BACKING,STRAIGHT & LEVEL,DARK-HWY NOT LIGHTED,,,10/24/2021 11:46:14 PM,False,244,Accepted
29124167,0240000,CHRISTIAN COUNTY SHERIFF OFFICE,Accepted,CHRISTIAN,I 0024,,I24 W,,,I 0024,I24 W REST AREA92 ON RAMP,,,,,36.65083431,-87.357638645,92.166,10/18/2021 12:00:00 AM,949.0,2,1,0,0,CLEAR,DRY,False,ANGLE COLLISION - OTHER,ANGLE,STRAIGHT & LEVEL,DAYLIGHT,,,10/27/2021 9:52:41 AM,False,622,Accepted
28927646,0370200,KY STATE POLICE CVE,Accepted,LAUREL,I 0075,,I75 S,,,,,,,,,37.007139122,-84.103995236,31.001,10/18/2021 12:00:00 AM,1432.0,2,2,0,0,CLEAR,DRY,False,REAR END IN TRAFFIC LANES BOTH VEHICLES MOVING,REAR END,STRAIGHT & GRADE,DAYLIGHT,,,10/20/2021 6:06:59 PM,False,C-362,Accepted
28991927,0630000,LAUREL COUNTY SHERIFF DEPT.,Accepted,LAUREL,I 0075,,I75 N,,,,,,,,,37.018127124,-84.100107861,31.774,10/17/2021 12:00:00 AM,1040.0,4,4,0,0,CLEAR,DRY,False,REAR END IN TRAFFIC LANES BOTH VEHICLES MOVING,REAR END,STRAIGHT & LEVEL,DAYLIGHT,,,10/26/2021 1:55:56 PM,False,1131,Accepted
28916029,0568000,LOUISVILLE METRO POLICE DEPT,Accepted,JEFFERSON,I 0264,,I264 W,,,,,,,,,38.235625691,-85.818065218,3.089,10/17/2021 12:00:00 AM,1446.0,3,3,0,0,CLEAR,DRY,False,REAR END IN TRAFFIC LANES BOTH VEHICLES MOVING,REAR END,STRAIGHT & LEVEL,DAYLIGHT,,,10/18/2021 8:38:49 AM,False,5257,Accepted
28916103,KSP0200,KY STATE POLICE POST 02,Accepted,CHRISTIAN,I 0024,,I24 E,,,,,,,,,36.759428015,-87.537542775,79.397,10/17/2021 12:00:00 AM,1420.0,2,2,0,0,CLEAR,DRY,False,REAR END IN TRAFFIC LANES BOTH VEHICLES MOVING,REAR END,STRAIGHT & LEVEL,DAYLIGHT,,,10/18/2021 8:56:02 AM,False,366,Accepted
28934626,0920000,OHIO COUNTY SHERIFF DEPT.,Accepted,OHIO,WK9001,66000,WK9001 E,,,,,,,,,37.330719386,-86.979675999,66.415,10/17/2021 12:00:00 AM,1324.0,1,1,0,0,CLEAR,DRY,False,OTHER ROADWAY OR MID-BLOCK COLLISION,SINGLE VEHICLE,CURVE & LEVEL,DAYLIGHT,,,10/22/2021 11:04:35 AM,False,1115,Accepted
28941750,1050000,SCOTT COUNTY SHERIFF DEPT.,Accepted,SCOTT,I 0075,,I75 N,,,,,,,,,38.199279607,-84.526788583,123.588,10/16/2021 12:00:00 AM,2004.0,3,3,0,4,CLEAR,DRY,False,REAR END IN TRAFFIC LANES BOTH VEHICLES MOVING,REAR END,STRAIGHT & GRADE,DARK-HWY NOT LIGHTED,,,10/24/2021 11:45:48 PM,False,214,Accepted
28923194,1050000,SCOTT COUNTY SHERIFF DEPT.,Accepted,SCOTT,I 0075,,I75 N,,,,,,,,,38.169231662,-84.53643764,121.426,10/16/2021 12:00:00 AM,2037.0,2,2,0,0,CLEAR,DRY,False,VEHICLE BACKING NON INTERSECTION,BACKING,STRAIGHT & LEVEL,DARK-HWY NOT LIGHTED,,,10/19/2021 7:34:24 PM,False,244,Accepted
28927436,0480000,HARLAN COUNTY SHERIFF DEPT.,Accepted,HARLAN,KY0522,,KY522,,,,,,,,,36.886353567,-83.285055249,0.497,10/15/2021 12:00:00 AM,920.0,1,1,0,0,FOG,DRY,False,COLLISION WITH FIXED OBJECT NON - INTERSECTION - FIRST EVENT COLLISION 09 - 32 EXCLUDING 16,SINGLE VEHICLE,CURVE & GRADE,DAYLIGHT,,,10/20/2021 5:16:31 PM,False,19,Accepted
28902552,0590100,COVINGTON POLICE DEPARTMENT,Accepted,KENTON,I 0075,,I75 N,,,,,,,,,39.088954912,-84.522688853,191.41,10/14/2021 12:00:00 AM,345.0,2,2,0,0,CLEAR,DRY,True,SIDESWIPE COLLISION - SAME DIRECTION,SIDESWIPE-SAME DIRECTION,STRAIGHT & LEVEL,DARK-HWY LIGHTED/OFF,,,10/14/2021 8:39:43 AM,False,0298,Accepted
28943426,KSP1500,KY STATE POLICE POST 15,Accepted,TAYLOR,US0068,,NEW LEBANON,RD,,,,,,,,37.359935909,-85.317641193,7.707,10/14/2021 12:00:00 AM,1543.0,2,2,0,0,CLEAR,DRY,False,HEAD-ON COLLISION,HEAD ON,STRAIGHT & LEVEL,DAYLIGHT,,,10/25/2021 9:10:00 AM,False,272,Accepted
28937768,1000000,PULASKI COUNTY SHERIFF DEPT.,Accepted,PULASKI,KY0461,,KY461,,,,,,,,,37.174919392,-84.48524616,1.266,10/14/2021 12:00:00 AM,1710.0,4,4,0,2,CLEAR,DRY,False,OTHER ROADWAY OR MID-BLOCK COLLISION,OPPOSING LEFT TURN,STRAIGHT & LEVEL,DAYLIGHT,,,10/23/2021 9:03:48 AM,False,1156,Accepted
28906838,0568000,LOUISVILLE METRO POLICE DEPT,Accepted,JEFFERSON,I 0265,,I265 N,,,,,,,,,38.254835869,-85.502421388,27.702,10/14/2021 12:00:00 AM,700.0,3,3,0,0,CLEAR,DRY,False,REAR END IN TRAFFIC LANES BOTH VEHICLES MOVING,REAR END,STRAIGHT & LEVEL,DAYLIGHT,,,10/15/2021 7:15:05 AM,False,4903,Accepted
29179678,0610000,KNOX COUNTY SHERIFF DEPARTMENT,Accepted,KNOX,US0025E,,US25E,,N,,,,,,,36.877884228,-83.88177523,11.592,10/13/2021 12:00:00 AM,1443.0,2,2,0,1,CLEAR,DRY,False,REAR END IN TRAFFIC LANES BOTH VEHICLES MOVING,REAR END,STRAIGHT & LEVEL,DAYLIGHT,,,11/3/2021 1:30:02 PM,False,109,Accepted
28916291,0080000,BOONE COUNTY SHERIFF DEPT.,Accepted,BOONE,KY0237,,PLEASANT VALLEY,RD,,,ROSE PETAL,,,,,38.983333406,-84.678199868,2.754,10/13/2021 12:00:00 AM,1645.0,2,2,0,0,CLEAR,DRY,False,OPPOSITE DIRECTION - BOTH VEHICLES GOING STRAIGHT AHEAD,SIDESWIPE-OPPOSITE DIRECTION,STRAIGHT & HILLCREST,DAYLIGHT,,,10/18/2021 9:24:58 AM,False,3721,Accepted
28902475,0340200,LEXINGTON POLICE DEPARTMENT,Accepted,FAYETTE,US0025,,VINE,ST,W,,,,MILL,,UPPER,38.046694403,-84.499060993,13.996,10/13/2021 12:00:00 AM,1334.0,4,4,0,0,CLOUDY,DRY,True,SIDESWIPE COLLISION - SAME DIRECTION,SIDESWIPE-SAME DIRECTION,STRAIGHT & LEVEL,DAYLIGHT,,,10/14/2021 8:25:24 AM,False,57922,Accepted
28901569,0790200,CALVERT CITY POLICE DEPARTMENT,Accepted,MARSHALL,I 0024,,I24 W,,,,,,,,,37.007316995,-88.320974881,26.941,10/13/2021 12:00:00 AM,1545.0,2,2,0,0,CLOUDY,DRY,True,SIDESWIPE COLLISION - SAME DIRECTION,SIDESWIPE-SAME DIRECTION,CURVE & LEVEL,DAYLIGHT,,,10/14/2021 2:07:44 AM,False,26,Accepted
28923212,0780000,MARION COUNTY SHERIFF DEPT.,Accepted,MARION,US0068,9700,NEW CAMPBELLSVILLE,RD,,,,,,,,37.446141637,-85.290806493,0.799,10/13/2021 12:00:00 AM,121.0,1,1,0,0,CLEAR,DRY,False,OTHER ROADWAY OR MID-BLOCK COLLISION,SINGLE VEHICLE,STRAIGHT & HILLCREST,DARK-HWY NOT LIGHTED,,,10/19/2021 7:41:50 PM,False,1206,Accepted
28901823,1050100,GEORGETOWN POLICE DEPARTMENT,Accepted,SCOTT,I 0075,,I75 N,,,,,,,,,38.201112355,-84.527794995,123.726,10/13/2021 12:00:00 AM,2230.0,1,1,0,0,CLOUDY,DRY,False,OTHER ROADWAY OR MID-BLOCK COLLISION,SINGLE VEHICLE,STRAIGHT & LEVEL,DARK-HWY NOT LIGHTED,,,10/14/2021 4:11:02 AM,False,837,Accepted
28907320,0780000,MARION COUNTY SHERIFF DEPT.,Accepted,MARION,US0068,8500,NEW CAMPBELLSVILLE,RD,,,,,,,,37.463133163,-85.297143579,1.929,10/12/2021 12:00:00 AM,2045.0,1,1,0,1,CLEAR,DRY,False,OTHER ROADWAY OR MID-BLOCK COLLISION,SINGLE VEHICLE,STRAIGHT & LEVEL,DARK-HWY NOT LIGHTED,,,10/15/2021 9:48:01 AM,False,1206,Accepted
29546784,0920200,BEAVER DAM POLICE DEPARTMENT,Accepted,OHIO,WK9001,,WK9001 E,,,,,,,,,37.377361874,-86.823085931,75.852,10/12/2021 12:00:00 AM,1458.0,2,2,0,0,CLEAR,DRY,False,REAR END IN TRAFFIC LANES BOTH VEHICLES MOVING,REAR END,STRAIGHT & LEVEL,DAYLIGHT,,,1/9/2022 1:10:39 AM,False,75,Accepted
28908048,1050000,SCOTT COUNTY SHERIFF DEPT.,Accepted,SCOTT,I 0075,,I75 S,,,,,,,,,38.161908991,-84.535297623,120.893,10/12/2021 12:00:00 AM,1522.0,3,3,0,0,CLEAR,DRY,False,REAR END IN TRAFFIC LANES BOTH VEHICLES MOVING,REAR END,STRAIGHT & LEVEL,DAYLIGHT,,,10/15/2021 1:53:13 PM,False,224,Accepted
28918941,0080000,BOONE COUNTY SHERIFF DEPT.,Accepted,BOONE,I 0075,,I75 S,,,,,,,,,38.932647117,-84.63133149,176.405,10/12/2021 12:00:00 AM,1656.0,3,3,0,2,CLEAR,DRY,False,OTHER ROADWAY OR MID-BLOCK COLLISION,REAR END,STRAIGHT & LEVEL,DAYLIGHT,,,10/18/2021 6:52:29 PM,False,3207,Accepted
28903415,0080000,BOONE COUNTY SHERIFF DEPT.,Accepted,BOONE,I 0075,,I75 S,,,,,,,,,38.912473834,-84.62861677,175.02,10/12/2021 12:00:00 AM,2113.0,2,2,0,0,CLEAR,DRY,False,REAR END IN TRAFFIC LANES BOTH VEHICLES MOVING,REAR END,STRAIGHT & LEVEL,DARK-HWY LIGHTED/ON,,,10/14/2021 12:28:24 PM,True,3751,Accepted
29187210,0970100,HAZARD POLICE DEPARTMENT,Accepted,PERRY,KY0015,,KY15,,N,,,,,,,37.270198874,-83.207570062,13.642,10/12/2021 12:00:00 AM,1938.0,2,2,0,0,CLEAR,DRY,False,REAR END IN TRAFFIC LANES BOTH VEHICLES MOVING,REAR END,STRAIGHT & LEVEL,DARK-HWY LIGHTED/ON,,,11/5/2021 9:17:39 AM,False,418,Accepted
28902464,0540000,HOPKINS COUNTY SHERIFF DEPT.,Accepted,HOPKINS,KY0630,,MANITOU,RD,,,,,,,,37.400074588,-87.583764551,4.067,10/12/2021 12:00:00 AM,1319.0,2,2,0,0,CLEAR,DRY,False,VEHICLE BACKING NON INTERSECTION,BACKING,STRAIGHT & LEVEL,DAYLIGHT,,,10/14/2021 8:21:52 AM,False,318,Accepted
28870484,0340200,LEXINGTON POLICE DEPARTMENT,Accepted,FAYETTE,US0060,,MIDLAND,AVE,,US0025,MAIN,,,,,38.041165579,-84.490965562,8.124,10/11/2021 12:00:00 AM,1607.0,2,2,0,0,CLEAR,DRY,False,SIDESWIPE-SAME DIRECTION,SIDESWIPE-SAME DIRECTION,STRAIGHT & LEVEL,DAYLIGHT,,,10/11/2021 9:32:33 PM,False,58514,Accepted
28882682,0568000,LOUISVILLE METRO POLICE DEPT,Accepted,JEFFERSON,I 0265,,I265 S,,,,,I 0064,I265 S EXIT25A RAMP TO I64 E,I 0064,I265 S EXIT25A RAMP TO I64 E,38.223191176,-85.5056245,25.476,10/10/2021 12:00:00 AM,1732.0,2,2,0,0,CLEAR,DRY,False,SIDESWIPE COLLISION - SAME DIRECTION,SIDESWIPE-SAME DIRECTION,STRAIGHT & LEVEL,DAYLIGHT,,,10/12/2021 8:56:55 AM,False,7751,Accepted
29586748,0860100,TOMPKINSVILLE POLICE DEPT.,Accepted,MONROE,KY0063,,4TH,ST,,,,,,,,36.704952621,-85.698909989,9.927,10/10/2021 12:00:00 AM,1934.0,1,1,0,0,SMOG SMOKE,DRY,False,OTHER ROADWAY OR MID-BLOCK COLLISION,SINGLE VEHICLE,STRAIGHT & LEVEL,DARK-HWY NOT LIGHTED,,,1/14/2022 2:14:00 PM,False,42,Accepted
28915770,0410100,WILLIAMSTOWN POLICE DEPARTMENT,Accepted,GRANT,I 0075,,I75 S,,,,,,,,,38.638979814,-84.584174809,155.296,10/10/2021 12:00:00 AM,2123.0,2,2,0,1,CLEAR,DRY,False,REAR END IN TRAFFIC LANES BOTH VEHICLES MOVING,REAR END,STRAIGHT & GRADE,DARK-HWY LIGHTED/ON,,,10/18/2021 8:02:44 AM,False,W405,Accepted
28856985,0590100,COVINGTON POLICE DEPARTMENT,Accepted,KENTON,I 0075,,I75 N,,,,,,,,,39.08756989,-84.522492256,191.323,10/10/2021 12:00:00 AM,1709.0,2,2,0,0,CLEAR,DRY,False,REAR END IN TRAFFIC LANES BOTH VEHICLES MOVING,REAR END,STRAIGHT & LEVEL,DAYLIGHT,,,10/11/2021 11:51:40 AM,False,0328,Accepted
28926025,1200100,VERSAILLES POLICE DEPARTMENT,Accepted,WOODFORD,US0060,,US60,BYP,,,YELLOW JACKET,,,,,38.063751418,-84.732241376,8.072,10/9/2021 12:00:00 AM,1102.0,2,2,0,0,CLEAR,DRY,False,ANGLE COLLISION - ONE VEHICLE TURNING LEFT,ANGLE,STRAIGHT & LEVEL,DAYLIGHT,,,10/20/2021 12:42:03 PM,False,136,Accepted
28903259,0420000,GRAVES COUNTY SHERIFF DEPT.,Accepted,GRAVES,KY0303,,KY303,,,,,,,,,36.707796764,-88.63221418,15.313,10/9/2021 12:00:00 AM,1020.0,2,2,0,1,CLEAR,DRY,False,SIDESWIPE COLLISION - OPPOSITE DIRECTION,SIDESWIPE-OPPOSITE DIRECTION,STRAIGHT & LEVEL,DAYLIGHT,,,10/14/2021 11:59:14 AM,False,6,Accepted
28860192,KSP1100,KY STATE POLICE POST 11,Accepted,CLAY,KY1350,,KY1350,,,,,,,,,37.292209337,-83.796917885,2.178,10/8/2021 12:00:00 AM,1330.0,2,2,0,0,CLOUDY,DRY,True,1 VEHICLE PARKED POSITION (NOT PARKING LOT/DRIVEWAY),SIDESWIPE-OPPOSITE DIRECTION,STRAIGHT & LEVEL,DAYLIGHT,,,10/11/2021 2:11:52 PM,False,741,Accepted
28854784,0568000,LOUISVILLE METRO POLICE DEPT,Accepted,JEFFERSON,I 0264,,I264 E,,,I 0264,I264 E EXIT9 OFF RAMP TO KY1865,,,,,38.186881586,-85.789278926,8.781,10/8/2021 12:00:00 AM,2026.0,2,2,0,0,CLEAR,DRY,False,OTHER INTERSECTION COLLISIONS,REAR END,STRAIGHT & LEVEL,DARK-HWY LIGHTED/ON,,,10/11/2021 8:22:29 AM,False,7132,Accepted
28821230,0470100,ELIZABETHTOWN POLICE DEPT.,Accepted,HARDIN,US0031W,,DIXIE,AVE,N,,,,SKYBLUE,,TOWNE,37.734677455,-85.887467133,19.99,10/8/2021 12:00:00 AM,1720.0,2,2,0,0,CLEAR,DRY,False,1 VEHICLE ENTERING/LEAVING ENTRANCE,ANGLE,STRAIGHT & LEVEL,DAYLIGHT,,,10/9/2021 1:48:31 AM,False,0127,Accepted
29355323,0150200,LEBANON JUNCTION POLICE DEPT.,Accepted,BULLITT,I 0065,,I65 S,,,,,,,,,37.83448653,-85.717648149,105.194,10/8/2021 12:00:00 AM,2230.0,2,2,0,0,CLEAR,DRY,False,VEHICLE BACKING NON INTERSECTION,BACKING,STRAIGHT & GRADE,DARK-HWY NOT LIGHTED,,,11/26/2021 2:03:54 PM,False,602,Accepted
28852189,1050100,GEORGETOWN POLICE DEPARTMENT,Accepted,SCOTT,I 0075,,I75 N,,,,,,,,,38.218439035,-84.535430132,125.031,10/8/2021 12:00:00 AM,2040.0,2,2,0,0,CLEAR,DRY,True,VEHICLE BACKING NON INTERSECTION,BACKING,STRAIGHT & LEVEL,DARK-HWY LIGHTED/ON,,,10/10/2021 3:07:41 PM,False,851,Accepted
28859740,KSP0500,KY STATE POLICE POST 05,Accepted,GALLATIN,I 0071,,I71 S,,,,,,,,,38.806607152,-84.724812703,69.356,10/8/2021 12:00:00 AM,1100.0,2,2,0,0,CLEAR,DRY,False,OTHER ROADWAY OR MID-BLOCK COLLISION,REAR END,STRAIGHT & GRADE,DAYLIGHT,,,10/11/2021 1:51:31 PM,False,524,Accepted
28854857,0050000,BARREN COUNTY SHERIFF DEPT.,Accepted,BARREN,KY0063,5546,TOMPKINSVILLE,RD,,,,,,,,36.924321815,-85.871661704,8.994,10/7/2021 12:00:00 AM,1458.0,2,2,0,0,CLEAR,DRY,False,REAR END IN TRAFFIC LANES BOTH VEHICLES MOVING,REAR END,STRAIGHT & HILLCREST,DAYLIGHT,,,10/11/2021 8:26:14 AM,False,170,Accepted
28806963,0080000,BOONE COUNTY SHERIFF DEPT.,Accepted,BOONE,I 0075,,I75 S,,,,,,,,,38.917171677,-84.629208947,175.343,10/7/2021 12:00:00 AM,1728.0,2,2,0,0,RAINING,WET,False,REAR END IN TRAFFIC LANES BOTH VEHICLES MOVING,REAR END,STRAIGHT & LEVEL,DAYLIGHT,,,10/8/2021 9:21:43 AM,False,3700,Accepted
28821223,0470100,ELIZABETHTOWN POLICE DEPT.,Accepted,HARDIN,US0031W,,DIXIE,AVE,N,,TOWNE,,,,,37.733929493,-85.887092007,19.9,10/7/2021 12:00:00 AM,2116.0,2,2,0,0,CLEAR,DRY,False,OPPOSING LEFT TURN,OPPOSING LEFT TURN,STRAIGHT & LEVEL,DARK-HWY LIGHTED/ON,,,10/9/2021 1:48:16 AM,False,0148,Accepted
28804533,0590100,COVINGTON POLICE DEPARTMENT,Accepted,KENTON,I 0075,,I75 N,,,,,,,,,39.082467683,-84.522360585,190.955,10/7/2021 12:00:00 AM,644.0,2,2,0,0,CLOUDY,WET,False,REAR END IN TRAFFIC LANES BOTH VEHICLES MOVING,REAR END,STRAIGHT & LEVEL,DARK-HWY LIGHTED/ON,,,10/7/2021 4:47:38 PM,False,0159,Accepted
28806731,0568000,LOUISVILLE METRO POLICE DEPT,Accepted,JEFFERSON,I 0265,,I265 N,,,,,,,,,38.261895259,-85.501693106,28.191,10/7/2021 12:00:00 AM,1045.0,3,3,0,0,CLOUDY,WET,True,SIDESWIPE COLLISION - SAME DIRECTION,SIDESWIPE-SAME DIRECTION,STRAIGHT & LEVEL,DAYLIGHT,,,10/8/2021 8:11:40 AM,False,2013,Accepted