IncidentID,AgencyORI,AgencyName,IncidentStatusDesc,County,RdwyNumber,Street,RoadwayName,StreetSfx,StreetDir,IntersectionRdwy,IntersectionRdwyName,BetweenStRdwy1,BetweenStRdwyName1,BetweenStRdwy2,BetweenStRdwyName2,Latitude,Longitude,Milepoint,CollisionDate,CollisionTime,UnitsInvolved,MotorVehiclesInvolved,NumberKilled,NumberInjured,Weather,RdwyConditionCode,HitandRun,DirAnalysisCode,MannerofCollision,RdwyCharacter,LightCondition,RampFromRdwyId,RampToRdwyId,AcceptedDate,IsSecondaryCollision,OwnerBadge,IncidentStatus
28539208,0470100,ELIZABETHTOWN POLICE DEPT.,Accepted,HARDIN,US0031W,,DIXIE,AVE,N,KY3005,RING,,,,,37.72828989,-85.884269324,19.487,8/16/2021 12:00:00 AM,1729.0,2,2,0,1,RAINING,WET,False,ANGLE COLLISION - OTHER,ANGLE,STRAIGHT & LEVEL,DAYLIGHT,,,8/19/2021 11:37:20 PM,False,0152,Accepted
28528606,1050000,SCOTT COUNTY SHERIFF DEPT.,Accepted,SCOTT,KY0620,828,BURTON,PIKE,,,,,,,,38.294252975,-84.590239018,4.005,8/16/2021 12:00:00 AM,1454.0,2,2,0,0,CLEAR,DRY,False,1 VEHICLE PARKED POSITION (NOT PARKING LOT/DRIVEWAY),BACKING,STRAIGHT & LEVEL,DAYLIGHT,,,8/17/2021 2:28:09 PM,False,220,Accepted
28533834,0150000,BULLITT COUNTY SHERIFF DEPT.,Accepted,BULLITT,I 0065,,I65 S,,,,,,,,,37.814868557,-85.737467633,103.441,8/16/2021 12:00:00 AM,1520.0,2,2,0,1,CLOUDY,WET,False,REAR END IN TRAFFIC LANES BOTH VEHICLES MOVING,REAR END,STRAIGHT & LEVEL,DAYLIGHT,,,8/18/2021 4:37:49 PM,False,1031,Accepted
28532049,KSP0300,KY STATE POLICE POST 03,Accepted,WARREN,I 0065,,I65 N,,,,,,,,,36.865879923,-86.451295154,17.281,8/16/2021 12:00:00 AM,1554.0,3,3,0,2,RAINING,WET,False,REAR END IN TRAFFIC LANES BOTH VEHICLES MOVING,REAR END,STRAIGHT & LEVEL,DAYLIGHT,,,8/18/2021 8:29:53 AM,False,261,Accepted
28525753,KSP0300,KY STATE POLICE POST 03,Accepted,WARREN,I 0065,,I65 N,,,,,,,,,36.864410806,-86.451964505,17.173,8/16/2021 12:00:00 AM,1632.0,2,2,0,0,FOG,DRY,False,REAR END IN TRAFFIC LANES BOTH VEHICLES MOVING,REAR END,STRAIGHT & LEVEL,DAYLIGHT,,,8/16/2021 8:09:03 PM,True,203,Accepted
28528327,KSP0300,KY STATE POLICE POST 03,Accepted,WARREN,I 0065,,I65 N,,,,,,,,,36.94323247,-86.41289181,23.037,8/16/2021 12:00:00 AM,1413.0,2,2,0,0,RAINING,WET,False,SIDESWIPE COLLISION - SAME DIRECTION,SIDESWIPE-SAME DIRECTION,STRAIGHT & LEVEL,DAYLIGHT,,,8/17/2021 1:33:11 PM,False,585,Accepted
28538351,0370200,KY STATE POLICE CVE,Accepted,LAUREL,I 0075,,I75 N,,,,,,,,,37.214673211,-84.198305234,47.879,8/16/2021 12:00:00 AM,815.0,1,1,0,0,RAINING,WET,False,OTHER COLLISIONS ON SHOULDER,SINGLE VEHICLE,CURVE & GRADE,DAYLIGHT,,,8/19/2021 6:14:52 PM,False,C-362,Accepted
28540272,0630000,LAUREL COUNTY SHERIFF DEPT.,Accepted,LAUREL,I 0075,,I75 N,,,,,,,,,37.15265067,-84.11220458,41.145,8/16/2021 12:00:00 AM,1656.0,1,1,0,0,CLOUDY,DRY,False,OTHER ROADWAY OR MID-BLOCK COLLISION,SINGLE VEHICLE,STRAIGHT & LEVEL,DAYLIGHT,,,8/20/2021 8:19:48 AM,False,1106,Accepted
28554721,0730000,MCCRACKEN COUNTY SHERIFF DEPT.,Accepted,MCCRACKEN,US0062,8355,BLANDVILLE,RD,,,,,,,,37.03177597,-88.750919498,6.179,8/15/2021 12:00:00 AM,833.0,1,1,0,0,CLOUDY,DRY,False,COLLISION WITH FIXED OBJECT NON - INTERSECTION - FIRST EVENT COLLISION 09 - 32 EXCLUDING 16,SINGLE VEHICLE,STRAIGHT & LEVEL,DAYLIGHT,,,8/24/2021 9:04:42 AM,False,26,Accepted
28522397,KSP0400,KY STATE POLICE POST 04,Accepted,HARDIN,I 0065,,I65 N,,,,,,,,,37.804704456,-85.747054911,102.568,8/15/2021 12:00:00 AM,1427.0,2,2,0,0,CLEAR,DRY,False,SIDESWIPE COLLISION - SAME DIRECTION,SIDESWIPE-SAME DIRECTION,STRAIGHT & LEVEL,DAYLIGHT,,,8/16/2021 8:25:28 AM,False,292,Accepted
28554761,0730000,MCCRACKEN COUNTY SHERIFF DEPT.,Accepted,MCCRACKEN,I 0024,,I24 W,,,,,,,,,37.127018889,-88.689393453,0.854,8/15/2021 12:00:00 AM,1449.0,2,2,0,0,CLEAR,DRY,True,SIDESWIPE COLLISION - SAME DIRECTION,SIDESWIPE-SAME DIRECTION,STRAIGHT & LEVEL,DAYLIGHT,,,8/24/2021 9:05:32 AM,False,19,Accepted
28529858,0730000,MCCRACKEN COUNTY SHERIFF DEPT.,Accepted,MCCRACKEN,I 0024,,I24 W,,,,,,,,,37.130378974,-88.68812598,0.61,8/15/2021 12:00:00 AM,1116.0,2,2,0,0,CLOUDY,DRY,False,REAR END IN TRAFFIC LANES BOTH VEHICLES MOVING,REAR END,STRAIGHT & LEVEL,DAYLIGHT,,,8/17/2021 5:45:10 PM,False,21,Accepted
28522066,0568000,LOUISVILLE METRO POLICE DEPT,Accepted,JEFFERSON,I 0264,,I264 W,,,,,,,,,38.190099428,-85.750543789,10.99,8/14/2021 12:00:00 AM,1420.0,2,2,0,0,CLOUDY,DRY,False,REAR END IN TRAFFIC LANES BOTH VEHICLES MOVING,REAR END,STRAIGHT & LEVEL,DAYLIGHT,,,8/16/2021 7:43:17 AM,False,5037,Accepted
28585020,0470100,ELIZABETHTOWN POLICE DEPT.,Accepted,HARDIN,US0031W,,DIXIE,AVE,N,,,KY3005,RING,,WALMART,37.729295504,-85.884488719,19.554,8/14/2021 12:00:00 AM,1357.0,2,2,0,0,CLOUDY,DRY,False,1 VEHICLE ENTERING/LEAVING ENTRANCE,ANGLE,STRAIGHT & LEVEL,DAYLIGHT,,,9/1/2021 12:08:30 AM,False,0129,Accepted
28528325,KSP0300,KY STATE POLICE POST 03,Accepted,SIMPSON,I 0065,,I65 N,,,,,,,,,36.745168114,-86.495738104,8.528,8/14/2021 12:00:00 AM,144.0,2,2,0,0,CLEAR,DRY,False,REAR END IN TRAFFIC LANES BOTH VEHICLES MOVING,REAR END,STRAIGHT & GRADE,DARK-HWY NOT LIGHTED,,,8/17/2021 1:32:59 PM,False,389,Accepted
28562918,0470100,ELIZABETHTOWN POLICE DEPT.,Accepted,HARDIN,US0031W,,DIXIE,AVE,N,,,,SKYBLUE,,TOWNE,37.734291012,-85.887207286,19.948,8/14/2021 12:00:00 AM,1045.0,2,1,0,0,CLEAR,DRY,False,SIDESWIPE COLLISION - SAME DIRECTION,SIDESWIPE-SAME DIRECTION,STRAIGHT & LEVEL,DAYLIGHT,,,8/26/2021 3:02:48 AM,False,0084,Accepted
28551177,1200100,VERSAILLES POLICE DEPARTMENT,Accepted,WOODFORD,US0060,,FRANKFORT,RD,,,,US0062,MIDWAY,US0062,MIDWAY,38.069837148,-84.738606947,7.538,8/14/2021 12:00:00 AM,613.0,1,1,0,0,CLOUDY,DRY,False,COLLISION WITH FIXED OBJECT NON - INTERSECTION - FIRST EVENT COLLISION 09 - 32 EXCLUDING 16,SINGLE VEHICLE,STRAIGHT & GRADE,DARK-HWY NOT LIGHTED,,,8/23/2021 12:34:52 PM,False,135,Accepted
28506472,0980100,PIKEVILLE POLICE DEPARTMENT,Accepted,PIKE,US0023,,US23,,,,,,,,,37.510461692,-82.544585914,27.167,8/13/2021 12:00:00 AM,1725.0,2,2,0,0,CLEAR,DRY,False,REAR END IN TRAFFIC LANES BOTH VEHICLES MOVING,REAR END,STRAIGHT & LEVEL,DAYLIGHT,,,8/14/2021 6:40:01 PM,False,120,Accepted
28527605,1060000,SHELBY COUNTY SHERIFF DEPT.,Accepted,SHELBY,KY0053,,MT EDEN,RD,,,,,,,,38.198126015,-85.208944587,7.027,8/13/2021 12:00:00 AM,1700.0,3,3,0,0,CLOUDY,DRY,False,REAR END IN TRAFFIC LANES BOTH VEHICLES MOVING,REAR END,STRAIGHT & GRADE,DAYLIGHT,,,8/17/2021 9:09:33 AM,False,36,Accepted
28523733,0590100,COVINGTON POLICE DEPARTMENT,Accepted,KENTON,I 0075,,I75 N,,,,,,,,,39.088436078,-84.522680585,191.374,8/12/2021 12:00:00 AM,1117.0,2,2,0,0,CLEAR,DRY,True,SIDESWIPE COLLISION - SAME DIRECTION,SIDESWIPE-SAME DIRECTION,STRAIGHT & LEVEL,DAYLIGHT,,,8/16/2021 11:39:42 AM,False,0159,Accepted
28525005,0240000,CHRISTIAN COUNTY SHERIFF OFFICE,Accepted,CHRISTIAN,KY0115,,PEMBROKE OAK GROVE,RD,,,,,,,,36.746534441,-87.377885114,7.911,8/12/2021 12:00:00 AM,930.0,2,2,0,0,CLEAR,DRY,False,SIDESWIPE COLLISION - OPPOSITE DIRECTION,SIDESWIPE-OPPOSITE DIRECTION,CURVE & LEVEL,DAYLIGHT,,,8/16/2021 3:55:13 PM,False,609,Accepted
28499430,0340200,LEXINGTON POLICE DEPARTMENT,Accepted,FAYETTE,US0060,,VERSAILLES,RD,,,,,MASON HEADLEY,,VILLAGE,38.047289971,-84.546428729,5.711,8/11/2021 12:00:00 AM,928.0,2,2,0,0,CLEAR,DRY,False,SIDESWIPE COLLISION - SAME DIRECTION,SIDESWIPE-SAME DIRECTION,STRAIGHT & GRADE,DAYLIGHT,,,8/12/2021 5:37:44 PM,False,22512,Accepted
28498436,0730000,MCCRACKEN COUNTY SHERIFF DEPT.,Accepted,MCCRACKEN,I 0024,,I24 W,,,,,,,,,37.103823966,-88.690270155,2.507,8/11/2021 12:00:00 AM,1501.0,2,2,0,0,CLEAR,DRY,False,SIDESWIPE COLLISION - SAME DIRECTION,SIDESWIPE-SAME DIRECTION,STRAIGHT & LEVEL,DAYLIGHT,,,8/12/2021 2:25:54 PM,False,50,Accepted
28580565,1050000,SCOTT COUNTY SHERIFF DEPT.,Accepted,SCOTT,US0025,,CINCINNATI,PIKE,,,,,,,,38.311116075,-84.562141595,11.18,8/11/2021 12:00:00 AM,1130.0,2,2,0,0,CLOUDY,DRY,False,OTHER ROADWAY OR MID-BLOCK COLLISION,REAR END,CURVE & GRADE,DAYLIGHT,,,8/30/2021 11:00:41 PM,False,203,Accepted
28499438,0340200,LEXINGTON POLICE DEPARTMENT,Accepted,FAYETTE,I 0075,,I75 N,,,,,,,,,38.160329002,-84.534464226,120.768,8/11/2021 12:00:00 AM,547.0,3,3,0,3,CLEAR,DRY,False,OTHER ROADWAY OR MID-BLOCK COLLISION,REAR END,STRAIGHT & LEVEL,DARK-HWY LIGHTED/ON,,,8/12/2021 5:38:09 PM,False,55504,Accepted
28522550,1160000,WAYNE COUNTY SHERIFF DEPT.,Accepted,WAYNE,KY0090,,KY90,,,,,,,,,36.924162702,-84.764454988,19.079,8/11/2021 12:00:00 AM,921.0,2,2,0,0,CLEAR,DRY,True,OTHER ROADWAY OR MID-BLOCK COLLISION,REAR END,STRAIGHT & LEVEL,DAYLIGHT,,,8/16/2021 8:53:33 AM,False,1562,Accepted
28546323,0970100,HAZARD POLICE DEPARTMENT,Accepted,PERRY,KY0015,,,,,,,,,,,37.27193199,-83.209586249,0.107,8/10/2021 12:00:00 AM,1124.0,2,1,0,2,CLEAR,DRY,False,OTHER RAMP RELATED COLLISIONS NOT LISTED ABOVE,REAR END,CURVE & GRADE,DAYLIGHT,KY0550,KY0015,8/22/2021 3:03:30 AM,False,403,Accepted
28490495,0590100,COVINGTON POLICE DEPARTMENT,Accepted,KENTON,I 0075,,I75 N,,,,,,,,,39.07795804,-84.520543968,190.615,8/10/2021 12:00:00 AM,1043.0,2,2,0,0,RAINING,WET,False,SIDESWIPE COLLISION - SAME DIRECTION,SIDESWIPE-SAME DIRECTION,STRAIGHT & LEVEL,DAYLIGHT,,,8/10/2021 4:08:35 PM,False,0254,Accepted
28529864,0730000,MCCRACKEN COUNTY SHERIFF DEPT.,Accepted,MCCRACKEN,I 0024,,I24 W,,,,,,,,,37.135019507,-88.686489222,0.275,8/9/2021 12:00:00 AM,1453.0,2,2,0,0,CLEAR,DRY,False,OTHER ROADWAY OR MID-BLOCK COLLISION,REAR END,STRAIGHT & LEVEL,DAYLIGHT,,,8/17/2021 5:45:33 PM,False,19,Accepted
28494323,0730000,MCCRACKEN COUNTY SHERIFF DEPT.,Accepted,MCCRACKEN,I 0024,,I24 W,,,,,,,,,37.13132746,-88.687842645,0.542,8/8/2021 12:00:00 AM,1109.0,3,3,0,0,CLEAR,DRY,False,REAR END IN TRAFFIC LANES BOTH VEHICLES MOVING,REAR END,STRAIGHT & LEVEL,DAYLIGHT,,,8/11/2021 2:56:38 PM,False,21,Accepted
28485015,0590100,COVINGTON POLICE DEPARTMENT,Accepted,KENTON,I 0075,,I75 N,,,,,,,,,39.068322636,-84.520166033,189.886,8/8/2021 12:00:00 AM,1600.0,2,2,0,0,CLEAR,DRY,False,REAR END IN TRAFFIC LANES BOTH VEHICLES MOVING,REAR END,STRAIGHT & GRADE,DAYLIGHT,,,8/9/2021 10:43:24 AM,False,0310,Accepted
28489177,0470000,HARDIN COUNTY SHERIFF DEPT.,Accepted,HARDIN,I 0065,,I65 N,,,,,,,,,37.775966816,-85.777725852,99.76,8/8/2021 12:00:00 AM,1404.0,2,2,0,0,CLEAR,DRY,False,REAR END IN TRAFFIC LANES BOTH VEHICLES MOVING,REAR END,CURVE & GRADE,DAYLIGHT,,,8/10/2021 10:20:33 AM,False,965,Accepted
28489211,1050100,GEORGETOWN POLICE DEPARTMENT,Accepted,SCOTT,I 0075,,I75 S,,,I 0075,I75 S EXIT125 ON RAMP FROM US460,,,,,38.213667289,-84.533615292,124.656,8/8/2021 12:00:00 AM,1746.0,2,2,0,0,CLEAR,DRY,False,SIDESWIPE-SAME DIRECTION,SIDESWIPE-SAME DIRECTION,STRAIGHT & GRADE,DAYLIGHT,,,8/10/2021 10:34:42 AM,False,875,Accepted
28485008,0590100,COVINGTON POLICE DEPARTMENT,Accepted,KENTON,I 0075,190.7,I75 N,,,,,,,,,39.078776577,-84.521149323,190.682,8/7/2021 12:00:00 AM,1213.0,2,2,0,0,CLEAR,DRY,False,SIDESWIPE COLLISION - SAME DIRECTION,SIDESWIPE-SAME DIRECTION,STRAIGHT & LEVEL,DAYLIGHT,,,8/9/2021 10:42:57 AM,False,0276,Accepted
28560697,KSP0600,KY STATE POLICE POST 06,Accepted,SCOTT,I 0075,,I75 S,,,,,,,,,38.174140046,-84.534523109,121.787,8/7/2021 12:00:00 AM,1305.0,3,3,0,3,CLEAR,DRY,False,REAR END IN TRAFFIC LANES BOTH VEHICLES MOVING,REAR END,STRAIGHT & LEVEL,DAYLIGHT,,,8/25/2021 2:11:48 PM,False,425,Accepted
28601367,0730100,PADUCAH POLICE DEPARTMENT,Accepted,MCCRACKEN,I 0024,,I24 E,,,,,,,,,37.078310804,-88.681122433,4.34,8/7/2021 12:00:00 AM,1524.0,3,3,1,0,CLEAR,DRY,False,REAR END IN TRAFFIC LANES BOTH VEHICLES MOVING,REAR END,STRAIGHT & LEVEL,DAYLIGHT,,,9/5/2021 1:42:06 PM,False,97,Accepted
28485450,0590100,COVINGTON POLICE DEPARTMENT,Accepted,KENTON,I 0075,,I75 S,,,,,,,,,39.089219513,-84.522716642,191.43,8/6/2021 12:00:00 AM,258.0,3,1,0,1,CLEAR,DRY,True,REAR END IN TRAFFIC LANES BOTH VEHICLES MOVING,REAR END,STRAIGHT & LEVEL,DARK-HWY LIGHTED/ON,,,8/9/2021 1:23:09 PM,False,0331,Accepted
28479596,0340200,LEXINGTON POLICE DEPARTMENT,Accepted,FAYETTE,I 0075,,I75 S,,,,,I 0075,I75 S EXIT99 OFF RAMP TO US25,I 0075,I75 S EXIT104 ON RAMP FROM KY418,37.953119169,-84.387816156,103.229,8/6/2021 12:00:00 AM,1710.0,3,3,0,0,CLOUDY,DRY,False,REAR END IN TRAFFIC LANES BOTH VEHICLES MOVING,REAR END,STRAIGHT & LEVEL,DAYLIGHT,,,8/7/2021 6:31:12 PM,False,54535,Accepted
28476804,0100100,ASHLAND POLICE DEPARTMENT,Accepted,BOYD,,,29TH,ST,,,,,BATH,,MONTGOMERY,38.467288934,-82.62669777,0.398,8/6/2021 12:00:00 AM,1257.0,2,2,0,0,CLEAR,DRY,False,VEHICLE BACKING NON INTERSECTION,BACKING,STRAIGHT & LEVEL,DAYLIGHT,,,8/6/2021 5:08:01 PM,False,1130,Accepted
28475522,0590100,COVINGTON POLICE DEPARTMENT,Accepted,KENTON,I 0075,,I75 S,,,,,,,,,39.090276325,-84.522652488,191.504,8/6/2021 12:00:00 AM,425.0,5,5,0,0,CLEAR,DRY,False,HEAD-ON COLLISION,HEAD ON,STRAIGHT & LEVEL,DARK-HWY NOT LIGHTED,,,8/6/2021 9:34:26 AM,False,0298,Accepted
28491059,0240100,HOPKINSVILLE POLICE DEPARTMENT,Accepted,CHRISTIAN,KY0107,,LAFAYETTE,RD,,,HOLIDAY PARK,,,,,36.829400736,-87.502677187,16.228,8/6/2021 12:00:00 AM,1700.0,2,2,0,0,CLOUDY,DRY,False,ANGLE COLLISION - OTHER,ANGLE,STRAIGHT & LEVEL,DAYLIGHT,,,8/10/2021 6:40:28 PM,False,471,Accepted
28803536,0630000,LAUREL COUNTY SHERIFF DEPT.,Accepted,LAUREL,I 0075,46,I75 S,,,,,,,,,37.229400798,-84.220617084,49.488,8/6/2021 12:00:00 AM,830.0,2,2,0,0,CLEAR,DRY,False,SIDESWIPE COLLISION - SAME DIRECTION,SIDESWIPE-SAME DIRECTION,STRAIGHT & LEVEL,DAYLIGHT,,,10/7/2021 12:24:00 PM,False,1129,Accepted
28499214,KSP0300,KY STATE POLICE POST 03,Accepted,WARREN,US0231,,MORGANTOWN,RD,,,,,,,,36.992808688,-86.506084086,14.965,8/5/2021 12:00:00 AM,2119.0,2,2,0,0,CLEAR,DRY,True,SIDESWIPE COLLISION - OPPOSITE DIRECTION,SIDESWIPE-OPPOSITE DIRECTION,STRAIGHT & LEVEL,DARK-HWY LIGHTED/ON,,,8/12/2021 4:45:53 PM,False,389,Accepted
28477613,0730100,PADUCAH POLICE DEPARTMENT,Accepted,MCCRACKEN,I 0024,,I24 E,,,,,I 0024,I24 E EXIT4 OFF RAMP TO US60,I 0024,I24 E EXIT4 ON RAMP TO US60,37.079986834,-88.682015695,4.213,8/5/2021 12:00:00 AM,1630.0,2,2,0,0,CLEAR,DRY,False,SIDESWIPE COLLISION - SAME DIRECTION,SIDESWIPE-SAME DIRECTION,STRAIGHT & LEVEL,DAYLIGHT,,,8/6/2021 11:44:56 PM,False,284,Accepted
28472720,0090100,PARIS POLICE DEPARTMENT,Accepted,BOURBON,,,20TH,ST,W,US0068X,MAIN,,,,,38.19831884,-84.268572757,0.002,8/5/2021 12:00:00 AM,920.0,2,2,0,0,CLEAR,DRY,False,VEHICLE BACKING IN INTERSECTION,BACKING,STRAIGHT & HILLCREST,DAYLIGHT,,,8/5/2021 5:24:42 PM,False,511,Accepted
30158942,1040000,RUSSELL COUNTY SHERIFF DEPT.,Accepted,RUSSELL,US0127,,US127 BUS,,,,STORY,,,,,36.952176557,-85.090594655,10.58,8/5/2021 12:00:00 AM,1637.0,2,2,0,0,CLEAR,DRY,False,HEAD-ON COLLISION,HEAD ON,CURVE & GRADE,DAYLIGHT,,,6/8/2022 1:14:23 PM,False,1458,Accepted
28489407,KSP0300,KY STATE POLICE POST 03,Accepted,WARREN,I 0065,,I65 S,,,,,,,,,36.972975866,-86.393645282,25.338,8/5/2021 12:00:00 AM,702.0,2,2,0,0,CLEAR,DRY,False,REAR END IN TRAFFIC LANES BOTH VEHICLES MOVING,REAR END,STRAIGHT & GRADE,DAYLIGHT,,,8/10/2021 11:33:14 AM,False,752,Accepted
28489416,KSP0300,KY STATE POLICE POST 03,Accepted,WARREN,I 0065,,I65 S,,,,,,,,,36.817771136,-86.472791648,13.757,8/4/2021 12:00:00 AM,910.0,2,2,0,1,CLEAR,DRY,False,REAR END IN TRAFFIC LANES BOTH VEHICLES MOVING,REAR END,STRAIGHT & LEVEL,DAYLIGHT,,,8/10/2021 11:34:53 AM,False,585,Accepted
28471632,1050100,GEORGETOWN POLICE DEPARTMENT,Accepted,SCOTT,I 0075,,I75 S,,,,,,,,,38.20535494,-84.530178376,124.056,8/4/2021 12:00:00 AM,1524.0,2,2,0,0,CLOUDY,DRY,False,REAR END IN TRAFFIC LANES BOTH VEHICLES MOVING,REAR END,STRAIGHT & LEVEL,DAYLIGHT,,,8/5/2021 12:34:13 PM,False,845,Accepted
28531886,1060100,SHELBYVILLE POLICE DEPARTMENT,Accepted,SHELBY,US0060,,FRANKFORT,RD,,,,KY0055X,BOONE STATION,,MARSHALL,38.210441039,-85.204294219,11.36,8/4/2021 12:00:00 AM,1516.0,2,2,0,0,CLEAR,DRY,False,1 VEHICLE ENTERING/LEAVING ENTRANCE,ANGLE,STRAIGHT & LEVEL,DAWN,,,8/18/2021 7:34:06 AM,False,236,Accepted
28477860,1050000,SCOTT COUNTY SHERIFF DEPT.,Accepted,SCOTT,I 0075,,I75 S,,,,,,,,,38.199253619,-84.527184826,123.596,8/4/2021 12:00:00 AM,110.0,2,2,0,1,CLEAR,DRY,False,SIDESWIPE COLLISION - SAME DIRECTION,SIDESWIPE-SAME DIRECTION,STRAIGHT & LEVEL,DARK-HWY NOT LIGHTED,,,8/7/2021 12:58:40 AM,False,239,Accepted
28472482,0080000,BOONE COUNTY SHERIFF DEPT.,Accepted,BOONE,KY0338,,RICHWOOD,RD,,,FROGTOWN CONN,,,,,38.916733575,-84.632067523,0.445,8/4/2021 12:00:00 AM,1920.0,2,2,0,0,CLEAR,DRY,False,OTHER INTERSECTION COLLISIONS,REAR END,STRAIGHT & LEVEL,DAYLIGHT,,,8/5/2021 4:34:32 PM,False,3713,Accepted
28530155,0550000,JACKSON COUNTY SHERIFF DEPT.,Accepted,JACKSON,KY0030,,KY30,,,,,,,,,37.342729385,-83.900440899,9.069,8/4/2021 12:00:00 AM,800.0,1,1,0,0,CLOUDY,DRY,False,OTHER ROADWAY OR MID-BLOCK COLLISION,SINGLE VEHICLE,STRAIGHT & LEVEL,DAYLIGHT,,,8/17/2021 7:28:07 PM,False,101,Accepted
28474014,1140100,BOWLING GREEN POLICE,Accepted,WARREN,US0231,3162,SCOTTSVILLE,RD,,,,,,,,36.941148094,-86.421103714,9.524,8/3/2021 12:00:00 AM,12.0,2,2,0,0,CLEAR,DRY,False,1 VEHICLE ENTERING/LEAVING ENTRANCE,ANGLE,STRAIGHT & LEVEL,DARK-HWY LIGHTED/ON,,,8/6/2021 12:38:55 AM,False,229,Accepted
28466861,0730100,PADUCAH POLICE DEPARTMENT,Accepted,MCCRACKEN,I 0024,,I24 W,,,,,I 0024,I24 TURN AROUND1,I 0024,I24 W EXIT3 ON RAMP FROM KY305,37.104903306,-88.690731704,2.428,8/3/2021 12:00:00 AM,1222.0,6,1,1,5,CLEAR,DRY,False,OTHER ROADWAY OR MID-BLOCK COLLISION,REAR END,STRAIGHT & LEVEL,DAYLIGHT,,,8/4/2021 10:46:07 AM,False,95,Accepted
28463859,1200100,VERSAILLES POLICE DEPARTMENT,Accepted,WOODFORD,I 0064,,I64 E,,,,,I 0064,I64 E EXIT61 ON RAMP,I 0064,I64 E EXIT61 OFF RAMP,38.16995815,-84.767769492,60.31,8/2/2021 12:00:00 AM,1610.0,2,2,0,0,CLEAR,DRY,False,OTHER ROADWAY OR MID-BLOCK COLLISION,REAR END,STRAIGHT & LEVEL,DAYLIGHT,,,8/3/2021 4:25:52 PM,False,108,Accepted
28731702,KSP0300,KY STATE POLICE POST 03,Accepted,WARREN,I 0065,,I65 S,,,,,,,,,36.922781803,-86.425224187,21.463,8/2/2021 12:00:00 AM,1304.0,4,4,0,1,CLOUDY,DRY,False,REAR END IN TRAFFIC LANES BOTH VEHICLES MOVING,REAR END,STRAIGHT & LEVEL,DAYLIGHT,,,9/28/2021 8:15:55 AM,False,446,Accepted
28933840,0340200,LEXINGTON POLICE DEPARTMENT,Accepted,FAYETTE,I 0075,,I75 S,,,,,I 0075,I75 S EXIT99 OFF RAMP TO US25,I 0075,I75 S EXIT104 ON RAMP FROM KY418,37.929024841,-84.373654735,101.397,8/2/2021 12:00:00 AM,1811.0,2,2,0,0,CLEAR,DRY,True,REAR END IN TRAFFIC LANES BOTH VEHICLES MOVING,REAR END,STRAIGHT & LEVEL,DAYLIGHT,,,10/22/2021 7:42:14 AM,False,54526,Accepted
28463412,0470000,HARDIN COUNTY SHERIFF DEPT.,Accepted,HARDIN,I 0065,,,,,,,,,,,37.809704541,-85.742329394,0.549,8/2/2021 12:00:00 AM,1116.0,2,2,0,0,CLEAR,DRY,False,OTHER RAMP RELATED COLLISIONS NOT LISTED ABOVE,REAR END,CURVE & GRADE,DAYLIGHT,KY0313,I 0065,8/3/2021 2:50:50 PM,False,965,Accepted
28459269,0590300,ERLANGER POLICE DEPARTMENT,Accepted,KENTON,US0025,,DIXIE,HWY,,KY0236,COMMONWEALTH,,,,,39.0167289,-84.600477623,6.075,8/2/2021 12:00:00 AM,1103.0,2,2,0,0,CLEAR,DRY,False,SIDESWIPE-SAME DIRECTION,SIDESWIPE-SAME DIRECTION,STRAIGHT & LEVEL,DAYLIGHT,,,8/2/2021 2:55:48 PM,False,167,Accepted
28476044,1140000,WARREN COUNTY SHERIFF DEPT.,Accepted,WARREN,I 0065,2700,I65 S,,,,,,,,,36.986372235,-86.386547015,26.332,8/2/2021 12:00:00 AM,1455.0,2,2,0,0,CLEAR,DRY,False,SIDESWIPE COLLISION - SAME DIRECTION,SIDESWIPE-SAME DIRECTION,STRAIGHT & LEVEL,DAYLIGHT,,,8/6/2021 1:22:27 PM,False,430,Accepted
28485354,1110000,TRIGG COUNTY SHERIFF DEPT.,Accepted,TRIGG,I 0024,,I24 W,,,,,,,,,36.889205422,-87.746448592,64.536,8/1/2021 12:00:00 AM,1145.0,2,2,0,0,CLEAR,DRY,False,REAR END IN TRAFFIC LANES BOTH VEHICLES MOVING,REAR END,STRAIGHT & LEVEL,DAYLIGHT,,,8/9/2021 12:33:56 PM,False,205,Accepted
28462973,KSP0400,KY STATE POLICE POST 04,Accepted,HARDIN,I 0065,,I65 S,,,,,,,,,37.803621751,-85.748056023,102.474,8/1/2021 12:00:00 AM,1230.0,4,4,0,0,CLEAR,DRY,False,REAR END IN TRAFFIC LANES BOTH VEHICLES MOVING,REAR END,STRAIGHT & LEVEL,DAYLIGHT,,,8/3/2021 12:27:43 PM,False,292,Accepted
28457858,0730000,MCCRACKEN COUNTY SHERIFF DEPT.,Accepted,MCCRACKEN,I 0024,,I24 W,,,,,,,,,37.126709222,-88.689424447,0.875,7/31/2021 12:00:00 AM,1258.0,2,2,0,0,CLEAR,DRY,True,REAR END IN TRAFFIC LANES BOTH VEHICLES MOVING,REAR END,STRAIGHT & LEVEL,DAYLIGHT,,,8/2/2021 8:13:45 AM,False,21,Accepted