IncidentID,AgencyORI,AgencyName,IncidentStatusDesc,County,RdwyNumber,Street,RoadwayName,StreetSfx,StreetDir,IntersectionRdwy,IntersectionRdwyName,BetweenStRdwy1,BetweenStRdwyName1,BetweenStRdwy2,BetweenStRdwyName2,Latitude,Longitude,Milepoint,CollisionDate,CollisionTime,UnitsInvolved,MotorVehiclesInvolved,NumberKilled,NumberInjured,Weather,RdwyConditionCode,HitandRun,DirAnalysisCode,MannerofCollision,RdwyCharacter,LightCondition,RampFromRdwyId,RampToRdwyId,AcceptedDate,IsSecondaryCollision,OwnerBadge,IncidentStatus
28382618,0080200,FLORENCE POLICE DEPARTMENT,Accepted,BOONE,I 0075,,I75 S,,,,,,,,,38.987456613,-84.642821047,180.207,7/17/2021 12:00:00 AM,1930.0,2,2,0,0,CLOUDY,DRY,True,SIDESWIPE COLLISION - SAME DIRECTION,SIDESWIPE-SAME DIRECTION,STRAIGHT & GRADE,DAYLIGHT,,,7/19/2021 3:46:20 AM,False,16,Accepted
28388548,KSP0100,KY STATE POLICE POST 01,Accepted,TRIGG,I 0024,,I24 W,,,,,,,,,36.874741825,-87.722713096,66.2,7/17/2021 12:00:00 AM,1834.0,2,2,0,0,CLEAR,DRY,True,SIDESWIPE COLLISION - SAME DIRECTION,SIDESWIPE-SAME DIRECTION,STRAIGHT & LEVEL,DAYLIGHT,,,7/20/2021 12:42:15 PM,False,440,Accepted
28383376,0568000,LOUISVILLE METRO POLICE DEPT,Accepted,JEFFERSON,I 0264,,I264 W,,,I 0264,I264 W EXIT14 ON RAMP FROM KY864,,,,,38.193267717,-85.711645991,13.103,7/17/2021 12:00:00 AM,1516.0,2,2,0,0,CLEAR,DRY,False,OTHER INTERSECTION COLLISIONS,REAR END,STRAIGHT & LEVEL,DAYLIGHT,,,7/19/2021 8:15:04 AM,False,5384,Accepted
28378444,1050100,GEORGETOWN POLICE DEPARTMENT,Accepted,SCOTT,,112,FORDLAND,DR,,,,,,,,38.21785952,-84.560346566,0.101,7/16/2021 12:00:00 AM,836.0,2,2,0,0,CLEAR,DRY,False,1 VEHICLE PARKED POSITION (NOT PARKING LOT/DRIVEWAY),SIDESWIPE-OPPOSITE DIRECTION,STRAIGHT & LEVEL,DAYLIGHT,,,7/17/2021 1:12:48 PM,False,873,Accepted
28383682,1200100,VERSAILLES POLICE DEPARTMENT,Accepted,WOODFORD,,33,DELANEY FERRY,RD,,,,KY0033,TROY,,DELANEY,37.971784222,-84.719572147,1.963,7/16/2021 12:00:00 AM,745.0,2,2,0,0,CLEAR,DRY,False,SIDESWIPE COLLISION - OPPOSITE DIRECTION,SIDESWIPE-OPPOSITE DIRECTION,STRAIGHT & GRADE,DAYLIGHT,,,7/19/2021 9:22:25 AM,False,105,Accepted
28380940,0470100,ELIZABETHTOWN POLICE DEPT.,Accepted,HARDIN,US0031W,,DIXIE,AVE,N,,,KY3005,RING,,NALLS,37.728061281,-85.883853447,19.46,7/16/2021 12:00:00 AM,1555.0,4,4,0,3,CLOUDY,DRY,False,OTHER ROADWAY OR MID-BLOCK COLLISION,REAR END,STRAIGHT & LEVEL,DAYLIGHT,,,7/18/2021 3:25:27 PM,False,0152,Accepted
28385034,0080500,CINCINNATI-N KY INT AIRPORT PD,Accepted,BOONE,,,AIRFIELD,DR,S,,WENDELL H FORD,,,,,39.038894207,-84.657882536,1.082,7/16/2021 12:00:00 AM,2122.0,2,2,0,1,CLOUDY,DRY,False,OPPOSING LEFT TURN,OPPOSING LEFT TURN,STRAIGHT & LEVEL,DARK-HWY LIGHTED/ON,,,7/19/2021 2:55:42 PM,False,387,Accepted
28384152,0590100,COVINGTON POLICE DEPARTMENT,Accepted,KENTON,I 0075,,I75 N,,,,,,,,,39.064841539,-84.52126214,189.643,7/16/2021 12:00:00 AM,1529.0,2,2,0,0,RAINING,WET,False,REAR END IN TRAFFIC LANES BOTH VEHICLES MOVING,REAR END,STRAIGHT & GRADE,DAYLIGHT,,,7/19/2021 11:21:16 AM,False,0254,Accepted
28402638,0470100,ELIZABETHTOWN POLICE DEPT.,Accepted,HARDIN,US0031W,,DIXIE,AVE,N,,,KY3005,RING,,TOWNE CTR ENTRANCE,37.728748189,-85.88448454,19.524,7/16/2021 12:00:00 AM,1927.0,2,2,0,0,CLOUDY,DRY,False,1 VEHICLE ENTERING/LEAVING ENTRANCE,ANGLE,STRAIGHT & LEVEL,DAYLIGHT,,,7/23/2021 6:36:38 PM,False,0152,Accepted
28374313,0410100,WILLIAMSTOWN POLICE DEPARTMENT,Accepted,GRANT,US0025,,MAIN,ST,N,,,,,,,38.651814897,-84.570237223,12.568,7/15/2021 12:00:00 AM,1205.0,2,2,0,0,CLEAR,DRY,False,1 VEHICLE ENTERING/LEAVING ENTRANCE,ANGLE,STRAIGHT & LEVEL,DAYLIGHT,,,7/16/2021 5:58:38 AM,False,W409,Accepted
28374857,0680000,LEWIS COUNTY SHERIFF DEPT.,Accepted,LEWIS,KY0009,,GRAYSON,SPUR,,,,,,,,38.556454084,-83.246515131,5.881,7/15/2021 12:00:00 AM,1108.0,1,1,0,0,CLEAR,DRY,False,OTHER ROADWAY OR MID-BLOCK COLLISION,SINGLE VEHICLE,STRAIGHT & GRADE,DAYLIGHT,,,7/16/2021 8:51:25 AM,False,105,Accepted
28375200,KSP1600,KY STATE POLICE POST 16,Accepted,OHIO,WK9001,,WK9001 E,,,,,,,,,37.362999213,-86.85207772,73.974,7/14/2021 12:00:00 AM,940.0,1,1,0,0,CLEAR,DRY,False,OTHER ROADWAY OR MID-BLOCK COLLISION,SINGLE VEHICLE,STRAIGHT & LEVEL,DAYLIGHT,,,7/16/2021 10:41:50 AM,False,429,Accepted
28386186,0370200,KY STATE POLICE CVE,Accepted,LAUREL,I 0075,,I75 N,,,,,,,,,37.021010909,-84.099154627,31.979,7/14/2021 12:00:00 AM,1730.0,1,1,0,0,CLEAR,DRY,False,OTHER ROADWAY OR MID-BLOCK COLLISION,SINGLE VEHICLE,STRAIGHT & GRADE,DAYLIGHT,,,7/19/2021 8:41:44 PM,False,C-319,Accepted
28389827,0700000,LIVINGSTON COUNTY SHERIFF DEPT,Accepted,LIVINGSTON,KY1436,,PISGAH,RD,,KY0133,LOLA,,,,,37.348892065,-88.409255065,5.22,7/14/2021 12:00:00 AM,1511.0,2,2,0,0,CLEAR,OTHER,False,SIDESWIPE-SAME DIRECTION,SIDESWIPE-SAME DIRECTION,STRAIGHT & LEVEL,DAYLIGHT,,,7/20/2021 5:32:55 PM,False,9,Accepted
28378531,0470100,ELIZABETHTOWN POLICE DEPT.,Accepted,HARDIN,US0031W,,DIXIE,AVE,N,,,,STARLITE SHOPPING,,TOWNE,37.733756537,-85.88670455,19.886,7/14/2021 12:00:00 AM,1724.0,2,2,0,0,CLEAR,DRY,False,SIDESWIPE COLLISION - SAME DIRECTION,SIDESWIPE-SAME DIRECTION,CURVE & LEVEL,DAYLIGHT,,,7/17/2021 2:46:04 PM,False,0094,Accepted
28372230,0340200,LEXINGTON POLICE DEPARTMENT,Accepted,FAYETTE,,,CARLISLE,AVE,,,,,ORION,,NORTH,38.059913787,-84.474858568,0.106,7/14/2021 12:00:00 AM,1328.0,3,3,0,0,CLEAR,DRY,False,1 VEHICLE PARKED POSITION (NOT PARKING LOT/DRIVEWAY),BACKING,STRAIGHT & LEVEL,DAYLIGHT,,,7/15/2021 3:53:23 PM,False,57922,Accepted
28392792,0340200,LEXINGTON POLICE DEPARTMENT,Accepted,FAYETTE,KY0004,,NEW CIRCLE,RD,E,,,KY1974,TATES CREEK,KY0004,KY4 EXIT18 RAMP FROM KY1974,37.991096701,-84.492010861,17.647,7/14/2021 12:00:00 AM,1125.0,3,3,0,3,CLOUDY,DRY,False,REAR END IN TRAFFIC LANES BOTH VEHICLES MOVING,REAR END,STRAIGHT & LEVEL,DAYLIGHT,,,7/21/2021 11:28:58 AM,False,30541,Accepted
28447382,0240100,HOPKINSVILLE POLICE DEPARTMENT,Accepted,CHRISTIAN,US0068,,9TH,ST,W,,BETHEL,,,,,36.866032442,-87.489845752,10.812,7/13/2021 12:00:00 AM,1926.0,2,2,0,0,CLEAR,DRY,False,REAR END - ONE VEHICLE TURNING LEFT,REAR END,STRAIGHT & LEVEL,DAYLIGHT,,,7/29/2021 8:03:48 PM,False,461A,Accepted
28371459,0080000,BOONE COUNTY SHERIFF DEPT.,Accepted,BOONE,I 0075,,I75 S,,,,,,,,,38.922568783,-84.629937348,175.714,7/13/2021 12:00:00 AM,1655.0,2,2,0,0,RAINING,WET,False,REAR END IN TRAFFIC LANES BOTH VEHICLES MOVING,REAR END,STRAIGHT & LEVEL,DAYLIGHT,,,7/15/2021 11:53:04 AM,False,3713,Accepted
28392448,0240000,CHRISTIAN COUNTY SHERIFF OFFICE,Accepted,CHRISTIAN,KY0115,5036,PEMBROKE OAK GROVE,RD,,,,,,,,36.714661497,-87.379459592,5.616,7/13/2021 12:00:00 AM,1115.0,1,1,0,2,RAINING,WET,False,OTHER COLLISIONS ON SHOULDER,SINGLE VEHICLE,CURVE & GRADE,DAYLIGHT,,,7/21/2021 9:42:22 AM,False,649,Accepted
28361200,0340200,LEXINGTON POLICE DEPARTMENT,Accepted,FAYETTE,US0025,,VINE,ST,W,,UPPER,,,,,38.04653928,-84.498926131,13.976,7/12/2021 12:00:00 AM,1740.0,2,2,0,0,CLEAR,DRY,False,OTHER INTERSECTION COLLISIONS,REAR END,STRAIGHT & LEVEL,DAYLIGHT,,,7/12/2021 11:59:30 PM,False,58514,Accepted
28367625,1060100,SHELBYVILLE POLICE DEPARTMENT,Accepted,SHELBY,,78,7TH,ST,,,,,,,,38.214288146,-85.218576168,0.095,7/12/2021 12:00:00 AM,1450.0,2,2,0,0,CLEAR,DRY,False,1 VEHICLE ENTERING/LEAVING ENTRANCE,ANGLE,STRAIGHT & LEVEL,DARK-HWY NOT LIGHTED,,,7/14/2021 2:00:55 PM,False,206,Accepted
28363615,0340200,LEXINGTON POLICE DEPARTMENT,Accepted,FAYETTE,KY1977,,SPURR,RD,,,,,LUCILLE,KY1978,GREENDALE,38.106020696,-84.526701331,5.564,7/12/2021 12:00:00 AM,1520.0,3,3,0,1,CLEAR,DRY,False,OTHER ROADWAY OR MID-BLOCK COLLISION,REAR END,STRAIGHT & GRADE,DAYLIGHT,,,7/13/2021 2:28:57 PM,False,42205,Accepted
28361202,0340200,LEXINGTON POLICE DEPARTMENT,Accepted,FAYETTE,KY0004,,NEW CIRCLE,RD,W,,,,BOARDWALK,KY0004,KY4 EXIT9B RAMP FROM KY922 N,38.073153461,-84.486277952,9.819,7/12/2021 12:00:00 AM,1805.0,2,2,0,0,CLEAR,DRY,False,REAR END IN TRAFFIC LANES BOTH VEHICLES MOVING,REAR END,STRAIGHT & LEVEL,DAYLIGHT,,,7/12/2021 11:59:37 PM,False,56208,Accepted
28358000,0568000,LOUISVILLE METRO POLICE DEPT,Accepted,JEFFERSON,I 0264,@12.4,I264 W,,,,,,,,,38.19101684,-85.719776531,12.626,7/11/2021 12:00:00 AM,1510.0,3,3,0,1,CLEAR,DRY,False,REAR END IN TRAFFIC LANES BOTH VEHICLES MOVING,REAR END,STRAIGHT & LEVEL,DAYLIGHT,,,7/12/2021 8:41:05 AM,False,7398,Accepted
28357630,KSP0400,KY STATE POLICE POST 04,Accepted,HARDIN,I 0065,,I65 N,,,,,,,,,37.800485175,-85.749990359,102.212,7/11/2021 12:00:00 AM,1610.0,2,2,0,0,CLEAR,DRY,False,REAR END IN TRAFFIC LANES BOTH VEHICLES MOVING,REAR END,STRAIGHT & LEVEL,DAYLIGHT,,,7/12/2021 7:24:59 AM,False,875,Accepted
28357729,0590100,COVINGTON POLICE DEPARTMENT,Accepted,KENTON,I 0075,,I75 N,,,,,,,,,39.075831699,-84.519309962,190.448,7/11/2021 12:00:00 AM,1610.0,2,2,0,0,CLEAR,DRY,False,SIDESWIPE COLLISION - SAME DIRECTION,SIDESWIPE-SAME DIRECTION,CURVE & GRADE,DAYLIGHT,,,7/12/2021 7:54:49 AM,False,0310,Accepted
28359996,KSP0300,KY STATE POLICE POST 03,Accepted,WARREN,I 0065,,I65 S,,,,,,,,,36.965256874,-86.397810932,24.757,7/11/2021 12:00:00 AM,2036.0,2,2,0,0,CLEAR,DRY,False,SIDESWIPE COLLISION - SAME DIRECTION,SIDESWIPE-SAME DIRECTION,STRAIGHT & LEVEL,DARK-HWY NOT LIGHTED,,,7/12/2021 4:34:06 PM,False,261,Accepted
28357939,0568000,LOUISVILLE METRO POLICE DEPT,Accepted,JEFFERSON,,,BROADWAY,,W,,39TH,,,,,38.250179119,-85.816349425,1.532,7/10/2021 12:00:00 AM,1306.0,2,2,0,1,CLEAR,DRY,False,SIDESWIPE-SAME DIRECTION,SIDESWIPE-SAME DIRECTION,STRAIGHT & LEVEL,DAYLIGHT,,,7/12/2021 8:37:15 AM,False,5280,Accepted
28359995,KSP0300,KY STATE POLICE POST 03,Accepted,WARREN,I 0065,,I65 N,,,,,,,,,36.884577425,-86.443054859,18.649,7/10/2021 12:00:00 AM,1327.0,1,1,0,0,CLOUDY,WET,False,OTHER ROADWAY OR MID-BLOCK COLLISION,SINGLE VEHICLE,STRAIGHT & LEVEL,DAYLIGHT,,,7/12/2021 4:33:56 PM,False,446,Accepted
28360674,0080000,BOONE COUNTY SHERIFF DEPT.,Accepted,BOONE,I 0275,,I275 W,,,,,,,,,39.080494096,-84.715539399,7.313,7/10/2021 12:00:00 AM,1347.0,2,2,0,0,CLEAR,DRY,False,REAR END IN TRAFFIC LANES BOTH VEHICLES MOVING,REAR END,CURVE & GRADE,DAYLIGHT,,,7/12/2021 7:56:34 PM,False,3761,Accepted
28370843,0080000,BOONE COUNTY SHERIFF DEPT.,Accepted,BOONE,KY1017,,AERO,PKWY,,,,,,,,39.019017342,-84.647807269,1.854,7/9/2021 12:00:00 AM,1153.0,2,2,0,1,CLEAR,DRY,False,REAR END IN TRAFFIC LANES BOTH VEHICLES MOVING,REAR END,CURVE & LEVEL,DAYLIGHT,,,7/15/2021 8:58:37 AM,False,3734,Accepted
28355296,0730000,MCCRACKEN COUNTY SHERIFF DEPT.,Accepted,MCCRACKEN,I 0024,,I24 W,,,,,,,,,37.130685181,-88.688068753,0.589,7/9/2021 12:00:00 AM,1009.0,3,3,0,0,CLEAR,DRY,False,REAR END IN TRAFFIC LANES BOTH VEHICLES MOVING,REAR END,STRAIGHT & LEVEL,DAYLIGHT,,,7/11/2021 3:02:47 PM,False,34,Accepted
28352754,KSP0400,KY STATE POLICE POST 04,Accepted,HARDIN,I 0065,,I65 S,,,,,,,,,37.811315211,-85.74105701,103.129,7/9/2021 12:00:00 AM,1519.0,1,1,0,0,CLEAR,DRY,False,COLLISION WITH FIXED OBJECT NON - INTERSECTION - FIRST EVENT COLLISION 09 - 32 EXCLUDING 16,SINGLE VEHICLE,STRAIGHT & LEVEL,DAYLIGHT,,,7/10/2021 11:53:04 AM,False,292,Accepted
28345858,1180100,CORBIN POLICE DEPARTMENT,Accepted,WHITLEY,KY0312,,GORDON HILL,PIKE,,,,,,,,36.948394407,-84.103324347,2.17,7/8/2021 12:00:00 AM,1432.0,1,1,0,0,CLEAR,DRY,False,COLLISION WITH FIXED OBJECT NON - INTERSECTION - FIRST EVENT COLLISION 09 - 32 EXCLUDING 16,SINGLE VEHICLE,CURVE & LEVEL,DAYLIGHT,,,7/8/2021 5:00:37 PM,False,420,Accepted
28348311,KSP0200,KY STATE POLICE POST 02,Accepted,CHRISTIAN,I 0024,,I24 E,,,,,,,,,36.654588907,-87.366148329,91.629,7/8/2021 12:00:00 AM,1000.0,1,1,0,0,CLEAR,DRY,False,RAN OFF ROADWAY (1 VEHICLE WITH/EARTH EMBANKMENT/DITCH),SINGLE VEHICLE,STRAIGHT & GRADE,DAYLIGHT,,,7/9/2021 8:54:55 AM,False,1043,Accepted
28358798,0240000,CHRISTIAN COUNTY SHERIFF OFFICE,Accepted,CHRISTIAN,I 0024,,I24 E,,,,,,,,,36.699926772,-87.447908146,86.044,7/8/2021 12:00:00 AM,1632.0,2,2,0,0,CLOUDY,DRY,False,OTHER ROADWAY OR MID-BLOCK COLLISION,REAR END,STRAIGHT & LEVEL,DAYLIGHT,,,7/12/2021 11:10:00 AM,False,616,Accepted
28359605,0890200,CENTRAL CITY POLICE DEPARTMENT,Accepted,MUHLENBERG,US0062,1202,EVERLY BROTHERS,BLVD,,,,,,,,37.280677417,-87.13456508,16.908,7/7/2021 12:00:00 AM,1430.0,3,3,0,0,CLEAR,DRY,False,OTHER ROADWAY OR MID-BLOCK COLLISION,REAR END,STRAIGHT & LEVEL,DAYLIGHT,,,7/12/2021 2:44:55 PM,False,165,Accepted
28344720,0780100,LEBANON POLICE DEPARTMENT,Accepted,MARION,KY2154,,CORPORATE,DR,,,,,LEBANON MIDDLE SCHOOL,KY0055,SPALDING,37.586753174,-85.245499379,0.97,7/7/2021 12:00:00 AM,1404.0,2,2,0,0,CLEAR,DRY,False,REAR END IN TRAFFIC LANES BOTH VEHICLES MOVING,REAR END,CURVE & LEVEL,DAYLIGHT,,,7/8/2021 12:31:05 PM,False,19,Accepted
28345142,1200100,VERSAILLES POLICE DEPARTMENT,Accepted,WOODFORD,KY0033,,TROY,PIKE,,,,,PINCKARD PIKE,,SCOTTS FERRY EAST,38.017554897,-84.721819752,,7/7/2021 12:00:00 AM,935.0,2,2,0,0,CLEAR,DRY,False,1 VEHICLE ENTERING/LEAVING ENTRANCE,ANGLE,STRAIGHT & GRADE,DAYLIGHT,,,7/8/2021 2:20:35 PM,False,148,Accepted
28346427,0430100,LEITCHFIELD POLICE DEPARTMENT,Accepted,GRAYSON,US0062,,ELIZABETHTOWN,RD,,,WINDY POPLAR,,,,,37.490040044,-86.250747585,23.776,7/7/2021 12:00:00 AM,1412.0,2,2,0,0,CLEAR,DRY,False,OTHER INTERSECTION COLLISIONS,REAR END,STRAIGHT & GRADE,DAYLIGHT,,,7/8/2021 7:53:16 PM,False,22,Accepted
28358917,0540100,MADISONVILLE POLICE DEPT.,Accepted,HOPKINS,US0041A,,NEBO,RD,,KY1581,PRIDE,,,,,37.34644177,-87.504601876,0.369,7/7/2021 12:00:00 AM,1017.0,2,2,0,0,CLEAR,DRY,False,OTHER INTERSECTION COLLISIONS,REAR END,STRAIGHT & LEVEL,DAYLIGHT,,,7/12/2021 11:53:41 AM,False,31,Accepted
28357912,0568000,LOUISVILLE METRO POLICE DEPT,Accepted,JEFFERSON,,,7TH,ST,S,,PIKE,,,,,38.256469072,-85.761616109,2.72,7/6/2021 12:00:00 AM,1103.0,2,2,0,0,CLEAR,DRY,False,COLLISION WITH PARKED VEHICLE,ANGLE,STRAIGHT & LEVEL,DAYLIGHT,,,7/12/2021 8:35:42 AM,False,5168,Accepted
28339619,0590100,COVINGTON POLICE DEPARTMENT,Accepted,KENTON,I 0075,,I75 N,,,,,,,,,39.078085978,-84.520634916,190.625,7/6/2021 12:00:00 AM,959.0,2,2,0,0,CLEAR,DRY,False,REAR END IN TRAFFIC LANES BOTH VEHICLES MOVING,REAR END,STRAIGHT & LEVEL,DAYLIGHT,,,7/7/2021 9:23:53 AM,False,0254,Accepted
29557524,0170000,CALDWELL COUNTY SHERIFF,Accepted,CALDWELL,I 0024,,I24 W,,,,,,,,,36.959528385,-87.855451497,56.786,7/5/2021 12:00:00 AM,1507.0,2,2,0,0,CLEAR,DRY,False,REAR END IN TRAFFIC LANES BOTH VEHICLES MOVING,REAR END,CURVE & LEVEL,DAYLIGHT,,,1/10/2022 3:29:08 PM,False,49,Accepted
28334456,KSP0400,KY STATE POLICE POST 04,Accepted,HARDIN,I 0065,,I65 N,,,,,,,,,37.809392338,-85.742753622,102.969,7/5/2021 12:00:00 AM,1230.0,3,3,0,0,CLEAR,DRY,False,REAR END IN TRAFFIC LANES BOTH VEHICLES MOVING,REAR END,STRAIGHT & LEVEL,DAYLIGHT,,,7/6/2021 7:26:58 AM,False,905,Accepted
28339791,0080200,FLORENCE POLICE DEPARTMENT,Accepted,BOONE,I 0075,,I75 N,,,,,,,,,38.984970881,-84.641549689,180.026,7/5/2021 12:00:00 AM,1115.0,2,2,0,1,CLEAR,DRY,False,REAR END IN TRAFFIC LANES BOTH VEHICLES MOVING,REAR END,STRAIGHT & LEVEL,DAYLIGHT,,,7/7/2021 9:57:52 AM,False,65,Accepted
28335763,0240000,CHRISTIAN COUNTY SHERIFF OFFICE,Accepted,CHRISTIAN,I 0024,86 MM,I24 E,,,,,,,,,36.699548313,-87.446239684,86.139,7/5/2021 12:00:00 AM,1729.0,2,2,0,0,CLEAR,DRY,False,REAR END IN TRAFFIC LANES BOTH VEHICLES MOVING,REAR END,STRAIGHT & LEVEL,DAYLIGHT,,,7/6/2021 11:51:45 AM,False,618,Accepted
28359997,KSP0300,KY STATE POLICE POST 03,Accepted,WARREN,I 0065,,I65 N,,,,,,,,,36.93946992,-86.415115804,22.749,7/5/2021 12:00:00 AM,1354.0,4,4,0,0,CLEAR,DRY,False,REAR END IN TRAFFIC LANES BOTH VEHICLES MOVING,REAR END,STRAIGHT & GRADE,DAYLIGHT,,,7/12/2021 4:34:15 PM,False,585,Accepted
29557515,0170000,CALDWELL COUNTY SHERIFF,Accepted,CALDWELL,I 0024,,I24 W,,,,,,,,,36.969083939,-87.880221451,55.321,7/4/2021 12:00:00 AM,1124.0,1,1,0,1,CLEAR,DRY,False,OTHER ROADWAY OR MID-BLOCK COLLISION,SINGLE VEHICLE,STRAIGHT & LEVEL,DAYLIGHT,,,1/10/2022 3:28:55 PM,False,49,Accepted
28344077,KSP1100,KY STATE POLICE POST 11,Accepted,LAUREL,I 0075,,I75 N,,,,,,,,,37.152297112,-84.112112051,41.119,7/4/2021 12:00:00 AM,116.0,1,1,0,0,CLEAR,DRY,False,OTHER ROADWAY OR MID-BLOCK COLLISION,SINGLE VEHICLE,CURVE & GRADE,DARK-HWY NOT LIGHTED,,,7/8/2021 9:37:15 AM,False,643,Accepted
28339584,0470000,HARDIN COUNTY SHERIFF DEPT.,Accepted,HARDIN,I 0065,,,,,,,,,,,37.809649265,-85.742480413,0.54,7/4/2021 12:00:00 AM,648.0,1,1,0,0,CLEAR,DRY,False,OTHER RAMP RELATED COLLISIONS NOT LISTED ABOVE,SINGLE VEHICLE,CURVE & LEVEL,DAYLIGHT,KY0313,I 0065,7/7/2021 9:21:40 AM,False,958,Accepted
28330795,1200100,VERSAILLES POLICE DEPARTMENT,Accepted,WOODFORD,US0060,,FRANKFORT,RD,,US0062,US62 TURN LANE,,,,,38.067254935,-84.737131979,7.721,7/3/2021 12:00:00 AM,430.0,1,1,0,0,CLEAR,DRY,False,OTHER INTERSECTION COLLISIONS,SINGLE VEHICLE,CURVE & LEVEL,DARK-HWY NOT LIGHTED,,,7/5/2021 9:18:35 AM,False,124,Accepted
28334452,KSP0400,KY STATE POLICE POST 04,Accepted,HARDIN,I 0065,,I65 S,,,,,,,,,37.812659936,-85.739694662,103.248,7/3/2021 12:00:00 AM,1735.0,2,2,0,0,CLEAR,DRY,False,SIDESWIPE COLLISION - SAME DIRECTION,SIDESWIPE-SAME DIRECTION,STRAIGHT & LEVEL,DAYLIGHT,,,7/6/2021 7:26:52 AM,False,292,Accepted
28330705,KSP0300,KY STATE POLICE POST 03,Accepted,WARREN,I 0065,,I65 N,,,,,,,,,36.949470843,-86.409001412,23.519,7/2/2021 12:00:00 AM,1430.0,2,2,0,0,CLOUDY,DRY,False,SIDESWIPE COLLISION - SAME DIRECTION,SIDESWIPE-SAME DIRECTION,STRAIGHT & LEVEL,DAYLIGHT,,,7/5/2021 8:45:00 AM,False,446,Accepted
28335760,0240000,CHRISTIAN COUNTY SHERIFF OFFICE,Accepted,CHRISTIAN,I 0024,,I24 E,,,,,,,,,36.684945111,-87.410782163,88.354,7/2/2021 12:00:00 AM,1648.0,2,2,0,0,CLEAR,DRY,False,REAR END IN TRAFFIC LANES BOTH VEHICLES MOVING,REAR END,STRAIGHT & LEVEL,DAYLIGHT,,,7/6/2021 11:51:31 AM,False,618,Accepted
28335761,0240000,CHRISTIAN COUNTY SHERIFF OFFICE,Accepted,CHRISTIAN,I 0024,89 MM,I24 E,,,,,,,,,36.677386193,-87.394943821,89.384,7/2/2021 12:00:00 AM,1804.0,2,2,0,0,CLEAR,DRY,False,REAR END IN TRAFFIC LANES BOTH VEHICLES MOVING,REAR END,STRAIGHT & LEVEL,DAYLIGHT,,,7/6/2021 11:51:40 AM,False,618,Accepted
28335756,0240000,CHRISTIAN COUNTY SHERIFF OFFICE,Accepted,CHRISTIAN,I 0024,,I24 E,,,,,,,,,36.67916005,-87.398858725,89.137,7/1/2021 12:00:00 AM,2209.0,2,2,0,0,CLEAR,DRY,False,REAR END IN TRAFFIC LANES BOTH VEHICLES MOVING,REAR END,STRAIGHT & LEVEL,DARK-HWY NOT LIGHTED,,,7/6/2021 11:51:08 AM,False,616,Accepted
28330791,1200100,VERSAILLES POLICE DEPARTMENT,Accepted,WOODFORD,US0060,,FRANKFORT,RD,,US0060,US60 CROSSOVER,,,,,38.065074815,-84.735015073,7.948,7/1/2021 12:00:00 AM,1907.0,2,2,0,0,CLEAR,WET,False,SIDESWIPE-SAME DIRECTION,SIDESWIPE-SAME DIRECTION,STRAIGHT & LEVEL,DAYLIGHT,,,7/5/2021 9:18:20 AM,False,156,Accepted
28322365,0190500,HIGHLAND HEIGHTS POLICE DEPT.,Accepted,CAMPBELL,US0027,,ALEXANDRIA,PIKE,,,,,,,,39.035281567,-84.454144963,16.633,7/1/2021 12:00:00 AM,1414.0,2,2,0,0,RAINING,WET,True,OTHER ROADWAY OR MID-BLOCK COLLISION,REAR END,STRAIGHT & LEVEL,DAYLIGHT,,,7/2/2021 11:04:51 AM,False,505,Accepted
28334807,0568000,LOUISVILLE METRO POLICE DEPT,Accepted,JEFFERSON,KY1694,,BROWNSBORO,RD,,,,,FEATHERBELL,,SUMMIT PARK,38.320762987,-85.561475167,0.356,7/1/2021 12:00:00 AM,2341.0,1,1,0,0,CLEAR,WET,False,COLLISION WITH FIXED OBJECT NON - INTERSECTION - FIRST EVENT COLLISION 09 - 32 EXCLUDING 16,SINGLE VEHICLE,STRAIGHT & HILLCREST,DARK-HWY NOT LIGHTED,,,7/6/2021 8:59:35 AM,False,7369,Accepted
28362554,0240000,CHRISTIAN COUNTY SHERIFF OFFICE,Accepted,CHRISTIAN,I 0024,,I24 E,,,,,I 0024,I24 E EXIT86 ON RAMP FROM US41A,I 0024,I24 TURN AROUND87,36.697274743,-87.440991745,86.47,7/1/2021 12:00:00 AM,1420.0,2,2,0,0,RAINING,WET,False,SIDESWIPE COLLISION - SAME DIRECTION,SIDESWIPE-SAME DIRECTION,STRAIGHT & LEVEL,DAYLIGHT,,,7/13/2021 9:39:02 AM,False,609,Accepted
28328540,KSP0300,KY STATE POLICE POST 03,Accepted,WARREN,I 0065,,I65 N,,,,,,,,,36.929155771,-86.421162521,21.962,7/1/2021 12:00:00 AM,1525.0,2,2,0,0,RAINING,WET,True,SIDESWIPE COLLISION - SAME DIRECTION,SIDESWIPE-SAME DIRECTION,STRAIGHT & LEVEL,DAYLIGHT,,,7/4/2021 3:58:24 PM,False,957,Accepted