IncidentID,AgencyORI,AgencyName,IncidentStatusDesc,County,RdwyNumber,Street,RoadwayName,StreetSfx,StreetDir,IntersectionRdwy,IntersectionRdwyName,BetweenStRdwy1,BetweenStRdwyName1,BetweenStRdwy2,BetweenStRdwyName2,Latitude,Longitude,Milepoint,CollisionDate,CollisionTime,UnitsInvolved,MotorVehiclesInvolved,NumberKilled,NumberInjured,Weather,RdwyConditionCode,HitandRun,DirAnalysisCode,MannerofCollision,RdwyCharacter,LightCondition,RampFromRdwyId,RampToRdwyId,AcceptedDate,IsSecondaryCollision,OwnerBadge,IncidentStatus
28335751,0240000,CHRISTIAN COUNTY SHERIFF OFFICE,Accepted,CHRISTIAN,I 0024,,I24 E,,,,,,,,,36.705247035,-87.461716491,85.191,7/1/2021 12:00:00 AM,1050.0,2,2,0,0,RAINING,WET,False,SIDESWIPE COLLISION - SAME DIRECTION,SIDESWIPE-SAME DIRECTION,STRAIGHT & LEVEL,DAYLIGHT,,,7/6/2021 11:50:42 AM,False,623,Accepted
28321713,0340200,LEXINGTON POLICE DEPARTMENT,Accepted,FAYETTE,US0060,,VERSAILLES,RD,,,,,VILEY,,COLONIAL,38.046077592,-84.560493549,4.976,7/1/2021 12:00:00 AM,751.0,1,1,0,0,RAINING,WET,False,COLLISION WITH NON-FIXED OBJECT ,SINGLE VEHICLE,STRAIGHT & LEVEL,DAYLIGHT,,,7/2/2021 6:17:26 AM,False,42825,Accepted
28318490,0080000,BOONE COUNTY SHERIFF DEPT.,Accepted,BOONE,I 0075,,I75 S,,,,,,,,,38.913796797,-84.628774345,175.11,6/30/2021 12:00:00 AM,1328.0,1,1,0,0,CLEAR,DRY,False,OTHER ROADWAY OR MID-BLOCK COLLISION,SINGLE VEHICLE,STRAIGHT & LEVEL,DAYLIGHT,,,7/1/2021 9:38:44 AM,False,3743,Accepted
28320690,0590400,FT. WRIGHT POLICE DEPARTMENT,Accepted,KENTON,I 0075,,I75 N,,,,,I 0075,I75 N EXIT189 OFF RAMP TO  KYLES LN,I 0075,I75 N EXIT189 ON RAMP FROM  KYLES LN,39.059095053,-84.537725043,188.631,6/30/2021 12:00:00 AM,1101.0,1,1,0,0,RAINING,WET,False,OTHER ROADWAY OR MID-BLOCK COLLISION,SINGLE VEHICLE,STRAIGHT & GRADE,DAYLIGHT,,,7/1/2021 9:50:59 PM,False,406,Accepted
28318329,0240000,CHRISTIAN COUNTY SHERIFF OFFICE,Accepted,CHRISTIAN,KY0115,,PEMBROKE OAK GROVE,RD,,,,,PRUITT,,ANDERSON,36.743505094,-87.377047868,7.698,6/30/2021 12:00:00 AM,711.0,2,2,0,0,CLOUDY,DRY,False,SIDESWIPE COLLISION - SAME DIRECTION,SIDESWIPE-SAME DIRECTION,CURVE & LEVEL,DAYLIGHT,,,7/1/2021 8:58:22 AM,False,623,Accepted
28331658,0370200,KY STATE POLICE CVE,Accepted,WHITLEY,I 0075,,I75 N,,,,,,,,,36.669507223,-84.134563488,5.986,6/30/2021 12:00:00 AM,1530.0,2,2,0,2,CLEAR,DRY,True,SIDESWIPE COLLISION - SAME DIRECTION,SIDESWIPE-SAME DIRECTION,STRAIGHT & LEVEL,DAYLIGHT,,,7/5/2021 3:07:45 PM,True,C-357,Accepted
28321405,0930400,OLDHAM COUNTY POLICE DEPT.,Accepted,OLDHAM,I 0071,,I71 S,,,,,,,,,38.335447576,-85.530433197,12.266,6/30/2021 12:00:00 AM,235.0,2,2,0,0,CLEAR,DRY,False,SIDESWIPE COLLISION - SAME DIRECTION,SIDESWIPE-SAME DIRECTION,STRAIGHT & LEVEL,DARK-HWY NOT LIGHTED,,,7/2/2021 4:25:43 AM,False,3104,Accepted
28319902,0730100,PADUCAH POLICE DEPARTMENT,Accepted,MCCRACKEN,I 0024,,I24 W,,,,,,,,,37.099081251,-88.688589099,2.851,6/30/2021 12:00:00 AM,1125.0,2,2,0,1,CLEAR,DRY,False,OTHER ROADWAY OR MID-BLOCK COLLISION,REAR END,STRAIGHT & LEVEL,DAYLIGHT,,,7/1/2021 4:36:19 PM,False,390,Accepted
28323605,0190500,HIGHLAND HEIGHTS POLICE DEPT.,Accepted,CAMPBELL,US0027,,ALEXANDRIA,PIKE,,,,,,,,39.031444846,-84.452056722,16.326,6/30/2021 12:00:00 AM,1316.0,2,2,0,0,CLEAR,DRY,False,OTHER ROADWAY OR MID-BLOCK COLLISION,REAR END,STRAIGHT & LEVEL,DAYLIGHT,,,7/2/2021 5:09:47 PM,False,507,Accepted
28322532,0970100,HAZARD POLICE DEPARTMENT,Accepted,PERRY,KY0015,,KY15,,N,,,,,,,37.260759801,-83.200251452,12.806,6/29/2021 12:00:00 AM,1305.0,2,2,0,0,CLEAR,DRY,False,REAR END IN TRAFFIC LANES BOTH VEHICLES MOVING,REAR END,STRAIGHT & LEVEL,DAYLIGHT,,,7/2/2021 11:34:49 AM,False,418,Accepted
28314456,0340200,LEXINGTON POLICE DEPARTMENT,Accepted,FAYETTE,US0025,,GEORGETOWN,RD,,,MERCER,,,,,38.076388498,-84.506641698,16.286,6/29/2021 12:00:00 AM,1708.0,2,2,0,0,CLEAR,DRY,False,ANGLE COLLISION - OTHER,ANGLE,STRAIGHT & LEVEL,DAYLIGHT,,,6/30/2021 11:25:34 AM,False,56413,Accepted
28340420,0760300,EASTERN KY UNIVERSITY POLICE,Accepted,MADISON,,,VAN HOOSE,DR,,,,,,,,37.736014259,-84.291903893,0.36,6/29/2021 12:00:00 AM,822.0,2,2,0,0,CLEAR,DRY,False,VEHICLE BACKING NON INTERSECTION,BACKING,STRAIGHT & GRADE,DAYLIGHT,,,7/7/2021 12:49:59 PM,False,134,Accepted
28366954,KSP0500,KY STATE POLICE POST 05,Accepted,CARROLL,I 0071,,I71 S,,,,,,,,,38.647210226,-85.121393689,44.339,6/29/2021 12:00:00 AM,1301.0,2,2,0,0,CLEAR,DRY,True,SIDESWIPE COLLISION - SAME DIRECTION,SIDESWIPE-SAME DIRECTION,CURVE & LEVEL,DAYLIGHT,,,7/14/2021 10:38:50 AM,False,1215,Accepted
28315493,0300100,OWENSBORO POLICE DEPARTMENT,Accepted,DAVIESS,KY2831,,FREDERICA,ST,,,14TH,,,,,37.762863208,-87.112455653,2.455,6/29/2021 12:00:00 AM,807.0,2,2,0,0,CLEAR,DRY,False,SIDESWIPE-SAME DIRECTION,SIDESWIPE-SAME DIRECTION,STRAIGHT & LEVEL,DAYLIGHT,,,6/30/2021 3:30:06 PM,False,324,Accepted
28322688,0370200,KY STATE POLICE CVE,Accepted,LAUREL,I 0075,,I75 S,,,,,,,,,37.034118246,-84.098629064,32.895,6/29/2021 12:00:00 AM,1200.0,2,2,0,0,CLEAR,DRY,False,SIDESWIPE COLLISION - SAME DIRECTION,SIDESWIPE-SAME DIRECTION,STRAIGHT & LEVEL,DAYLIGHT,,,7/2/2021 12:38:50 PM,False,C-357,Accepted
28313566,0930400,OLDHAM COUNTY POLICE DEPT.,Accepted,OLDHAM,I 0071,,I71 N,,,,,I 0071,I71 N REST AREA13 OFF RAMP,I 0071,I71 N REST AREA13 OFF RAMP,38.335402373,-85.526299196,12.432,6/29/2021 12:00:00 AM,821.0,1,1,0,0,CLEAR,DRY,False,OTHER ROADWAY OR MID-BLOCK COLLISION,SINGLE VEHICLE,STRAIGHT & GRADE,DAYLIGHT,,,6/30/2021 7:23:11 AM,False,3071,Accepted
28313781,0568000,LOUISVILLE METRO POLICE DEPT,Accepted,JEFFERSON,I 0265,,I265 S,,,,,,,,,38.224133122,-85.50558905,25.543,6/29/2021 12:00:00 AM,921.0,1,1,0,0,CLEAR,DRY,False,OTHER ROADWAY OR MID-BLOCK COLLISION,SINGLE VEHICLE,STRAIGHT & LEVEL,DAYLIGHT,,,6/30/2021 8:45:12 AM,False,4903,Accepted
28313987,0240000,CHRISTIAN COUNTY SHERIFF OFFICE,Accepted,CHRISTIAN,I 0024,89MM,I24 E,,,,,,,,,36.684986687,-87.411465149,88.322,6/28/2021 12:00:00 AM,1250.0,1,1,0,0,CLEAR,DRY,True,OTHER ROADWAY OR MID-BLOCK COLLISION,SINGLE VEHICLE,STRAIGHT & LEVEL,DAYLIGHT,,,6/30/2021 9:37:13 AM,False,605-A,Accepted
28449122,1160000,WAYNE COUNTY SHERIFF DEPT.,Accepted,WAYNE,KY0090,,KY90,,,,,,,,,36.909592939,-84.77578839,17.871,6/28/2021 12:00:00 AM,924.0,1,1,0,0,CLEAR,DRY,True,OTHER ROADWAY OR MID-BLOCK COLLISION,SINGLE VEHICLE,STRAIGHT & LEVEL,DAYLIGHT,,,7/30/2021 9:04:43 AM,False,1562,Accepted
28307358,0340200,LEXINGTON POLICE DEPARTMENT,Accepted,FAYETTE,KY1973,,CLEVELAND,RD,N,,,US0060,WINCHESTER,KY1927,TODDS,38.028590059,-84.356414052,7.524,6/28/2021 12:00:00 AM,935.0,2,2,0,0,CLEAR,DRY,False,1 VEHICLE PARKED POSITION (NOT PARKING LOT/DRIVEWAY),SIDESWIPE-OPPOSITE DIRECTION,STRAIGHT & LEVEL,DAYLIGHT,,,6/28/2021 7:16:29 PM,False,30541,Accepted
28309314,0590100,COVINGTON POLICE DEPARTMENT,Accepted,KENTON,I 0075,,I75 N,,,,,,,,,39.076766804,-84.519780599,190.519,6/28/2021 12:00:00 AM,1310.0,2,2,0,0,CLOUDY,DRY,False,SIDESWIPE COLLISION - SAME DIRECTION,SIDESWIPE-SAME DIRECTION,STRAIGHT & LEVEL,DAYLIGHT,,,6/29/2021 8:48:32 AM,False,0230,Accepted
28307759,0370200,KY STATE POLICE CVE,Accepted,WHITLEY,I 0075,,I75 N,,,,,,,,,36.6265759,-84.111172309,2.517,6/28/2021 12:00:00 AM,42.0,2,2,0,0,CLEAR,DRY,False,OTHER COLLISIONS ON SHOULDER,ANGLE,STRAIGHT & LEVEL,DARK-HWY NOT LIGHTED,,,6/28/2021 10:30:48 PM,True,C-344,Accepted
28314216,KSP1100,KY STATE POLICE POST 11,Accepted,WHITLEY,I 0075,,I75 N,,,,,,,,,36.608228935,-84.105816266,1.168,6/28/2021 12:00:00 AM,1540.0,2,2,0,0,CLOUDY,DRY,False,REAR END IN TRAFFIC LANES BOTH VEHICLES MOVING,REAR END,STRAIGHT & GRADE,DAYLIGHT,,,6/30/2021 10:22:36 AM,False,199,Accepted
28307431,0470100,ELIZABETHTOWN POLICE DEPT.,Accepted,HARDIN,US0031W,,DIXIE,AVE,N,,,,WALMART,,WALMART,37.731187592,-85.885435557,19.7,6/28/2021 12:00:00 AM,1132.0,2,2,0,0,CLEAR,DRY,False,REAR END IN TRAFFIC LANES BOTH VEHICLES MOVING,REAR END,STRAIGHT & LEVEL,DAYLIGHT,,,6/28/2021 7:43:23 PM,False,0107,Accepted
28314229,KSP1100,KY STATE POLICE POST 11,Accepted,WHITLEY,I 0075,,I75 N,,,,,,,,,36.674793937,-84.133226622,6.357,6/28/2021 12:00:00 AM,1937.0,2,2,0,0,CLEAR,DRY,False,REAR END IN TRAFFIC LANES BOTH VEHICLES MOVING,REAR END,STRAIGHT & LEVEL,DAYLIGHT,,,6/30/2021 10:27:55 AM,False,809,Accepted
28313986,0240000,CHRISTIAN COUNTY SHERIFF OFFICE,Accepted,CHRISTIAN,I 0024,86MM,I24 E,,,,,,,,,36.705481378,-87.462413408,85.149,6/27/2021 12:00:00 AM,1214.0,2,2,0,0,CLEAR,DRY,False,REAR END IN TRAFFIC LANES BOTH VEHICLES MOVING,REAR END,STRAIGHT & LEVEL,DAYLIGHT,,,6/30/2021 9:37:03 AM,False,605-A,Accepted
28309097,0150100,SHEPHERDSVILLE POLICE DEPT.,Accepted,BULLITT,I 0065,,I65 N,,,,,,,,,37.842350376,-85.715813627,105.781,6/27/2021 12:00:00 AM,1308.0,2,2,0,0,CLEAR,DRY,True,SIDESWIPE COLLISION - SAME DIRECTION,SIDESWIPE-SAME DIRECTION,STRAIGHT & LEVEL,DAYLIGHT,,,6/29/2021 7:18:20 AM,False,089,Accepted
28304732,0568000,LOUISVILLE METRO POLICE DEPT,Accepted,JEFFERSON,US0031W,,MARKET,ST,W,,5TH,,,,,38.255404896,-85.758420641,21.76,6/27/2021 12:00:00 AM,3.0,2,2,0,0,CLEAR,OTHER,False,SIDESWIPE-SAME DIRECTION,SIDESWIPE-SAME DIRECTION,STRAIGHT & LEVEL,DARK-HWY LIGHTED/ON,,,6/28/2021 8:40:00 AM,False,7111,Accepted
28309096,0150100,SHEPHERDSVILLE POLICE DEPT.,Accepted,BULLITT,I 0065,,I65 S,,,,,,,,,37.841274381,-85.716688015,105.688,6/27/2021 12:00:00 AM,1347.0,2,2,0,0,CLEAR,DRY,True,OTHER COLLISIONS ON SHOULDER,SIDESWIPE-SAME DIRECTION,STRAIGHT & LEVEL,DAYLIGHT,,,6/29/2021 7:18:13 AM,False,089,Accepted
28304746,0568000,LOUISVILLE METRO POLICE DEPT,Accepted,JEFFERSON,US0031E,,BARDSTOWN,RD,,,SPEED,,,,,38.228552484,-85.701215577,14.134,6/27/2021 12:00:00 AM,312.0,1,1,0,0,CLEAR,DRY,False,OTHER INTERSECTION COLLISIONS,SINGLE VEHICLE,STRAIGHT & LEVEL,DARK-HWY LIGHTED/ON,,,6/28/2021 8:40:49 AM,False,5274,Accepted
28301860,0560400,SHIVELY POLICE DEPARTMENT,Accepted,JEFFERSON,I 0264,,,,,,,,,,,38.185143899,-85.813646928,0.284,6/26/2021 12:00:00 AM,852.0,2,2,0,0,CLEAR,DRY,True,OTHER RAMP RELATED COLLISIONS NOT LISTED ABOVE,SIDESWIPE-SAME DIRECTION,STRAIGHT & HILLCREST,DAYLIGHT,US31W S,I 0264,6/27/2021 2:50:20 PM,False,7134,Accepted
28304809,0080200,FLORENCE POLICE DEPARTMENT,Accepted,BOONE,I 0075,,I75 S,,,,,,,,,38.984857524,-84.641795807,180.023,6/26/2021 12:00:00 AM,850.0,2,2,0,0,CLEAR,DRY,False,SIDESWIPE COLLISION - SAME DIRECTION,SIDESWIPE-SAME DIRECTION,STRAIGHT & LEVEL,DAYLIGHT,,,6/28/2021 8:55:17 AM,False,40,Accepted
28318326,KSP0200,KY STATE POLICE POST 02,Accepted,CHRISTIAN,I 0024,,I24 E,,,,,,,,,36.695145674,-87.435592818,86.805,6/26/2021 12:00:00 AM,915.0,2,2,0,0,CLEAR,DRY,False,REAR END IN TRAFFIC LANES BOTH VEHICLES MOVING,REAR END,STRAIGHT & LEVEL,DAYLIGHT,,,7/1/2021 8:57:22 AM,False,449,Accepted
29619271,1160000,WAYNE COUNTY SHERIFF DEPT.,Accepted,WAYNE,KY0090,,KY90,,,,,,,,,36.898229995,-84.790856843,16.683,6/26/2021 12:00:00 AM,858.0,2,2,0,0,CLEAR,DRY,False,REAR END IN TRAFFIC LANES BOTH VEHICLES MOVING,REAR END,STRAIGHT & GRADE,DAYLIGHT,,,1/24/2022 12:05:27 PM,False,1557,Accepted
28318327,KSP0200,KY STATE POLICE POST 02,Accepted,CHRISTIAN,I 0024,,I24 E,,,,,,,,,36.703907364,-87.458281571,85.404,6/26/2021 12:00:00 AM,1522.0,2,2,0,0,CLEAR,DRY,False,VEHICLE BACKING NON INTERSECTION,BACKING,STRAIGHT & GRADE,DAYLIGHT,,,7/1/2021 8:57:27 AM,False,449,Accepted
28304441,KSP0400,KY STATE POLICE POST 04,Accepted,HARDIN,I 0065,,I65 N,,,,,,,,,37.799819865,-85.750370793,102.158,6/25/2021 12:00:00 AM,1233.0,2,2,0,0,CLOUDY,DRY,True,REAR END IN TRAFFIC LANES BOTH VEHICLES MOVING,REAR END,STRAIGHT & LEVEL,DAYLIGHT,,,6/28/2021 7:46:37 AM,False,434,Accepted
28330998,1200100,VERSAILLES POLICE DEPARTMENT,Accepted,WOODFORD,US0060,,FRANKFORT,RD,,,,US0062,MIDWAY,US0062,US62 TURN LANE,38.068795386,-84.737901119,7.578,6/25/2021 12:00:00 AM,1701.0,2,2,0,0,CLEAR,DRY,False,REAR END IN TRAFFIC LANES BOTH VEHICLES MOVING,REAR END,STRAIGHT & LEVEL,DAYLIGHT,,,7/5/2021 10:22:27 AM,False,142,Accepted
28309610,KSP0400,KY STATE POLICE POST 04,Accepted,HARDIN,I 0065,,I65 S,,,,,,,,,37.809333301,-85.743031872,102.956,6/25/2021 12:00:00 AM,1251.0,2,2,0,0,CLEAR,DRY,False,OTHER ROADWAY OR MID-BLOCK COLLISION,REAR END,STRAIGHT & LEVEL,DAYLIGHT,,,6/29/2021 10:07:40 AM,False,370,Accepted
28310595,0370200,KY STATE POLICE CVE,Accepted,LAUREL,I 0075,,I75 N,,,,,,,,,37.026856138,-84.098055548,32.387,6/25/2021 12:00:00 AM,1014.0,3,3,0,2,CLEAR,DRY,False,OTHER ROADWAY OR MID-BLOCK COLLISION,REAR END,STRAIGHT & LEVEL,DAYLIGHT,,,6/29/2021 2:29:45 PM,False,C-362,Accepted
28319423,KSP0300,KY STATE POLICE POST 03,Accepted,SIMPSON,I 0065,,I65 S,,,,,,,,,36.671167668,-86.55162541,2.48,6/25/2021 12:00:00 AM,20.0,2,2,0,0,CLEAR,DRY,True,SIDESWIPE COLLISION - SAME DIRECTION,SIDESWIPE-SAME DIRECTION,STRAIGHT & LEVEL,DARK-HWY LIGHTED/ON,,,7/1/2021 2:14:01 PM,False,295,Accepted
28305707,0470000,HARDIN COUNTY SHERIFF DEPT.,Accepted,HARDIN,I 0065,,I65 S,,,,,,,,,37.791624055,-85.756576334,101.47,6/24/2021 12:00:00 AM,1320.0,2,1,0,0,CLEAR,DRY,False,SIDESWIPE COLLISION - SAME DIRECTION,SIDESWIPE-SAME DIRECTION,STRAIGHT & GRADE,DAYLIGHT,,,6/28/2021 11:33:40 AM,False,951,Accepted
28294664,1200100,VERSAILLES POLICE DEPARTMENT,Accepted,WOODFORD,KY0033,,TROY,PIKE,,,,,OAK HILL,,DELANEY FERRY,37.962812919,-84.716531293,,6/24/2021 12:00:00 AM,1320.0,1,1,0,0,CLEAR,DRY,False,OTHER ROADWAY OR MID-BLOCK COLLISION,SINGLE VEHICLE,CURVE & GRADE,DAYLIGHT,,,6/25/2021 7:33:37 AM,False,106,Accepted
28307651,0260100,MANCHESTER POLICE DEPARTMENT,Accepted,CLAY,KY3480,,OLD US 421,,,,,,,,,37.139645824,-83.763038012,0.188,6/24/2021 12:00:00 AM,1641.0,2,2,0,0,CLEAR,DRY,False,REAR END IN TRAFFIC LANES BOTH VEHICLES MOVING,REAR END,STRAIGHT & LEVEL,DAYLIGHT,,,6/28/2021 9:32:17 PM,False,107,Accepted
28294759,0470000,HARDIN COUNTY SHERIFF DEPT.,Accepted,HARDIN,I 0065,,JOE PRATHER,HWY,,,,,,,,37.805498337,-85.743618591,0.25,6/24/2021 12:00:00 AM,619.0,2,2,0,0,CLEAR,DRY,False,OTHER RAMP RELATED COLLISIONS NOT LISTED ABOVE,ANGLE,CURVE & GRADE,DAYLIGHT,KY0313,I 0065,6/25/2021 8:12:51 AM,False,966,Accepted
28294788,0080200,FLORENCE POLICE DEPARTMENT,Accepted,BOONE,I 0075,,I75 N,,,,,,,,,38.981321224,-84.64008832,179.763,6/24/2021 12:00:00 AM,1424.0,2,2,0,0,CLEAR,DRY,False,1 VEHICLE ENTERING/LEAVING ENTRANCE,ANGLE,STRAIGHT & LEVEL,DAYLIGHT,,,6/25/2021 8:24:24 AM,False,44,Accepted
28291314,0190500,HIGHLAND HEIGHTS POLICE DEPT.,Accepted,CAMPBELL,US0027,2625,ALEXANDRIA,PIKE,,,,,,,,39.035500093,-84.45416729,16.645,6/23/2021 12:00:00 AM,1527.0,2,2,0,0,CLEAR,DRY,False,REAR END IN TRAFFIC LANES BOTH VEHICLES MOVING,REAR END,STRAIGHT & LEVEL,DAYLIGHT,,,6/24/2021 11:22:29 AM,False,513,Accepted
28306625,0370200,KY STATE POLICE CVE,Accepted,BULLITT,I 0065,,I65 N,,,,,,,,,37.823456647,-85.726519778,104.29,6/23/2021 12:00:00 AM,1130.0,3,3,0,0,CLEAR,DRY,False,REAR END IN TRAFFIC LANES BOTH VEHICLES MOVING,REAR END,STRAIGHT & HILLCREST,DAYLIGHT,,,6/28/2021 4:03:49 PM,False,C-358,Accepted
28286542,0190900,COLD SPRING POLICE DEPARTMENT,Accepted,CAMPBELL,US0027,,ALEXANDRIA,PIKE,,,,,,,,39.018645749,-84.436163809,15.071,6/22/2021 12:00:00 AM,1033.0,2,2,0,0,CLEAR,DRY,False,OTHER ROADWAY OR MID-BLOCK COLLISION,REAR END,STRAIGHT & LEVEL,DAYLIGHT,,,6/23/2021 7:29:21 AM,False,910,Accepted
28286540,0190900,COLD SPRING POLICE DEPARTMENT,Accepted,CAMPBELL,US0027,,ALEXANDRIA,PIKE,,,,,,,,39.018380867,-84.435875267,15.045,6/22/2021 12:00:00 AM,1256.0,2,2,0,0,CLOUDY,DRY,False,SIDESWIPE COLLISION - SAME DIRECTION,SIDESWIPE-SAME DIRECTION,STRAIGHT & LEVEL,DAYLIGHT,,,6/23/2021 7:29:01 AM,False,913,Accepted
28362188,0590100,COVINGTON POLICE DEPARTMENT,Accepted,KENTON,I 0075,,I75 N,,,,,,,,,39.087648091,-84.5227908,191.319,6/21/2021 12:00:00 AM,1518.0,2,2,0,0,CLOUDY,DRY,False,SIDESWIPE COLLISION - SAME DIRECTION,SIDESWIPE-SAME DIRECTION,STRAIGHT & LEVEL,DAYLIGHT,,,7/13/2021 8:21:46 AM,False,0322,Accepted
28550315,0110300,PERRYVILLE POLICE DEPARTMENT,Accepted,BOYLE,US0150,,WEST SECOND,,,US0068,SOUTH BUELL,,,,,37.647928031,-84.955605834,,6/21/2021 12:00:00 AM,1800.0,1,1,0,0,CLEAR,DRY,False,COLLISION WITH FIXED OBJECT IN INTERSECTION - FIRST EVENT COLLISION 09 - 32,SINGLE VEHICLE,STRAIGHT & GRADE,DAYLIGHT,,,8/23/2021 9:31:55 AM,False,1201,Accepted
28307428,0470100,ELIZABETHTOWN POLICE DEPT.,Accepted,HARDIN,US0031W,,DIXIE,AVE,N,,,,CABINET,,VETERANS,37.743188844,-85.8915534,20.585,6/21/2021 12:00:00 AM,1658.0,4,4,0,0,RAINING,WET,False,REAR END IN TRAFFIC LANES BOTH VEHICLES MOVING,REAR END,STRAIGHT & LEVEL,DAYLIGHT,,,6/28/2021 7:43:13 PM,False,0145,Accepted
28314304,0630000,LAUREL COUNTY SHERIFF DEPT.,Accepted,LAUREL,I 0075,,I75 N,,,,,,,,,37.166111624,-84.120708136,42.23,6/20/2021 12:00:00 AM,1146.0,4,4,0,0,CLEAR,DRY,True,REAR END IN TRAFFIC LANES BOTH VEHICLES MOVING,REAR END,STRAIGHT & LEVEL,DAYLIGHT,,,6/30/2021 10:47:19 AM,False,1122,Accepted
28292473,1140000,WARREN COUNTY SHERIFF DEPT.,Accepted,WARREN,I 0065,,I65 S,,,,,,,,,36.983505204,-86.38802519,26.117,6/20/2021 12:00:00 AM,2125.0,2,2,0,0,CLEAR,DRY,False,REAR END IN TRAFFIC LANES BOTH VEHICLES MOVING,REAR END,STRAIGHT & GRADE,DARK-HWY NOT LIGHTED,,,6/24/2021 5:14:38 PM,False,416,Accepted
28283014,0470000,HARDIN COUNTY SHERIFF DEPT.,Accepted,HARDIN,I 0065,,I65 N,,,,,,,,,37.803986429,-85.747579119,102.511,6/20/2021 12:00:00 AM,1702.0,2,2,0,0,CLEAR,DRY,False,REAR END IN TRAFFIC LANES BOTH VEHICLES MOVING,REAR END,STRAIGHT & LEVEL,DAYLIGHT,,,6/22/2021 10:56:58 AM,False,953,Accepted
28289256,0730000,MCCRACKEN COUNTY SHERIFF DEPT.,Accepted,MCCRACKEN,I 0024,,I24 W,,,,,,,,,37.131031554,-88.687931421,0.563,6/20/2021 12:00:00 AM,1151.0,3,3,0,2,CLEAR,DRY,False,REAR END IN TRAFFIC LANES BOTH VEHICLES MOVING,REAR END,STRAIGHT & LEVEL,DAYLIGHT,,,6/23/2021 9:27:22 PM,False,43,Accepted
28286615,KSP0400,KY STATE POLICE POST 04,Accepted,HARDIN,I 0065,,I65 N,,,,,,,,,37.799206442,-85.750773228,102.106,6/20/2021 12:00:00 AM,,3,3,0,0,CLEAR,DRY,True,REAR END IN TRAFFIC LANES BOTH VEHICLES MOVING,REAR END,STRAIGHT & LEVEL,DAYLIGHT,,,6/23/2021 8:08:35 AM,False,292,Accepted
28280242,KSP0300,KY STATE POLICE POST 03,Accepted,WARREN,I 0065,,I65 S,,,,,,,,,36.864526846,-86.45220706,17.177,6/20/2021 12:00:00 AM,947.0,2,2,0,0,CLEAR,DRY,False,SIDESWIPE COLLISION - SAME DIRECTION,SIDESWIPE-SAME DIRECTION,STRAIGHT & LEVEL,DAYLIGHT,,,6/21/2021 4:02:22 PM,False,585,Accepted
28283012,0470000,HARDIN COUNTY SHERIFF DEPT.,Accepted,HARDIN,I 0065,,I65 N,,,I 0065,I65 N EXIT102 OFF RAMP TO KY313 N,,,,,37.802939489,-85.748306881,102.421,6/20/2021 12:00:00 AM,1703.0,2,2,0,0,CLEAR,DRY,False,OTHER INTERSECTION COLLISIONS,REAR END,STRAIGHT & GRADE,DAYLIGHT,,,6/22/2021 10:56:48 AM,False,998,Accepted
28274291,0790200,CALVERT CITY POLICE DEPARTMENT,Accepted,MARSHALL,I 0024,,I24 E,,,,,,,,,36.997099806,-88.32998051,26.071,6/19/2021 12:00:00 AM,1120.0,2,2,0,0,CLOUDY,DRY,False,SIDESWIPE COLLISION - SAME DIRECTION,SIDESWIPE-SAME DIRECTION,STRAIGHT & LEVEL,DAYLIGHT,,,6/20/2021 12:41:02 AM,False,25,Accepted
28278395,0568000,LOUISVILLE METRO POLICE DEPT,Accepted,JEFFERSON,I 0264,,I264 E,,,,,,,,,38.185737331,-85.805594917,7.777,6/19/2021 12:00:00 AM,1837.0,2,2,0,0,CLEAR,DRY,False,REAR END IN TRAFFIC LANES BOTH VEHICLES MOVING,REAR END,STRAIGHT & LEVEL,DAYLIGHT,,,6/21/2021 8:32:03 AM,False,7298,Accepted
28296021,0170000,CALDWELL COUNTY SHERIFF,Accepted,CALDWELL,I 0024,,I24 W,,,,,,,,,36.966975798,-87.874804291,55.654,6/18/2021 12:00:00 AM,1152.0,3,3,0,2,CLEAR,DRY,False,REAR END IN TRAFFIC LANES BOTH VEHICLES MOVING,REAR END,STRAIGHT & LEVEL,DAYLIGHT,,,6/25/2021 2:14:18 PM,False,51,Accepted
28278904,KSP1100,KY STATE POLICE POST 11,Accepted,LAUREL,I 0075,,I75 N,,,,,,,,,37.18227153,-84.13610796,43.637,6/18/2021 12:00:00 AM,1022.0,2,2,0,0,CLOUDY,DRY,False,OTHER ROADWAY OR MID-BLOCK COLLISION,REAR END,STRAIGHT & LEVEL,DAYLIGHT,,,6/21/2021 10:13:23 AM,False,667,Accepted
28273515,1140000,WARREN COUNTY SHERIFF DEPT.,Accepted,WARREN,KY2629,,OLD SCOTTSVILLE,RD,,,,,,,,36.8730985,-86.354166152,0.005,6/18/2021 12:00:00 AM,1613.0,2,2,0,3,CLEAR,DRY,False,1 VEHICLE ENTERING/LEAVING ENTRANCE,ANGLE,STRAIGHT & LEVEL,DAYLIGHT,,,6/19/2021 5:47:45 PM,False,406,Accepted
28280195,0700000,LIVINGSTON COUNTY SHERIFF DEPT,Accepted,LIVINGSTON,US0060,,US60,,,,,,,,,37.149464884,-88.399537791,12.722,6/18/2021 12:00:00 AM,1430.0,2,2,0,0,CLEAR,DRY,False,VEHICLE BACKING NON INTERSECTION,BACKING,STRAIGHT & GRADE,DAYLIGHT,,,6/21/2021 3:53:05 PM,False,30,Accepted