IncidentID,AgencyORI,AgencyName,IncidentStatusDesc,County,RdwyNumber,Street,RoadwayName,StreetSfx,StreetDir,IntersectionRdwy,IntersectionRdwyName,BetweenStRdwy1,BetweenStRdwyName1,BetweenStRdwy2,BetweenStRdwyName2,Latitude,Longitude,Milepoint,CollisionDate,CollisionTime,UnitsInvolved,MotorVehiclesInvolved,NumberKilled,NumberInjured,Weather,RdwyConditionCode,HitandRun,DirAnalysisCode,MannerofCollision,RdwyCharacter,LightCondition,RampFromRdwyId,RampToRdwyId,AcceptedDate,IsSecondaryCollision,OwnerBadge,IncidentStatus
28269934,0110100,DANVILLE POLICE DEPARTMENT,Accepted,BOYLE,US0150,,MAIN,ST,E,,,,1ST,KY0034,WILDERNESS,37.645560404,-84.767722887,13.777,6/18/2021 12:00:00 AM,1145.0,2,2,0,0,CLEAR,DRY,False,SIDESWIPE COLLISION - SAME DIRECTION,SIDESWIPE-SAME DIRECTION,STRAIGHT & LEVEL,DAYLIGHT,,,6/18/2021 1:08:00 PM,False,772,Accepted
28272841,1140100,BOWLING GREEN POLICE,Accepted,WARREN,,,CAVE MILL,RD,,,GREENWOOD MALL ACCESS,,,,,36.945694702,-86.424489164,2.266,6/18/2021 12:00:00 AM,1207.0,2,2,0,0,CLEAR,DRY,False,SIDESWIPE-SAME DIRECTION,SIDESWIPE-SAME DIRECTION,STRAIGHT & LEVEL,DAYLIGHT,,,6/19/2021 11:35:44 AM,False,190,Accepted
28494761,0590100,COVINGTON POLICE DEPARTMENT,Accepted,KENTON,I 0075,,I75 N,,,,,,,,,39.090231979,-84.522630624,191.5,6/18/2021 12:00:00 AM,2315.0,2,2,0,0,RAINING,WET,True,SIDESWIPE COLLISION - SAME DIRECTION,SIDESWIPE-SAME DIRECTION,STRAIGHT & LEVEL,DARK-HWY LIGHTED/ON,,,8/11/2021 4:33:56 PM,False,0271,Accepted
28281784,0630000,LAUREL COUNTY SHERIFF DEPT.,Accepted,LAUREL,I 0075,,I75 S,,,,,,,,,37.0215115,-84.099644928,32.031,6/18/2021 12:00:00 AM,1527.0,1,1,0,0,CLEAR,DRY,False,OTHER ROADWAY OR MID-BLOCK COLLISION,SINGLE VEHICLE,STRAIGHT & LEVEL,DAYLIGHT,,,6/22/2021 2:47:16 AM,False,1123,Accepted
28278238,0568000,LOUISVILLE METRO POLICE DEPT,Accepted,JEFFERSON,I 0265,,I265 W,,,,,,,,,38.217955593,-85.506170396,25.115,6/18/2021 12:00:00 AM,1039.0,1,1,0,1,CLEAR,DRY,False,OTHER ROADWAY OR MID-BLOCK COLLISION,SINGLE VEHICLE,STRAIGHT & LEVEL,DAYLIGHT,,,6/21/2021 8:23:26 AM,False,4903,Accepted
28264833,KSP0400,KY STATE POLICE POST 04,Accepted,HARDIN,I 0065,,I65 N,,,,,,,,,37.804471836,-85.747164855,102.552,6/16/2021 12:00:00 AM,57.0,1,1,0,0,CLEAR,DRY,False,OTHER ROADWAY OR MID-BLOCK COLLISION,SINGLE VEHICLE,STRAIGHT & LEVEL,DARK-HWY LIGHTED/ON,,,6/17/2021 8:04:37 AM,False,841,Accepted
28268098,1140000,WARREN COUNTY SHERIFF DEPT.,Accepted,WARREN,US0231,,SCOTTSVILLE,RD,,,,,,,,36.895233823,-86.379630689,5.414,6/16/2021 12:00:00 AM,2000.0,1,1,0,0,CLEAR,DRY,False,COLLISION WITH NON-FIXED OBJECT ,SINGLE VEHICLE,STRAIGHT & GRADE,DUSK,,,6/18/2021 1:05:56 AM,False,416,Accepted
28285798,0420000,GRAVES COUNTY SHERIFF DEPT.,Accepted,GRAVES,KY0097,,KY97,,,,,,,,,36.677574656,-88.614336194,15.465,6/16/2021 12:00:00 AM,1411.0,2,2,0,0,CLEAR,DRY,False,SIDESWIPE COLLISION - SAME DIRECTION,SIDESWIPE-SAME DIRECTION,STRAIGHT & HILLCREST,DAYLIGHT,,,6/23/2021 1:38:05 AM,False,17,Accepted
28288281,0090100,PARIS POLICE DEPARTMENT,Accepted,BOURBON,,,HIGH,ST,,,,,,,,38.205732836,-84.257277134,0.395,6/16/2021 12:00:00 AM,1535.0,2,2,0,0,CLEAR,DRY,False,SIDESWIPE COLLISION - SAME DIRECTION,SIDESWIPE-SAME DIRECTION,STRAIGHT & LEVEL,DAYLIGHT,,,6/23/2021 3:49:16 PM,False,524,Accepted
28268798,0930400,OLDHAM COUNTY POLICE DEPT.,Accepted,OLDHAM,I 0071,,I71 N,,,,,,,,,38.337902164,-85.518097723,12.901,6/16/2021 12:00:00 AM,1632.0,3,3,0,0,CLEAR,DRY,False,REAR END IN TRAFFIC LANES BOTH VEHICLES MOVING,REAR END,STRAIGHT & LEVEL,DAYLIGHT,,,6/18/2021 6:27:01 AM,False,3110,Accepted
28261283,0590100,COVINGTON POLICE DEPARTMENT,Accepted,KENTON,I 0075,,I75 N,,,,,,,,,39.073521898,-84.518782501,190.283,6/16/2021 12:00:00 AM,908.0,2,2,0,0,CLEAR,DRY,False,REAR END IN TRAFFIC LANES BOTH VEHICLES MOVING,REAR END,CURVE & LEVEL,DAYLIGHT,,,6/16/2021 11:55:29 AM,False,0159,Accepted
28264844,0568000,LOUISVILLE METRO POLICE DEPT,Accepted,JEFFERSON,I 0071,,I71 S,,,,,,,,,38.318863646,-85.568891405,9.857,6/16/2021 12:00:00 AM,820.0,3,3,0,0,CLEAR,DRY,False,REAR END IN TRAFFIC LANES BOTH VEHICLES MOVING,REAR END,STRAIGHT & LEVEL,DAYLIGHT,,,6/17/2021 8:10:44 AM,False,6886,Accepted
28262243,0190700,ALEXANDRIA POLICE DEPARTMENT,Accepted,CAMPBELL,US0027,8244,ALEXANDRIA,PIKE,,,,,,,,38.953396201,-84.393297138,9.751,6/15/2021 12:00:00 AM,759.0,2,2,0,0,CLEAR,DRY,False,REAR END IN TRAFFIC LANES BOTH VEHICLES MOVING,REAR END,STRAIGHT & GRADE,DAYLIGHT,,,6/16/2021 4:23:51 PM,False,716,Accepted
28260519,KSP0400,KY STATE POLICE POST 04,Accepted,HARDIN,I 0065,,I65 N,,,,,,,,,37.810442621,-85.741667346,103.063,6/15/2021 12:00:00 AM,940.0,2,2,0,0,CLEAR,DRY,True,SIDESWIPE COLLISION - SAME DIRECTION,SIDESWIPE-SAME DIRECTION,STRAIGHT & LEVEL,DAYLIGHT,,,6/16/2021 7:54:07 AM,False,771,Accepted
28255999,1140000,WARREN COUNTY SHERIFF DEPT.,Accepted,WARREN,I 0065,26,I65 N,,,,,,,,,36.952655792,-86.406465691,23.779,6/14/2021 12:00:00 AM,950.0,2,2,0,0,CLEAR,DRY,False,SIDESWIPE COLLISION - SAME DIRECTION,SIDESWIPE-SAME DIRECTION,STRAIGHT & LEVEL,DAYLIGHT,,,6/15/2021 8:33:27 AM,False,485,Accepted
28254078,KSP0200,KY STATE POLICE POST 02,Accepted,LYON,I 0024,,I24 E,,,,,,,,,36.972946001,-87.891838558,54.595,6/14/2021 12:00:00 AM,1040.0,2,2,0,0,CLEAR,DRY,False,REAR END IN TRAFFIC LANES BOTH VEHICLES MOVING,REAR END,STRAIGHT & LEVEL,DAYLIGHT,,,6/14/2021 6:57:36 PM,False,605,Accepted
28255653,0930400,OLDHAM COUNTY POLICE DEPT.,Accepted,OLDHAM,I 0071,,I71 N,,,,,,,,,38.336641435,-85.522313602,12.659,6/14/2021 12:00:00 AM,1551.0,4,4,0,0,CLEAR,DRY,False,REAR END IN TRAFFIC LANES BOTH VEHICLES MOVING,REAR END,STRAIGHT & GRADE,DAYLIGHT,,,6/15/2021 6:33:19 AM,False,3071,Accepted
28301912,0470100,ELIZABETHTOWN POLICE DEPT.,Accepted,HARDIN,KY3005,,RING,RD,,,,,WALMART,US0031W,DIXIE,37.728492592,-85.88354051,6.579,6/14/2021 12:00:00 AM,928.0,2,2,0,0,CLEAR,DRY,False,VEHICLE BACKING NON INTERSECTION,BACKING,STRAIGHT & GRADE,DAYLIGHT,,,6/27/2021 2:54:05 PM,False,0111,Accepted
28265086,0870000,MONTGOMERY CTY SHERIFF DEPT,Accepted,MONTGOMERY,US0060,3060,OWINGSVILLE,RD,,,,,,,,38.085820641,-83.897412023,,6/14/2021 12:00:00 AM,1721.0,2,2,0,0,CLEAR,DRY,False,COLLISION IN PARKING LOT,BACKING,STRAIGHT & LEVEL,DAYLIGHT,,,6/17/2021 8:53:43 AM,False,238,Accepted
28253723,0080000,BOONE COUNTY SHERIFF DEPT.,Accepted,BOONE,KY0338,,RICHWOOD,RD,,I 0075,I75 S EXIT175 ON RAMP FROM  RICHWOOD DR,,,,,38.917491634,-84.629951553,0.318,6/13/2021 12:00:00 AM,1826.0,2,2,0,0,CLEAR,DRY,False,COLLISION WITH FIXED OBJECT IN INTERSECTION - FIRST EVENT COLLISION 09 - 32,BACKING,STRAIGHT & LEVEL,DAYLIGHT,,,6/14/2021 5:27:26 PM,False,3764,Accepted
28318415,0568000,LOUISVILLE METRO POLICE DEPT,Accepted,JEFFERSON,I 0264,,I264 W,,,I 0065,I65 W EXIT11 RAMP FROM  FREEDOM WAY N,,,,,38.189865537,-85.738512848,11.608,6/13/2021 12:00:00 AM,1311.0,3,3,0,3,CLEAR,DRY,False,OTHER INTERSECTION COLLISIONS,REAR END,STRAIGHT & LEVEL,DAYLIGHT,,,7/1/2021 9:21:59 AM,False,5287,Accepted
28256073,0930000,OLDHAM COUNTY SHERIFF DEPT.,Accepted,OLDHAM,I 0071,,I71 N,,,,,,,,,38.336093931,-85.523984126,12.563,6/13/2021 12:00:00 AM,1508.0,3,3,0,0,CLEAR,DRY,False,OTHER ROADWAY OR MID-BLOCK COLLISION,REAR END,STRAIGHT & GRADE,DAYLIGHT,,,6/15/2021 8:50:58 AM,False,110,Accepted
28251142,0930400,OLDHAM COUNTY POLICE DEPT.,Accepted,OLDHAM,I 0071,,I71 N,,,,,,,,,38.333363213,-85.534178072,11.997,6/13/2021 12:00:00 AM,1508.0,2,2,0,0,CLEAR,DRY,False,OTHER ROADWAY OR MID-BLOCK COLLISION,REAR END,STRAIGHT & LEVEL,DAYLIGHT,,,6/14/2021 7:28:44 AM,False,3072,Accepted
28251472,KSP0400,KY STATE POLICE POST 04,Accepted,HARDIN,I 0065,,I65 N,,,,,,,,,37.802223324,-85.748822719,102.36,6/13/2021 12:00:00 AM,1225.0,2,2,0,0,CLEAR,DRY,False,REAR END IN TRAFFIC LANES BOTH VEHICLES MOVING,REAR END,STRAIGHT & LEVEL,DAYLIGHT,,,6/14/2021 8:36:33 AM,False,434,Accepted
28373163,0560400,SHIVELY POLICE DEPARTMENT,Accepted,JEFFERSON,I 0264,,I264 E,,,,,,,,,38.185247351,-85.816233797,7.308,6/12/2021 12:00:00 AM,1441.0,2,2,0,0,CLEAR,DRY,False,REAR END IN TRAFFIC LANES BOTH VEHICLES MOVING,REAR END,STRAIGHT & LEVEL,DAYLIGHT,,,7/15/2021 8:14:55 PM,False,7107,Accepted
28302007,0470100,ELIZABETHTOWN POLICE DEPT.,Accepted,HARDIN,US0031W,,DIXIE,AVE,N,KY0447,WILSON,,,,,37.745794802,-85.892668112,20.776,6/12/2021 12:00:00 AM,1835.0,2,2,0,0,CLEAR,DRY,False,ANGLE COLLISION - OTHER,ANGLE,STRAIGHT & GRADE,DAYLIGHT,,,6/27/2021 3:13:50 PM,False,0073,Accepted
28308025,0630000,LAUREL COUNTY SHERIFF DEPT.,Accepted,LAUREL,I 0075,,I75 N,,,,,,,,,37.181568044,-84.135383723,43.574,6/11/2021 12:00:00 AM,1704.0,1,1,0,0,CLOUDY,WET,False,OTHER ROADWAY OR MID-BLOCK COLLISION,SINGLE VEHICLE,STRAIGHT & GRADE,DAYLIGHT,,,6/29/2021 12:01:45 AM,False,1123,Accepted
28244740,KSP0400,KY STATE POLICE POST 04,Accepted,HARDIN,I 0065,,I65 S,,,,,,,,,37.813259089,-85.739092252,103.301,6/11/2021 12:00:00 AM,630.0,1,1,0,0,RAINING,WATER (STANDING OR MOVING),False,OTHER COLLISIONS ON SHOULDER,SINGLE VEHICLE,CURVE & LEVEL,DAWN,,,6/11/2021 10:36:42 PM,False,434,Accepted
28246141,KSP0300,KY STATE POLICE POST 03,Accepted,WARREN,I 0065,,I65 S,,,,,,,,,36.930603703,-86.420631139,22.053,6/10/2021 12:00:00 AM,1242.0,2,2,0,0,CLOUDY,DRY,True,REAR END IN TRAFFIC LANES BOTH VEHICLES MOVING,REAR END,STRAIGHT & LEVEL,DAYLIGHT,,,6/12/2021 12:01:42 PM,False,446,Accepted
28255692,0170100,PRINCETON POLICE DEPARTMENT,Accepted,CALDWELL,KY0091,305,MARION,RD,,,,,,,,37.119511706,-87.895582358,12.036,6/10/2021 12:00:00 AM,1635.0,2,2,0,0,RAINING,WET,False,REAR END IN TRAFFIC LANES BOTH VEHICLES MOVING,REAR END,STRAIGHT & GRADE,DAYLIGHT,,,6/15/2021 6:56:55 AM,False,613,Accepted
28242034,0590100,COVINGTON POLICE DEPARTMENT,Accepted,KENTON,I 0075,,I75 N,,,,,,,,,39.082282462,-84.522333186,190.926,6/10/2021 12:00:00 AM,1042.0,2,2,0,0,CLEAR,DRY,False,REAR END IN TRAFFIC LANES BOTH VEHICLES MOVING,REAR END,STRAIGHT & LEVEL,DAYLIGHT,,,6/11/2021 7:47:19 AM,False,0254,Accepted
28244145,0720000,LYON COUNTY SHERIFF DEPARTMENT,Accepted,LYON,I 0024,,I24 E,,,,,,,,,36.97944352,-87.908838759,53.555,6/9/2021 12:00:00 AM,1755.0,4,4,0,0,CLEAR,DRY,False,REAR END IN TRAFFIC LANES BOTH VEHICLES MOVING,REAR END,STRAIGHT & GRADE,DAYLIGHT,,,6/11/2021 5:33:24 PM,True,7212,Accepted
28238035,0590100,COVINGTON POLICE DEPARTMENT,Accepted,KENTON,I 0075,,I75 N,,,,,,,,,39.068253214,-84.520149402,189.882,6/9/2021 12:00:00 AM,1152.0,3,3,0,0,RAINING,WET,False,REAR END IN TRAFFIC LANES BOTH VEHICLES MOVING,REAR END,STRAIGHT & GRADE,DAYLIGHT,,,6/10/2021 7:26:12 AM,False,0254,Accepted
28239295,0730000,MCCRACKEN COUNTY SHERIFF DEPT.,Accepted,MCCRACKEN,US0060,,US60,,,KY0996,METROPOLIS LAKE,,,,,37.066945493,-88.800294646,3.923,6/9/2021 12:00:00 AM,1225.0,2,2,0,3,CLEAR,DRY,False,ANGLE COLLISION - OTHER,ANGLE,STRAIGHT & LEVEL,DAYLIGHT,,,6/10/2021 1:41:15 PM,False,46,Accepted
28239477,0370200,KY STATE POLICE CVE,Accepted,LAUREL,I 0075,,I75 N,,,,,,,,,37.171463005,-84.126881312,42.735,6/9/2021 12:00:00 AM,1430.0,2,2,0,0,RAINING,WET,False,SIDESWIPE COLLISION - SAME DIRECTION,SIDESWIPE-SAME DIRECTION,CURVE & GRADE,DAYLIGHT,,,6/10/2021 2:27:01 PM,False,C-355,Accepted
28251446,0970100,HAZARD POLICE DEPARTMENT,Accepted,PERRY,KY0015,,,,,,,,,,,37.270645886,-83.208348252,0.091,6/9/2021 12:00:00 AM,1551.0,2,2,0,0,CLOUDY,WET,False,OTHER RAMP RELATED COLLISIONS NOT LISTED ABOVE,SIDESWIPE-SAME DIRECTION,STRAIGHT & LEVEL,DAYLIGHT,KY0550,KY0015,6/14/2021 8:32:02 AM,False,412,Accepted
28238274,0568000,LOUISVILLE METRO POLICE DEPT,Accepted,JEFFERSON,I 0071,,I71 S,,,,,,,,,38.306466419,-85.59885328,7.995,6/9/2021 12:00:00 AM,1426.0,1,1,0,0,CLOUDY,DRY,False,COLLISION WITH FIXED OBJECT NON - INTERSECTION - FIRST EVENT COLLISION 09 - 32 EXCLUDING 16,SINGLE VEHICLE,STRAIGHT & LEVEL,DAYLIGHT,,,6/10/2021 9:07:29 AM,False,7751,Accepted
28239242,0340200,LEXINGTON POLICE DEPARTMENT,Accepted,FAYETTE,,,CLAYS MILL,RD,,,,,PASADENA,,HILL N DALE,38.01239186,-84.538763798,1.382,6/9/2021 12:00:00 AM,916.0,1,1,0,0,RAINING,WET,False,COLLISION WITH FIXED OBJECT NON - INTERSECTION - FIRST EVENT COLLISION 09 - 32 EXCLUDING 16,SINGLE VEHICLE,STRAIGHT & GRADE,DAYLIGHT,,,6/10/2021 1:28:51 PM,False,22512,Accepted
28281245,KSP0300,KY STATE POLICE POST 03,Accepted,WARREN,I 0065,,I65 S,,,,,,,,,36.996506696,-86.379210536,27.14,6/9/2021 12:00:00 AM,2154.0,2,2,0,0,CLEAR,DRY,False,SIDESWIPE COLLISION - SAME DIRECTION,SIDESWIPE-SAME DIRECTION,STRAIGHT & LEVEL,DARK-HWY NOT LIGHTED,,,6/21/2021 9:56:24 PM,False,332,Accepted
32884082,1110000,TRIGG COUNTY SHERIFF DEPT.,Accepted,TRIGG,I 0024,,I24 W,,,,,,,,,36.880023262,-87.73185041,65.564,6/9/2021 12:00:00 AM,1023.0,2,2,0,0,CLOUDY,DRY,False,SIDESWIPE COLLISION - SAME DIRECTION,SIDESWIPE-SAME DIRECTION,STRAIGHT & LEVEL,DAYLIGHT,,,2/21/2024 11:47:48 AM,False,203,Accepted
28234133,KSP0300,KY STATE POLICE POST 03,Accepted,WARREN,I 0065,,I65 S,,,,,,,,,36.960880293,-86.400809289,24.413,6/8/2021 12:00:00 AM,820.0,2,2,0,0,CLEAR,DRY,False,SIDESWIPE COLLISION - SAME DIRECTION,SIDESWIPE-SAME DIRECTION,STRAIGHT & LEVEL,DAYLIGHT,,,6/9/2021 9:35:23 AM,False,543,Accepted
28239471,0370200,KY STATE POLICE CVE,Accepted,LAUREL,I 0075,,I75 S,,,,,,,,,37.162661619,-84.116023206,41.881,6/8/2021 12:00:00 AM,1300.0,2,2,0,0,CLEAR,DRY,True,SIDESWIPE COLLISION - SAME DIRECTION,SIDESWIPE-SAME DIRECTION,STRAIGHT & LEVEL,DAYLIGHT,,,6/10/2021 2:26:44 PM,False,C-355,Accepted
28242143,0080000,BOONE COUNTY SHERIFF DEPT.,Accepted,BOONE,I 0075,,,,,I 0075,I75 N,,,,,38.920846,-84.62934508,0.23,6/8/2021 12:00:00 AM,1752.0,2,2,0,0,RAINING,WET,False,OTHER INTERSECTION COLLISIONS,REAR END,STRAIGHT & GRADE,DAYLIGHT,,,6/11/2021 8:31:33 AM,False,3769,Accepted
28243331,1200100,VERSAILLES POLICE DEPARTMENT,Accepted,WOODFORD,US0060,,US60,BYP,,,MARKHAM,,,,,38.061493488,-84.725272513,8.474,6/8/2021 12:00:00 AM,1715.0,2,2,0,0,CLOUDY,DRY,False,OTHER INTERSECTION COLLISIONS,REAR END,STRAIGHT & LEVEL,DAYLIGHT,,,6/11/2021 2:35:15 PM,False,133,Accepted
28237384,0080000,BOONE COUNTY SHERIFF DEPT.,Accepted,BOONE,KY0237,,CAMP ERNST,RD,,,ROGERS,,,,,39.008922336,-84.704314519,5.422,6/8/2021 12:00:00 AM,1536.0,3,3,0,0,CLOUDY,DRY,True,OTHER INTERSECTION COLLISIONS,REAR END,STRAIGHT & LEVEL,DUSK,,,6/10/2021 2:21:16 AM,False,3738,Accepted
28233797,0568000,LOUISVILLE METRO POLICE DEPT,Accepted,JEFFERSON,,,CRITTENDEN,DR,,,,,,,,38.154383235,-85.742929879,3.311,6/8/2021 12:00:00 AM,1242.0,1,1,0,0,CLOUDY,DRY,False,COLLISION WITH FIXED OBJECT NON - INTERSECTION - FIRST EVENT COLLISION 09 - 32 EXCLUDING 16,SINGLE VEHICLE,CURVE & LEVEL,DAYLIGHT,,,6/9/2021 8:21:04 AM,False,4693,Accepted
28230609,0090100,PARIS POLICE DEPARTMENT,Accepted,BOURBON,US0068X,,HIGH,ST,,,,,,,,38.211992077,-84.251290225,1.655,6/8/2021 12:00:00 AM,1221.0,1,1,0,0,CLEAR,DRY,False,COLLISION WITH FIXED OBJECT NON - INTERSECTION - FIRST EVENT COLLISION 09 - 32 EXCLUDING 16,SINGLE VEHICLE,STRAIGHT & LEVEL,DAYLIGHT,,,6/8/2021 1:13:43 PM,False,506,Accepted
28309695,0430000,GRAYSON COUNTY SHERIFF DEPT.,Accepted,GRAYSON,WK9001,,WK9001 E,,,,,,,,,37.478836833,-86.237272814,110.193,6/8/2021 12:00:00 AM,1706.0,2,2,0,2,RAINING,WET,False,REAR END IN TRAFFIC LANES BOTH VEHICLES MOVING,REAR END,STRAIGHT & LEVEL,DAYLIGHT,,,6/29/2021 10:15:01 AM,False,108,Accepted
28231734,1200100,VERSAILLES POLICE DEPARTMENT,Accepted,WOODFORD,US0060,,FRANKFORT,RD,,,,,MIDWAY ROAD 62,,FRANKFORT ,38.068385991,-84.737619866,,6/7/2021 12:00:00 AM,1348.0,2,2,0,0,CLOUDY,DRY,False,REAR END IN TRAFFIC LANES BOTH VEHICLES MOVING,REAR END,STRAIGHT & LEVEL,DAYLIGHT,,,6/8/2021 5:20:45 PM,False,110,Accepted
28231932,1140100,BOWLING GREEN POLICE,Accepted,WARREN,US0068X,,KENTUCKY,ST,,,,,12TH,,13TH,36.991930754,-86.449675091,2.544,6/7/2021 12:00:00 AM,1655.0,2,2,0,0,CLEAR,DRY,False,SIDESWIPE COLLISION - SAME DIRECTION,SIDESWIPE-SAME DIRECTION,STRAIGHT & LEVEL,DAYLIGHT,,,6/8/2021 6:04:44 PM,False,229,Accepted
28226394,0590100,COVINGTON POLICE DEPARTMENT,Accepted,KENTON,I 0075,,I75 N,,,,,,,,,39.082085301,-84.52232374,190.928,6/7/2021 12:00:00 AM,920.0,2,2,0,0,CLOUDY,DRY,False,SIDESWIPE COLLISION - SAME DIRECTION,SIDESWIPE-SAME DIRECTION,STRAIGHT & LEVEL,DAYLIGHT,,,6/7/2021 1:54:12 PM,False,0159,Accepted
28225454,0568000,LOUISVILLE METRO POLICE DEPT,Accepted,JEFFERSON,I 0264,,,,,,,,,,,38.207039706,-85.827824646,0.188,6/6/2021 12:00:00 AM,453.0,2,2,0,0,CLEAR,DRY,False,OTHER RAMP RELATED COLLISIONS NOT LISTED ABOVE,REAR END,CURVE & GRADE,DARK-HWY LIGHTED/ON,KY1934,I 0264,6/7/2021 9:54:17 AM,False,5325,Accepted
28224979,KSP0300,KY STATE POLICE POST 03,Accepted,WARREN,I 0065,,I65 N,,,,,,,,,36.921191659,-86.425846835,21.354,6/6/2021 12:00:00 AM,1210.0,2,2,0,0,RAINING,WET,True,SIDESWIPE COLLISION - SAME DIRECTION,SIDESWIPE-SAME DIRECTION,STRAIGHT & LEVEL,DAYLIGHT,,,6/7/2021 8:18:29 AM,False,957,Accepted
28238259,0568000,LOUISVILLE METRO POLICE DEPT,Accepted,JEFFERSON,I 0264,,I264 W,,,,,,,,,38.186392537,-85.799992552,8.294,6/6/2021 12:00:00 AM,1840.0,3,3,0,0,RAINING,WET,False,SIDESWIPE COLLISION - SAME DIRECTION,SIDESWIPE-SAME DIRECTION,STRAIGHT & LEVEL,DAYLIGHT,,,6/10/2021 9:06:20 AM,False,7667,Accepted
28301621,0470100,ELIZABETHTOWN POLICE DEPT.,Accepted,HARDIN,US0031W,,DIXIE,AVE,N,,,,NALLS,,COMMUNICARE,37.725857975,-85.882770975,19.299,6/6/2021 12:00:00 AM,1344.0,2,2,0,0,CLOUDY,DRY,False,1 VEHICLE ENTERING/LEAVING ENTRANCE,ANGLE,STRAIGHT & LEVEL,DAYLIGHT,,,6/27/2021 2:02:50 PM,False,0129,Accepted
28238374,0630000,LAUREL COUNTY SHERIFF DEPT.,Accepted,LAUREL,I 0075,,I75 N,,,,,,,,,36.971889129,-84.11163267,28.528,6/6/2021 12:00:00 AM,1205.0,2,2,0,0,CLOUDY,DRY,False,OTHER ROADWAY OR MID-BLOCK COLLISION,REAR END,STRAIGHT & LEVEL,DAYLIGHT,,,6/10/2021 9:35:19 AM,False,1122,Accepted
28224984,KSP0300,KY STATE POLICE POST 03,Accepted,WARREN,I 0065,,I65 S,,,,,,,,,36.904364015,-86.435590205,20.074,6/6/2021 12:00:00 AM,2112.0,2,2,0,0,CLEAR,DRY,False,REAR END IN TRAFFIC LANES BOTH VEHICLES MOVING,REAR END,STRAIGHT & LEVEL,DARK-HWY LIGHTED/ON,,,6/7/2021 8:18:46 AM,False,261,Accepted
28226032,0590100,COVINGTON POLICE DEPARTMENT,Accepted,KENTON,I 0075,,I75 N,,,,,,,,,39.075578684,-84.519486793,190.432,6/5/2021 12:00:00 AM,1956.0,2,2,0,0,CLEAR,DRY,False,REAR END IN TRAFFIC LANES BOTH VEHICLES MOVING,REAR END,STRAIGHT & LEVEL,DAYLIGHT,,,6/7/2021 12:07:56 PM,False,0329,Accepted
28225281,0470000,HARDIN COUNTY SHERIFF DEPT.,Accepted,HARDIN,US0062,,LEITCHFIELD,RD,,,,,,,,37.640276464,-85.959453082,11.104,6/5/2021 12:00:00 AM,1636.0,2,2,0,0,CLEAR,DRY,False,OTHER ROADWAY OR MID-BLOCK COLLISION,REAR END,STRAIGHT & LEVEL,DAYLIGHT,,,6/7/2021 9:28:36 AM,False,956,Accepted
28224864,1200100,VERSAILLES POLICE DEPARTMENT,Accepted,WOODFORD,US0060,,US60,BYP,,,BIG SINK,,,,,38.058277855,-84.721518645,8.755,6/5/2021 12:00:00 AM,1646.0,2,2,0,0,CLEAR,DRY,False,OTHER INTERSECTION COLLISIONS,REAR END,STRAIGHT & LEVEL,DAYLIGHT,,,6/7/2021 7:21:45 AM,False,136,Accepted
28224956,KSP0300,KY STATE POLICE POST 03,Accepted,WARREN,I 0065,,I65 N,,,,,,,,,36.947683612,-86.410248954,23.377,6/4/2021 12:00:00 AM,1556.0,2,2,0,0,CLEAR,DRY,True,SIDESWIPE COLLISION - SAME DIRECTION,SIDESWIPE-SAME DIRECTION,STRAIGHT & LEVEL,DAYLIGHT,,,6/7/2021 8:07:41 AM,False,389,Accepted
28362323,0150200,LEBANON JUNCTION POLICE DEPT.,Accepted,BULLITT,I 0065,,I65 S,,,,,,,,,37.833483186,-85.717921905,105.122,6/4/2021 12:00:00 AM,1848.0,2,2,0,0,CLEAR,DRY,False,REAR END IN TRAFFIC LANES BOTH VEHICLES MOVING,REAR END,STRAIGHT & GRADE,DAYLIGHT,,,7/13/2021 8:57:51 AM,False,602,Accepted
28213427,1140000,WARREN COUNTY SHERIFF DEPT.,Accepted,WARREN,I 0065,,I65 N,,,,,,,,,36.902402051,-86.436271791,19.907,6/3/2021 12:00:00 AM,542.0,2,2,0,0,CLEAR,WET,False,REAR END IN TRAFFIC LANES BOTH VEHICLES MOVING,REAR END,STRAIGHT & LEVEL,DAWN,,,6/3/2021 11:14:03 PM,False,431,Accepted
28210458,0568000,LOUISVILLE METRO POLICE DEPT,Accepted,JEFFERSON,US0150,,BROADWAY,,E,KY0864,SHELBY,,,,,38.244750691,-85.739538626,3.4,6/3/2021 12:00:00 AM,246.0,2,2,0,4,CLEAR,WET,False,ANGLE COLLISION - OTHER,ANGLE,STRAIGHT & LEVEL,DARK-HWY LIGHTED/ON,,,6/3/2021 9:05:29 AM,False,5135,Accepted
28211089,0590100,COVINGTON POLICE DEPARTMENT,Accepted,KENTON,I 0075,,I75 N,,,,,,,,,39.077022065,-84.519922905,190.539,6/2/2021 12:00:00 AM,922.0,2,2,0,0,RAINING,WATER (STANDING OR MOVING),False,REAR END IN TRAFFIC LANES BOTH VEHICLES MOVING,REAR END,STRAIGHT & LEVEL,DAYLIGHT,,,6/3/2021 12:05:05 PM,False,0159,Accepted