IncidentID,AgencyORI,AgencyName,IncidentStatusDesc,County,RdwyNumber,Street,RoadwayName,StreetSfx,StreetDir,IntersectionRdwy,IntersectionRdwyName,BetweenStRdwy1,BetweenStRdwyName1,BetweenStRdwy2,BetweenStRdwyName2,Latitude,Longitude,Milepoint,CollisionDate,CollisionTime,UnitsInvolved,MotorVehiclesInvolved,NumberKilled,NumberInjured,Weather,RdwyConditionCode,HitandRun,DirAnalysisCode,MannerofCollision,RdwyCharacter,LightCondition,RampFromRdwyId,RampToRdwyId,AcceptedDate,IsSecondaryCollision,OwnerBadge,IncidentStatus
28215849,KSP0300,KY STATE POLICE POST 03,Accepted,WARREN,I 0065,,I65 S,,,,,,,,,36.982362815,-86.388630136,26.031,6/2/2021 12:00:00 AM,2140.0,2,2,0,0,CLEAR,DRY,False,SIDESWIPE COLLISION - SAME DIRECTION,SIDESWIPE-SAME DIRECTION,STRAIGHT & LEVEL,DARK-HWY LIGHTED/ON,,,6/4/2021 12:02:42 PM,False,389,Accepted
28209047,0340200,LEXINGTON POLICE DEPARTMENT,Accepted,FAYETTE,US0060,,WINCHESTER,RD,,,,,OWENS,,MIDLAND,38.042118493,-84.481069162,8.666,6/2/2021 12:00:00 AM,2015.0,2,2,0,0,CLOUDY,DRY,True,SIDESWIPE COLLISION - SAME DIRECTION,SIDESWIPE-SAME DIRECTION,STRAIGHT & LEVEL,DUSK,,,6/2/2021 11:57:13 PM,False,58511,Accepted
28207534,0590100,COVINGTON POLICE DEPARTMENT,Accepted,KENTON,I 0075,,I75 N,,,,,,,,,39.077293987,-84.520077501,190.561,6/2/2021 12:00:00 AM,910.0,2,2,0,0,RAINING,WET,True,SIDESWIPE COLLISION - SAME DIRECTION,SIDESWIPE-SAME DIRECTION,STRAIGHT & LEVEL,DAYLIGHT,,,6/2/2021 3:16:23 PM,False,0231,Accepted
28212492,KSP0300,KY STATE POLICE POST 03,Accepted,WARREN,I 0065,,I65 N,,,,,,,,,36.84671728,-86.460069511,15.872,6/2/2021 12:00:00 AM,720.0,2,2,0,1,RAINING,WET,False,SIDESWIPE COLLISION - SAME DIRECTION,SIDESWIPE-SAME DIRECTION,STRAIGHT & GRADE,DAYLIGHT,,,6/3/2021 5:33:21 PM,False,986,Accepted
28210290,0080000,BOONE COUNTY SHERIFF DEPT.,Accepted,BOONE,I 0075,,,,,,,,,,,38.915314417,-84.629206538,0.161,6/2/2021 12:00:00 AM,1406.0,1,1,0,0,CLOUDY,WET,False,COLLISION WITH FIXED OBJECT NOT IN GORE ,SINGLE VEHICLE,STRAIGHT & GRADE,DAYLIGHT,RICHWOOD DR,I 0075,6/3/2021 8:30:53 AM,False,3701,Accepted
28210411,0568000,LOUISVILLE METRO POLICE DEPT,Accepted,JEFFERSON,I 0064,,I64 W,,,I 0064,I265 N EXIT25B RAMP TO I64 W,,,,,38.222824756,-85.505308254,18.941,6/1/2021 12:00:00 AM,1409.0,5,5,0,0,CLOUDY,DRY,False,SIDESWIPE-SAME DIRECTION,SIDESWIPE-SAME DIRECTION,STRAIGHT & LEVEL,DAYLIGHT,,,6/3/2021 9:01:26 AM,False,7751,Accepted
28302065,0470100,ELIZABETHTOWN POLICE DEPT.,Accepted,HARDIN,US0031W,,DIXIE,AVE,N,,,,NALLS,KY3005,RING,37.728182469,-85.883950904,19.47,6/1/2021 12:00:00 AM,1419.0,2,2,0,0,CLOUDY,DRY,False,REAR END IN TRAFFIC LANES BOTH VEHICLES MOVING,REAR END,STRAIGHT & LEVEL,DAYLIGHT,,,6/27/2021 3:25:56 PM,False,0111,Accepted
28205903,0568000,LOUISVILLE METRO POLICE DEPT,Accepted,JEFFERSON,US0150,,BROADWAY,,E,,LOGAN,,,,,38.244544307,-85.737451662,3.513,6/1/2021 12:00:00 AM,1113.0,2,2,0,3,CLEAR,DRY,False,ANGLE COLLISION - ONE VEHICLE TURNING LEFT,ANGLE,STRAIGHT & LEVEL,DAYLIGHT,,,6/2/2021 8:52:35 AM,False,5338,Accepted
28210552,0591900,INDEPENDENCE POLICE DEPARTMENT,Accepted,KENTON,KY2045,,COX,RD,,,GARY,,,,,38.944273997,-84.5154232,3.336,6/1/2021 12:00:00 AM,844.0,2,2,0,0,CLEAR,DRY,False,VEHICLE BACKING IN INTERSECTION,BACKING,STRAIGHT & LEVEL,DAYLIGHT,,,6/3/2021 9:15:54 AM,False,25,Accepted
28205549,1200100,VERSAILLES POLICE DEPARTMENT,Accepted,WOODFORD,US0060,,US60,BYP,,,,,CROSSFIELD,US0060,LEXINGTON,38.053033516,-84.716505632,9.238,6/1/2021 12:00:00 AM,1822.0,2,2,0,0,CLEAR,DRY,False,OTHER ROADWAY OR MID-BLOCK COLLISION,REAR END,STRAIGHT & LEVEL,DAYLIGHT,,,6/2/2021 7:15:24 AM,False,151,Accepted
28202170,0590100,COVINGTON POLICE DEPARTMENT,Accepted,KENTON,I 0075,190/8,I75 N,,,,,,,,,39.087216199,-84.522678393,191.288,5/31/2021 12:00:00 AM,1352.0,2,2,0,0,CLEAR,DRY,False,REAR END IN TRAFFIC LANES BOTH VEHICLES MOVING,REAR END,STRAIGHT & LEVEL,DAYLIGHT,,,6/1/2021 1:18:10 PM,False,0273,Accepted
28214259,0090100,PARIS POLICE DEPARTMENT,Accepted,BOURBON,US0068X,,MAIN,ST,S,,,,,,,38.203208199,-84.260319495,0.865,5/31/2021 12:00:00 AM,1924.0,2,2,0,0,CLEAR,DRY,False,REAR END IN TRAFFIC LANES BOTH VEHICLES MOVING,REAR END,STRAIGHT & LEVEL,DAYLIGHT,,,6/4/2021 3:17:53 AM,False,517,Accepted
28290650,0590100,COVINGTON POLICE DEPARTMENT,Accepted,KENTON,I 0075,,I75 N,,,,,,,,,39.076984177,-84.519939702,190.537,5/31/2021 12:00:00 AM,1513.0,2,2,0,0,CLEAR,DRY,True,SIDESWIPE COLLISION - SAME DIRECTION,SIDESWIPE-SAME DIRECTION,STRAIGHT & LEVEL,DAYLIGHT,,,6/24/2021 7:50:47 AM,False,0254,Accepted
28200076,0150000,BULLITT COUNTY SHERIFF DEPT.,Accepted,BULLITT,I 0065,,I65 S,,,,,,,,,37.819145395,-85.733198294,103.818,5/31/2021 12:00:00 AM,2020.0,1,1,0,0,CLEAR,DRY,False,OTHER ROADWAY OR MID-BLOCK COLLISION,SINGLE VEHICLE,CURVE & LEVEL,DAYLIGHT,,,6/1/2021 6:53:25 AM,False,1266,Accepted
28194628,0810100,MAYSVILLE POLICE DEPARTMENT,Accepted,MASON,US0068,,CLYDE T BARBOUR,PKWY,,,,,,,,38.684711438,-83.781423616,18.372,5/30/2021 12:00:00 AM,1420.0,2,2,0,0,CLOUDY,DRY,False,SIDESWIPE COLLISION - OPPOSITE DIRECTION,SIDESWIPE-OPPOSITE DIRECTION,STRAIGHT & LEVEL,DAYLIGHT,,,5/30/2021 5:44:28 PM,False,181,Accepted
28302077,0470100,ELIZABETHTOWN POLICE DEPT.,Accepted,HARDIN,US0031W,,DIXIE,AVE,N,,,,TOWNE CTR ENTRANCE,KY3005,RING,37.729430903,-85.884813319,19.574,5/29/2021 12:00:00 AM,1712.0,3,3,0,0,CLEAR,DRY,False,OTHER ROADWAY OR MID-BLOCK COLLISION,REAR END,STRAIGHT & LEVEL,DAYLIGHT,,,6/27/2021 3:26:28 PM,False,0138,Accepted
28301979,0470100,ELIZABETHTOWN POLICE DEPT.,Accepted,HARDIN,US0031W,,DIXIE,AVE,N,KY3005,RING,,,,,37.728285646,-85.883993359,19.477,5/29/2021 12:00:00 AM,2240.0,2,2,0,1,CLEAR,DRY,False,OTHER INTERSECTION COLLISIONS,REAR END,STRAIGHT & LEVEL,DARK-HWY LIGHTED/ON,,,6/27/2021 3:12:40 PM,False,0134,Accepted
28207644,KSP0300,KY STATE POLICE POST 03,Accepted,WARREN,I 0065,,I65 S,,,,,,,,,36.931650582,-86.420014669,22.133,5/28/2021 12:00:00 AM,1125.0,5,5,0,3,RAINING,WET,False,REAR END IN TRAFFIC LANES BOTH VEHICLES MOVING,REAR END,STRAIGHT & LEVEL,DAYLIGHT,,,6/2/2021 3:39:28 PM,False,807,Accepted
28202490,KSP1100,KY STATE POLICE POST 11,Accepted,LAUREL,I 0075,,I75 N,,,,,,,,,36.991970412,-84.107959264,29.924,5/28/2021 12:00:00 AM,805.0,2,2,0,0,RAINING,FLOODED,False,REAR END IN TRAFFIC LANES BOTH VEHICLES MOVING,REAR END,STRAIGHT & GRADE,DAYLIGHT,,,6/1/2021 2:26:29 PM,False,376,Accepted
28200196,KSP0300,KY STATE POLICE POST 03,Accepted,WARREN,I 0065,,I65 S,,,,,,,,,36.980224838,-86.389783728,25.872,5/28/2021 12:00:00 AM,1249.0,2,2,0,0,RAINING,WET,False,OTHER ROADWAY OR MID-BLOCK COLLISION,REAR END,STRAIGHT & LEVEL,DAYLIGHT,,,6/1/2021 7:42:36 AM,True,986,Accepted
28198604,KSP0400,KY STATE POLICE POST 04,Accepted,HARDIN,I 0065,,I65 S,,,,,,,,,37.809655651,-85.742746193,102.99,5/28/2021 12:00:00 AM,1544.0,2,2,0,0,CLOUDY,DRY,True,SIDESWIPE COLLISION - SAME DIRECTION,SIDESWIPE-SAME DIRECTION,STRAIGHT & LEVEL,DAYLIGHT,,,5/31/2021 10:16:27 PM,False,434,Accepted
28196673,0590100,COVINGTON POLICE DEPARTMENT,Accepted,KENTON,I 0075,,I75 N,,,,,,,,,39.074117964,-84.518808835,190.325,5/28/2021 12:00:00 AM,1128.0,2,2,0,0,RAINING,WET,False,SIDESWIPE COLLISION - SAME DIRECTION,SIDESWIPE-SAME DIRECTION,STRAIGHT & LEVEL,DAYLIGHT,,,5/31/2021 9:26:43 AM,False,0254,Accepted
28186210,1140000,WARREN COUNTY SHERIFF DEPT.,Accepted,WARREN,I 0065,,I65 N,,,,,,,,,36.937336012,-86.416325242,22.587,5/27/2021 12:00:00 AM,643.0,2,2,0,0,FOG,DRY,False,SIDESWIPE COLLISION - SAME DIRECTION,SIDESWIPE-SAME DIRECTION,STRAIGHT & LEVEL,DAWN,,,5/28/2021 1:38:23 AM,False,431,Accepted
28198608,KSP0400,KY STATE POLICE POST 04,Accepted,HARDIN,I 0065,,I65 S,,,,,,,,,37.812039124,-85.740320976,103.193,5/27/2021 12:00:00 AM,1125.0,2,2,0,0,CLEAR,DRY,False,SIDESWIPE COLLISION - SAME DIRECTION,SIDESWIPE-SAME DIRECTION,STRAIGHT & LEVEL,DAYLIGHT,,,5/31/2021 10:16:44 PM,False,351,Accepted
28362322,0150200,LEBANON JUNCTION POLICE DEPT.,Accepted,BULLITT,I 0065,,I65 N,,,,,,,,,37.823173222,-85.727066707,104.254,5/27/2021 12:00:00 AM,2329.0,1,1,0,0,CLOUDY,DRY,False,OTHER ROADWAY OR MID-BLOCK COLLISION,SINGLE VEHICLE,STRAIGHT & LEVEL,DARK-HWY NOT LIGHTED,,,7/13/2021 8:57:47 AM,False,602,Accepted
28662036,0470000,HARDIN COUNTY SHERIFF DEPT.,Accepted,HARDIN,I 0065,,I65 N,,,,,,,,,37.797109877,-85.752125548,101.93,5/27/2021 12:00:00 AM,1250.0,2,2,0,0,CLEAR,DRY,True,OTHER COLLISIONS ON SHOULDER,SIDESWIPE-SAME DIRECTION,CURVE & GRADE,DAYLIGHT,,,9/15/2021 12:29:17 PM,False,965,Accepted
28200192,KSP0300,KY STATE POLICE POST 03,Accepted,WARREN,I 0065,,I65 N,,,,,,,,,36.91917446,-86.426930036,21.202,5/27/2021 12:00:00 AM,707.0,2,2,0,0,FOG,DRY,False,REAR END IN TRAFFIC LANES BOTH VEHICLES MOVING,REAR END,STRAIGHT & LEVEL,DAYLIGHT,,,6/1/2021 7:42:31 AM,False,986,Accepted
28187212,0810100,MAYSVILLE POLICE DEPARTMENT,Accepted,MASON,KY2516,,4TH,ST,E,,,,,,,38.645768836,-83.765645054,0.929,5/27/2021 12:00:00 AM,1438.0,2,2,0,0,CLEAR,DRY,False,1 VEHICLE PARKED POSITION (NOT PARKING LOT/DRIVEWAY),BACKING,STRAIGHT & LEVEL,DAYLIGHT,,,5/28/2021 7:59:54 AM,False,187,Accepted
28238338,KSP0400,KY STATE POLICE POST 04,Accepted,HARDIN,I 0065,,I65 S,,,,,,,,,37.811369732,-85.74104579,103.133,5/27/2021 12:00:00 AM,1125.0,3,3,0,1,CLEAR,DRY,False,REAR END IN TRAFFIC LANES BOTH VEHICLES MOVING,REAR END,STRAIGHT & LEVEL,DAYLIGHT,,,6/10/2021 9:29:55 AM,True,351,Accepted
28238339,KSP0400,KY STATE POLICE POST 04,Accepted,HARDIN,I 0065,,I65 S,,,,,,,,,37.812784185,-85.739547983,103.26,5/27/2021 12:00:00 AM,1125.0,3,3,0,0,CLEAR,DRY,False,REAR END IN TRAFFIC LANES BOTH VEHICLES MOVING,REAR END,STRAIGHT & LEVEL,DAYLIGHT,,,6/10/2021 9:30:04 AM,True,351,Accepted
28184562,0020100,SCOTTSVILLE POLICE DEPARTMENT,Accepted,ALLEN,US0031E,,NEW GALLATIN,RD,,,,,,,,36.745193282,-86.21608704,7.814,5/27/2021 12:00:00 AM,811.0,2,2,0,0,CLEAR,DRY,False,REAR END IN TRAFFIC LANES BOTH VEHICLES MOVING,REAR END,STRAIGHT & LEVEL,DAYLIGHT,,,5/27/2021 4:15:38 PM,False,07923,Accepted
28222253,0270000,CLINTON COUNTY SHERIFF DEPT.,Accepted,CLINTON,KY0090,,KY90,,,,,,,,,36.755582548,-85.065083157,9.503,5/26/2021 12:00:00 AM,958.0,2,2,0,0,CLEAR,DRY,False,REAR END IN TRAFFIC LANES BOTH VEHICLES MOVING,REAR END,STRAIGHT & GRADE,DAYLIGHT,,,6/6/2021 1:20:09 PM,False,1255,Accepted
28205648,1200100,VERSAILLES POLICE DEPARTMENT,Accepted,WOODFORD,US0060,US60,US60,BYP,,,,,BIG SINK,,KUHLMAN,38.058917714,-84.722210724,8.718,5/26/2021 12:00:00 AM,1715.0,2,2,0,0,RAINING,WET,False,REAR END IN TRAFFIC LANES BOTH VEHICLES MOVING,REAR END,STRAIGHT & LEVEL,DAYLIGHT,,,6/2/2021 7:55:13 AM,False,105,Accepted
28182943,0568000,LOUISVILLE METRO POLICE DEPT,Accepted,JEFFERSON,I 0071,,I71 N,,,,,,,,,38.319143938,-85.566276345,10.003,5/26/2021 12:00:00 AM,1234.0,1,1,0,1,RAINING,WET,False,OTHER ROADWAY OR MID-BLOCK COLLISION,SINGLE VEHICLE,STRAIGHT & LEVEL,DAYLIGHT,,,5/27/2021 8:52:24 AM,False,7751,Accepted
28196710,0370200,KY STATE POLICE CVE,Accepted,MARSHALL,I 0024,,I24 E,,,,,,,,,36.996734751,-88.330284199,26.04,5/26/2021 12:00:00 AM,940.0,2,2,0,0,RAINING,WET,False,SIDESWIPE COLLISION - SAME DIRECTION,SIDESWIPE-SAME DIRECTION,CURVE & LEVEL,DAYLIGHT,,,5/31/2021 10:02:16 AM,False,C-328,Accepted
28301819,0470100,ELIZABETHTOWN POLICE DEPT.,Accepted,HARDIN,US0031W,,DIXIE,AVE,N,,VETERANS,,,,,37.741124892,-85.890356959,20.421,5/26/2021 12:00:00 AM,833.0,2,2,0,1,CLOUDY,DRY,False,SIDESWIPE-SAME DIRECTION,SIDESWIPE-SAME DIRECTION,STRAIGHT & LEVEL,DAYLIGHT,,,6/27/2021 2:43:29 PM,False,0111,Accepted
28180554,0340200,LEXINGTON POLICE DEPARTMENT,Accepted,FAYETTE,US0025,,GEORGETOWN,RD,,,,,MERCER,KY0004,KY4 EXIT8 RAMP FROM US25,38.075850479,-84.506419547,16.248,5/25/2021 12:00:00 AM,1005.0,2,2,0,0,CLEAR,DRY,False,SIDESWIPE COLLISION - SAME DIRECTION,SIDESWIPE-SAME DIRECTION,STRAIGHT & GRADE,DAYLIGHT,,,5/26/2021 6:09:15 PM,False,22512,Accepted
28178073,0568000,LOUISVILLE METRO POLICE DEPT,Accepted,JEFFERSON,I 0265,,I265 E,,,,,,,,,38.205278508,-85.507136405,24.272,5/25/2021 12:00:00 AM,849.0,3,3,0,0,CLEAR,DRY,False,OTHER ROADWAY OR MID-BLOCK COLLISION,REAR END,STRAIGHT & GRADE,DAYLIGHT,,,5/26/2021 8:22:41 AM,False,4903,Accepted
28238737,0970000,PERRY COUNTY SHERIFF,Accepted,PERRY,KY0007,,KY7,,,,,,,,,37.177386785,-83.102789579,6.497,5/25/2021 12:00:00 AM,1645.0,3,3,0,1,CLEAR,DRY,False,OTHER ROADWAY OR MID-BLOCK COLLISION,REAR END,STRAIGHT & LEVEL,DAYLIGHT,,,6/10/2021 11:08:47 AM,False,505,Accepted
28178470,1060000,SHELBY COUNTY SHERIFF DEPT.,Accepted,SHELBY,,,GREENLAND PARK,CIR,,,,,,,,38.191656841,-85.211212692,0.001,5/25/2021 12:00:00 AM,753.0,2,2,0,0,CLEAR,DRY,False,REAR END IN TRAFFIC LANES BOTH VEHICLES MOVING,REAR END,STRAIGHT & LEVEL,DAYLIGHT,,,5/26/2021 10:12:38 AM,False,28,Accepted
28178091,0568000,LOUISVILLE METRO POLICE DEPT,Accepted,JEFFERSON,US0031E,,BUECHEL,BYP,,,,,BUECHEL BANK,,PLAZA,38.190905358,-85.65016581,10.171,5/25/2021 12:00:00 AM,1714.0,3,3,0,1,CLEAR,DRY,False,REAR END IN TRAFFIC LANES BOTH VEHICLES MOVING,REAR END,STRAIGHT & LEVEL,DAYLIGHT,,,5/26/2021 8:23:47 AM,False,5288,Accepted
28230530,0700000,LIVINGSTON COUNTY SHERIFF DEPT,Accepted,LIVINGSTON,US0062,728,US62,,,,,,,,,37.029552008,-88.232429359,2.583,5/24/2021 12:00:00 AM,1739.0,2,2,0,0,CLEAR,DRY,False,COLLISION IN PARKING LOT,BACKING,STRAIGHT & LEVEL,DAYLIGHT,,,6/8/2021 12:51:27 PM,False,15,Accepted
28188514,0470100,ELIZABETHTOWN POLICE DEPT.,Accepted,HARDIN,US0031W,,DIXIE,AVE,N,,,US0031W,DIXIE,,NALLS,37.728385007,-85.884038567,19.473,5/24/2021 12:00:00 AM,1815.0,2,2,0,0,CLEAR,DRY,False,1 VEHICLE ENTERING/LEAVING ENTRANCE,ANGLE,STRAIGHT & LEVEL,DAYLIGHT,,,5/28/2021 2:02:56 PM,False,0133,Accepted
28178287,0540100,MADISONVILLE POLICE DEPT.,Accepted,HOPKINS,US0041,,MAIN,ST,N,KY0281,KY281 TURN LANE,,,,,37.349450245,-87.498338182,17.601,5/24/2021 12:00:00 AM,923.0,2,2,0,0,CLEAR,DRY,False,OTHER INTERSECTION COLLISIONS,REAR END,CURVE & GRADE,DAYLIGHT,,,5/26/2021 9:19:48 AM,False,66,Accepted
28171071,KSP0300,KY STATE POLICE POST 03,Accepted,WARREN,I 0065,,I65 N EXIT20 PASS THROUGH,,,,,,,,,36.909550729,-86.432165465,0.311,5/24/2021 12:00:00 AM,1030.0,1,1,0,0,CLEAR,DRY,False,RAN OFF ROADWAY (1 VEHICLE WITH/EARTH EMBANKMENT/DITCH),SINGLE VEHICLE,STRAIGHT & LEVEL,DAYLIGHT,,,5/24/2021 7:50:41 PM,False,957,Accepted
28180259,KSP0300,KY STATE POLICE POST 03,Accepted,WARREN,I 0065,,I65 S,,,,,,,,,36.897048768,-86.438880152,19.538,5/23/2021 12:00:00 AM,1044.0,1,1,0,0,CLEAR,DRY,False,COLLISION WITH FIXED OBJECT NON - INTERSECTION - FIRST EVENT COLLISION 09 - 32 EXCLUDING 16,SINGLE VEHICLE,STRAIGHT & LEVEL,DAYLIGHT,,,5/26/2021 5:05:02 PM,False,585,Accepted
28180262,KSP0300,KY STATE POLICE POST 03,Accepted,WARREN,I 0065,,I65 S,,,,,,,,,36.939885697,-86.415189639,22.76,5/23/2021 12:00:00 AM,704.0,2,2,0,0,CLOUDY,DRY,False,REAR END IN TRAFFIC LANES BOTH VEHICLES MOVING,REAR END,STRAIGHT & LEVEL,DAYLIGHT,,,5/26/2021 5:05:13 PM,False,446,Accepted
28226212,0630100,LONDON POLICE DEPARTMENT,Accepted,LAUREL,I 0075,,I75 N,,,,,,,,,37.140978489,-84.110022875,40.325,5/23/2021 12:00:00 AM,1330.0,3,3,0,0,CLEAR,DRY,False,REAR END IN TRAFFIC LANES BOTH VEHICLES MOVING,REAR END,STRAIGHT & LEVEL,DAYLIGHT,,,6/7/2021 12:51:16 PM,False,3173,Accepted
28175498,0150000,BULLITT COUNTY SHERIFF DEPT.,Accepted,BULLITT,I 0065,,I65 N,,,,,,,,,37.815879293,-85.73617318,103.543,5/23/2021 12:00:00 AM,1326.0,2,2,0,0,CLEAR,DRY,False,REAR END IN TRAFFIC LANES BOTH VEHICLES MOVING,REAR END,STRAIGHT & LEVEL,DAYLIGHT,,,5/25/2021 4:54:37 PM,False,1014,Accepted
28176812,0190200,CAMPBELL COUNTY POLICE DEPT.,Accepted,CAMPBELL,US0027,,ALEXANDRIA,PIKE,,,,,CONSTABLE,,HERITAGE,38.94566948,-84.393974533,9.167,5/23/2021 12:00:00 AM,1219.0,2,2,0,0,CLEAR,DRY,False,REAR END IN TRAFFIC LANES BOTH VEHICLES MOVING,REAR END,STRAIGHT & LEVEL,DAYLIGHT,,,5/25/2021 11:19:37 PM,False,25,Accepted
28168063,0590100,COVINGTON POLICE DEPARTMENT,Accepted,KENTON,I 0075,,I75 N,,,,,,,,,39.074119338,-84.518701089,190.324,5/22/2021 12:00:00 AM,1625.0,2,2,0,0,CLEAR,DRY,False,REAR END IN TRAFFIC LANES BOTH VEHICLES MOVING,REAR END,CURVE & GRADE,DAYLIGHT,,,5/24/2021 9:34:31 AM,False,0310,Accepted
28166336,0190200,CAMPBELL COUNTY POLICE DEPT.,Accepted,CAMPBELL,US0027,,ALEXANDRIA,PIKE,,,,KY0010,MAIN,,SPILMAN,38.957028645,-84.392987448,10.003,5/22/2021 12:00:00 AM,1030.0,2,2,0,0,CLEAR,DRY,False,OTHER ROADWAY OR MID-BLOCK COLLISION,REAR END,STRAIGHT & LEVEL,DAYLIGHT,,,5/24/2021 1:01:58 AM,False,7,Accepted
28161946,KSP0400,KY STATE POLICE POST 04,Accepted,HARDIN,KY0220,,RINEYVILLE BIG SPRINGS,RD,,,,,,,,37.767291171,-85.927040589,15.903,5/21/2021 12:00:00 AM,848.0,2,2,0,0,CLEAR,DRY,False,REAR END IN TRAFFIC LANES BOTH VEHICLES MOVING,REAR END,STRAIGHT & HILLCREST,DAYLIGHT,,,5/22/2021 10:09:16 AM,False,351,Accepted
28171008,KSP0300,KY STATE POLICE POST 03,Accepted,WARREN,I 0065,,I65 N,,,,,,,,,36.940877824,-86.41429013,22.856,5/21/2021 12:00:00 AM,1130.0,2,2,0,0,CLEAR,DRY,False,REAR END IN TRAFFIC LANES BOTH VEHICLES MOVING,REAR END,STRAIGHT & LEVEL,DAYLIGHT,,,5/24/2021 7:44:19 PM,False,957,Accepted
28167988,0568000,LOUISVILLE METRO POLICE DEPT,Accepted,JEFFERSON,US0150,,BROADWAY,,E,KY0864,CAMPBELL,,,,,38.244610528,-85.737483882,3.458,5/21/2021 12:00:00 AM,1934.0,2,2,0,1,CLEAR,DRY,False,ANGLE COLLISION - OTHER,ANGLE,STRAIGHT & LEVEL,DAYLIGHT,,,5/24/2021 9:29:36 AM,False,5331,Accepted
28165483,0540100,MADISONVILLE POLICE DEPT.,Accepted,HOPKINS,US0041A,,NEBO,RD,,,BRIARWOOD,,,,,37.347894411,-87.500410099,0.12,5/21/2021 12:00:00 AM,1149.0,2,2,0,0,CLEAR,DRY,False,ANGLE COLLISION - OTHER,ANGLE,STRAIGHT & GRADE,DAYLIGHT,,,5/23/2021 6:34:21 PM,False,31,Accepted
28188166,0970100,HAZARD POLICE DEPARTMENT,Accepted,PERRY,,,GORMAN HOLLOW,RD,,,,,,,,37.243102476,-83.199579592,0.129,5/21/2021 12:00:00 AM,1249.0,2,2,0,0,CLEAR,DRY,False,SIDESWIPE COLLISION - OPPOSITE DIRECTION,SIDESWIPE-OPPOSITE DIRECTION,STRAIGHT & HILLCREST,DAYLIGHT,,,5/28/2021 11:50:44 AM,False,409,Accepted
28161947,KSP0400,KY STATE POLICE POST 04,Accepted,HARDIN,I 0065,,I65 S,,,,,,,,,37.803302451,-85.74826928,102.449,5/21/2021 12:00:00 AM,1043.0,2,2,0,0,CLEAR,DRY,False,SIDESWIPE COLLISION - SAME DIRECTION,SIDESWIPE-SAME DIRECTION,STRAIGHT & LEVEL,DAYLIGHT,,,5/22/2021 10:09:26 AM,False,351,Accepted
28167616,0590100,COVINGTON POLICE DEPARTMENT,Accepted,KENTON,I 0075,,I75 N,,,,,,,,,39.084777235,-84.52263251,191.117,5/21/2021 12:00:00 AM,1024.0,2,2,0,0,CLEAR,DRY,False,SIDESWIPE COLLISION - SAME DIRECTION,SIDESWIPE-SAME DIRECTION,STRAIGHT & LEVEL,DAYLIGHT,,,5/24/2021 8:31:53 AM,False,0254,Accepted
28157639,0590100,COVINGTON POLICE DEPARTMENT,Accepted,KENTON,I 0075,,I75 N,,,,,,,,,39.083783973,-84.522494076,191.047,5/20/2021 12:00:00 AM,1301.0,2,2,0,0,CLEAR,DRY,False,SIDESWIPE COLLISION - SAME DIRECTION,SIDESWIPE-SAME DIRECTION,STRAIGHT & LEVEL,DAYLIGHT,,,5/21/2021 7:24:16 AM,False,0254,Accepted
28157873,0191200,WILDER POLICE DEPARTMENT,Accepted,CAMPBELL,,,LICKING,PIKE,,,,,,,,39.065855014,-84.486960537,,5/20/2021 12:00:00 AM,1636.0,2,2,0,0,CLEAR,DRY,False,SIDESWIPE COLLISION - SAME DIRECTION,SIDESWIPE-SAME DIRECTION,CURVE & LEVEL,DAYLIGHT,,,5/21/2021 8:40:03 AM,False,1208,Accepted
28159772,0080000,BOONE COUNTY SHERIFF DEPT.,Accepted,BOONE,KY0338,,RICHWOOD,RD,,,,,ARBOR RUN,,RICHWOOD CHURCH,38.899114938,-84.653656991,2.229,5/20/2021 12:00:00 AM,1735.0,2,2,0,0,CLEAR,DRY,False,VEHICLE BACKING NON INTERSECTION,BACKING,CURVE & LEVEL,DAYLIGHT,,,5/21/2021 5:47:48 PM,False,3713,Accepted
28362314,0150200,LEBANON JUNCTION POLICE DEPT.,Accepted,BULLITT,I 0065,,I65 S,,,,,,,,,37.827446853,-85.721567244,104.655,5/20/2021 12:00:00 AM,1802.0,2,2,0,0,CLEAR,DRY,False,REAR END IN TRAFFIC LANES BOTH VEHICLES MOVING,REAR END,CURVE & GRADE,DAYLIGHT,,,7/13/2021 8:57:30 AM,False,602,Accepted
28222308,0370200,KY STATE POLICE CVE,Accepted,BULLITT,I 0065,,I65 S,,,,,,,,,37.81509667,-85.737251234,103.46,5/20/2021 12:00:00 AM,1701.0,2,2,0,0,CLEAR,DRY,True,REAR END IN TRAFFIC LANES BOTH VEHICLES MOVING,REAR END,STRAIGHT & HILLCREST,DAYLIGHT,,,6/6/2021 1:36:39 PM,False,C-358,Accepted